id,GEOID,borough,commute_midtown_manhattan,commute_downtown_manhattan,commute_downtown_brooklyn
"53-Leroy-St,-Unit-1,-New-York,-NY-10014",36061006700,Manhattan,18.65798652434556,17.61648709967558,22.58315376634225
"52-Barrow-St,-Unit-L,-New-York,-NY-10014",36061007300,Manhattan,17.33531497351557,18.74701130762217,23.713677974288835
"888-Eighth-Ave-Unit-L,-New-York,-NY-10019",36061013100,Manhattan,13.457404635554404,28.30874838129586,32.740737968887736
"200-E-71st-St,-Unit-B,-New-York,-NY-10021",36061012602,Manhattan,18.5162551627353,27.76633892206275,33.73300558872942
"405-E-56th-St,-Unit-O,-New-York,-NY-10022",36061010601,Manhattan,18.368582297064865,32.18524896373153,38.1519156303982
"240-E-10th-St,-Apt-3C,-New-York,-NY-10003",36061004001,Manhattan,24.60883137934619,23.92549804601285,28.522893258468343
"222-E-39th-St,-Unit-25,-New-York,-NY-10016",36061007800,Manhattan,15.076841823422887,23.84783697704916,30.31450364371583
"53-Park-Pl,-Unit-A,-New-York,-NY-10007",36061002100,Manhattan,19.872319108825717,9.896266424817274,15.24722248447716
"235-W-22nd-2y-St,-Unit-Ev,-New-York,-NY-10011",36061009100,Manhattan,13.193667470646393,21.51033413731306,26.477000803979724
"50-Murray-St,-Apt-2101,-New-York,-NY-10007",36061002100,Manhattan,20.02178693632584,9.451920770028634,14.404561344232484
"888-Eighth-Ave-Unit-U,-New-York,-NY-10019",36061013100,Manhattan,13.457404635554404,28.30874838129586,32.740737968887736
"26-Grove-4a-St,-Unit-Ev,-New-York,-NY-10014",36061007300,Manhattan,17.574534906595918,18.62927356376787,23.59594023043454
"405-E-56th-St,-Unit-9,-New-York,-NY-10022",36061010601,Manhattan,18.368582297064865,32.18524896373153,38.1519156303982
"50-Murray-St,-Unit-8L,-New-York,-NY-10007",36061002100,Manhattan,20.00995178592927,9.458976924604087,14.386911576137894
"338-E-70th-St,-Unit-B,-New-York,-NY-10021",36061012601,Manhattan,19.287258672770022,32.93210191293007,38.89876857959674
"137-E-38th-St,-Ph-D,-New-York,-NY-10016",36061008000,Manhattan,13.88604974910392,22.147163143253543,28.61382980992021
"162-W-80th-St,-Unit-G,-New-York,-NY-10024",36061016500,Manhattan,19.47821646741703,32.7948831340837,35.761549800750366
"305-W-13th-St,-Unit-N,-New-York,-NY-10014",36061007700,Manhattan,16.630505868186493,19.44717253485316,24.943581628415053
"50-Murray-St,-Unit-811A,-New-York,-NY-10007",36061002100,Manhattan,19.689968727619664,9.775340645881814,14.627267850927495
"248-Mott-St,-Unit-4A,-New-York,-NY-10012",36061004300,Manhattan,18.044022497930637,17.174347480635674,22.327355831263965
"234-W-14th-St,-Unit-C,-New-York,-NY-10011",36061007700,Manhattan,15.366289437843983,19.6048248192589,22.14962277117732
"307-Mott-1c-St,-Unit-Ev,-New-York,-NY-10012",36061005502,Manhattan,16.72078315607611,16.23616234628979,21.004116489409444
"104-E-37th-St,-Apt-3A,-New-York,-NY-10016",36061008000,Manhattan,13.875258747575709,23.63237368298549,30.09904034965216
"50-Murray-St,-Unit-1015A,-New-York,-NY-10007",36061002100,Manhattan,19.689968727619664,9.775340645881814,14.627267850927495
"401-E-58th-St,-Apt-A12,-New-York,-NY-10022",36061010601,Manhattan,19.24808268254375,31.00391162536648,37.470578292033146
"236-E-36th-St,-Apt-5G,-New-York,-NY-10016",36061007800,Manhattan,18.511849415467704,27.059152081462184,33.52581874812885
"521-E-5th-St,-Apt-1B,-New-York,-NY-10009",36061003200,Manhattan,29.24698429562534,26.301770029763013,26.030317628958677
"26-E-91st-St,-Unit-D,-New-York,-NY-10128",36061015002,Manhattan,29.906702681883942,35.010867079661274,40.97753374632794
"888-Eighth-Ave-Unit-S,-New-York,-NY-10019",36061013100,Manhattan,13.457404635554404,28.30874838129586,32.740737968887736
"246-Mott-St,-Apt-3,-New-York,-NY-10012",36061004300,Manhattan,18.12803917683655,17.081412338790297,22.411372510169883
"50-Murray-St,-Apt-1810,-New-York,-NY-10007",36061002100,Manhattan,19.57587805451264,10.00672869597971,15.075914627217138
"323-E-78th-St,-Apt-2C,-New-York,-NY-10075",36061013400,Manhattan,23.35409328350812,33.84061436454822,39.80728103121489
"342-E-55th-St,-Apt-7D,-New-York,-NY-10022",36061010801,Manhattan,15.491135144236852,29.30780181090352,35.27446847757019
"166-2nd-Ave,-Unit-9KK,-New-York,-NY-10003",36061004001,Manhattan,22.76960586898141,21.724032289982127,27.552939202314747
"340-E-61st-St,-Unit-1BB,-New-York,-NY-10065",36061011000,Manhattan,21.2352547986672,29.86839755328846,36.33506421995513
"151-Mott-St,-Unit-R,-New-York,-NY-10013",36061004100,Manhattan,20.72786370428523,15.349006750297509,22.30575060234779
"29-7th-Ave-S,-Apt-4A,-New-York,-NY-10014",36061006700,Manhattan,17.2724202498867,18.575188047395773,23.54185471406244
"26-E-91st-4c-St,-Unit-Ev,-New-York,-NY-10128",36061015002,Manhattan,29.906702681883942,35.010867079661274,40.97753374632794
"54-E-4th-St,-Apt-2,-New-York,-NY-10003",36061003800,Manhattan,21.593755023201297,20.0521253495164,22.90498530958562
"323-W-96th-St,-Ph-11,-New-York,-NY-10025",36061018300,Manhattan,22.93705858632892,34.25372525299558,36.22039191966225
"888-Eighth-Ave,-Unit-4,-New-York,-NY-10019",36061013100,Manhattan,13.457404635554404,28.30874838129586,32.740737968887736
"888-Eighth-Ave,-Unit-B7,-New-York,-NY-10019",36061013100,Manhattan,13.514448473470264,28.362643603854668,32.7977818068036
"888-Eighth-Ave-Unit-N,-New-York,-NY-10019",36061013100,Manhattan,13.582366669912115,28.4644034726881,32.86570000324545
"151-E-71st-St,-Unit-EV34,-New-York,-NY-10021",36061012800,Manhattan,20.66280765682516,27.47023146860068,33.43689813526735
"151-W-16th-St,-Unit-D,-New-York,-NY-10011",36061008100,Manhattan,13.10257591151734,20.08011725044848,23.89586424679089
"140-E-46th-St,-Unit-K,-New-York,-NY-10017",36061009200,Manhattan,13.839475621525464,21.93607017149814,28.40273683816481
"310-Greenwich-St,-Unit-J,-New-York,-NY-10013",36061003900,Manhattan,22.004345729270455,15.321012395937124,19.28767906260379
"58-W-8th-St,-Apt-4F,-New-York,-NY-10011",36061006300,Manhattan,13.78890616763212,16.605572834298787,23.07223950096545
"50-Murray-St,-Unit-808A,-New-York,-NY-10007",36061002100,Manhattan,19.689968727619664,9.775340645881814,14.627267850927495
"50-Murray-St,-Unit-16,-New-York,-NY-10007",36061002100,Manhattan,20.00995178592927,9.458976924604087,14.386911576137894
"121-Madison-Ave-Unit-L,-New-York,-NY-10016",36061007400,Manhattan,14.50607785371296,21.443662458961168,27.910329125627836
"318-E-89th-St,-Unit-E,-New-York,-NY-10128",36061014602,Manhattan,21.01715354710784,35.40493208836582,41.37159875503248
"50-Murray-St,-Unit-425A,-New-York,-NY-10007",36061002100,Manhattan,19.687885436869227,9.777167113082417,14.62753764988275
"50-Murray-St,-Apt-1213,-New-York,-NY-10007",36061002100,Manhattan,19.57587805451264,10.00672869597971,15.075914627217138
"401-E-88th-3c-St,-Unit-Ev,-New-York,-NY-10128",36061014402,Manhattan,22.37827107578824,37.19493774245491,43.494563235772254
"145-Fourth-Ave,-Unit-10GH,-New-York,-NY-10003",36061004200,Manhattan,16.623876528293593,13.357209861626927,19.823876528293592
"255-W-12th-St,-Unit-W,-New-York,-NY-10014",36061007700,Manhattan,16.051248758752433,20.367915425419092,22.834582092085764
"50-Murray-St,-Unit-1719A,-New-York,-NY-10007",36061002100,Manhattan,19.689968727619664,9.775340645881814,14.627267850927495
"405-W-49th-St,-Unit-3EE,-New-York,-NY-10019",36061012700,Manhattan,17.950712770726103,30.592650956094,37.23404610405943
"25-W-68th-1a-St,-Unit-Ev,-New-York,-NY-10023",36061015301,Manhattan,17.74857617944262,34.065242846109285,37.031909512775954
"350-W-21st-St,-Unit-G,-New-York,-NY-10011",36061008900,Manhattan,19.41794045614103,23.321722943447813,30.78838961011448
"42-Ave-B,-Units-6-&-3R,-New-York,-NY-10009",36061003200,Manhattan,27.822388237937208,24.139054904603874,25.76657518473134
"184-Lexington-Ave,-Unit-2BB,-New-York,-NY-10016",36061007200,Manhattan,18.049409645400488,21.242803525031324,27.709470191697992
"322-W-14th-St,-Unit-4BB,-New-York,-NY-10014",36061007700,Manhattan,16.720640208017677,19.537306874684344,25.573424316272952
"344-E-55th-St,-Apt-4B,-New-York,-NY-10022",36061010801,Manhattan,15.602074884221484,29.41874155088815,35.38540821755482
"13-25-Astor-Pl,-Unit-4FF,-New-York,-NY-10003",36061005700,Manhattan,17.37805929929095,16.194725965957616,21.66139263262428
"322-W-14th-St,-Unit-3BB,-New-York,-NY-10014",36061007700,Manhattan,16.720640208017677,19.537306874684344,25.573424316272952
"195-Stanton-St,-New-York,-NY-10002",36061002201,Manhattan,23.621124329346337,19.937790996013003,22.094521845155217
"354-E-78th-St,-Apt-4A,-New-York,-NY-10075",36061013400,Manhattan,23.30132477543964,34.77328962051247,40.73995628717913
"256-W-108th-St,-Unit-5W190,-New-York,-NY-10025",36061019500,Manhattan,24.86529240390895,38.181959070575616,41.14862573724228
"145-4th-Ave,-Unit-17AA,-New-York,-NY-10003",36061004200,Manhattan,16.623876528293593,13.357209861626927,19.823876528293592
"115-Lexington-Ave,-Unit-6,-New-York,-NY-10016",36061006800,Manhattan,20.566699116147426,20.125877796399266,26.592544463065927
"222-E-12th-St,-Unit-5CC,-New-York,-NY-10003",36061004002,Manhattan,20.53993626198866,18.96375694906813,25.323269595322
"1377-Lexington-Ave,-Unit-5CC,-New-York,-NY-10128",36061014802,Manhattan,25.29484579797321,32.88265064739804,38.84931731406471
"27-02-43rd-Ave,-Unit-27X,-Queens,-NY-11101",36081001902,Queens,18.13962855980572,33.2753151091393,37.525202069627454
"33-04-Junction-Blvd,-Apt-4W,-Queens,-NY-11372",36081027302,Queens,38.33785026572264,55.654516932389306,60.88017516297229
"84-19-51st-Ave,-Apt-2K,-Queens,-NY-11373",36081048500,Queens,30.39101660808421,44.707683274750885,52.174349941417546
"410-Tompkins-Ave,-Unit-5A,-Brooklyn,-NY-11216",36047026700,Brooklyn,46.71212973069925,30.52879639736592,24.396986568074176
"8-Vanderbilt-Ave,-Brooklyn,-NY-11205",36047021100,Brooklyn,44.8445157345366,35.3445157345366,27.811182401203272
"115-Greenpoint-Ave,-Apt-A3,-Brooklyn,-NY-11222",36047056500,Brooklyn,25.91819812393318,38.23486479059985,32.20153145726651
"150-Remsen-St,-Unit-EV66,-Brooklyn,-NY-11201",36047000502,Brooklyn,31.67474010012166,13.693053936472682,5.159720603139348
"107-Columbia-6f-Hts,-Unit-Ev,-Brooklyn,-NY-11201",36047000100,Brooklyn,30.01652645434105,14.33319312100772,9.299859787674386
"161-Saint-Marks-Ave,-Unit-EV1,-Brooklyn,-NY-11238",36047016300,Brooklyn,35.61281110371882,25.024345148779897,16.396144437052154
"80-Cranberry-St,-Unit-EV6L,-Brooklyn,-NY-11201",36047000100,Brooklyn,29.05066814788164,13.367334814548306,8.334001481214973
"85-Commercial-St,-Unit-29N,-Brooklyn,-NY-11222",36047056302,Brooklyn,24.59561728638085,35.91228395304752,41.76344945474258
"138-71st-St,-Apt-C4,-Brooklyn,-NY-11209",36047003600,Brooklyn,55.43731061374426,42.75397728041093,36.2206439470776
"527-Monroe-St,-Unit-1C,-Brooklyn,-NY-11221",36047029300,Brooklyn,48.2933172492818,39.66261917215085,32.409733605710784
"210-Lewis-Ave,-Unit-2R,-Brooklyn,-NY-11221",36047027900,Brooklyn,44.97915621044449,39.79582287711116,34.98241711798437
"107-Columbia-10a-Hts,-Unit-Ev,-Brooklyn,-NY-11201",36047000100,Brooklyn,30.01652645434105,14.33319312100772,9.299859787674386
"340-E-55th-St,-Apt-5B,-New-York,-NY-10022",36061010801,Manhattan,15.370928792523962,29.18759545919063,35.154262125857294
"435-E-79th-St,-Ph-G,-New-York,-NY-10075",36061013603,Manhattan,27.07450776666444,38.88564235861944,44.8523090252861
"365-W-52nd-St,-Apt-1B,-New-York,-NY-10019",36061013300,Manhattan,16.478268374269483,29.52101350894407,35.761601707602814
"222-E-39th-St,-Unit-11BB,-New-York,-NY-10016",36061007800,Manhattan,15.076841823422887,23.84783697704916,30.31450364371583
"334-E-100th-St,-New-York,-NY-10029",36061016400,Manhattan,24.38898197340493,39.2056486400716,45.63079704055981
"146-E-39th-St,-Apt-1B,-New-York,-NY-10016",36061008000,Manhattan,13.426166756388543,21.77544353310356,28.24211019977023
"322-W-14th-St,-Apt-3A,-New-York,-NY-10014",36061007700,Manhattan,16.719425596035904,19.53609226270257,25.570070295879194
"207-W-11th-St,-Apt-1C,-New-York,-NY-10014",36061007700,Manhattan,15.34892986070864,19.665596527375307,22.13226319404197
"60-Ave-B,-Apt-1C,-New-York,-NY-10009",36061003200,Manhattan,29.062139118673223,25.37880578533989,26.77860711610559
"16-E-116th-St,-Apt-4C,-New-York,-NY-10029",36061018400,Manhattan,30.998995907779378,40.389293852516495,44.28232924111271
"111-E-80th-St,-New-York,-NY-10075",36061014000,Manhattan,24.63168859795983,30.448355264626496,36.41502193129316
"350-3rd-Ave,-Apt-2B,-New-York,-NY-10010",36061006800,Manhattan,22.320632146883263,22.458384858456636,28.9250515251233
"400-E-71st-St,-New-York,-NY-10021",36061012400,Manhattan,19.85261608131358,34.66928274798025,40.71601753179137
"222-E-12th-St,-Apt-3A,-New-York,-NY-10003",36061004002,Manhattan,20.607552403331773,18.993589026546427,25.390885736665105
"279-E-10th-St,-Apt-5,-New-York,-NY-10009",36061003400,Manhattan,23.51804959980419,22.834716266470856,28.30138293313752
"222-E-12th-St,-Apt-4C,-New-York,-NY-10003",36061004002,Manhattan,20.607552403331773,18.993589026546427,25.390885736665105
"405-E-56th-St,-New-York,-NY-10022",36061010601,Manhattan,18.359238981508778,32.175905648175444,38.14257231484211
"222-E-12th-St,-Apt-4A,-New-York,-NY-10003",36061004002,Manhattan,20.502928300628657,18.956493146792923,25.286261633961992
"307-E-81st-St,-New-York,-NY-10028",36061013800,Manhattan,23.30266923844903,34.94878412969891,40.915450796365576
"52-Barrow-St,-Apt-4B,-New-York,-NY-10014",36061007300,Manhattan,17.35306192028158,18.74668202144268,23.71334868810935
"342-E-76th-St,-Apt-1B,-New-York,-NY-10021",36061013400,Manhattan,20.18328794266793,33.51467455856074,39.48134122522741
"410-E-13th-St,-Apt-1B,-New-York,-NY-10009",36061003400,Manhattan,20.339280835395527,19.655947502062197,25.122614168728862
"322-E-74th-St,-Apt-1D,-New-York,-NY-10021",36061012601,Manhattan,17.68079419404105,32.49746086070772,39.46412752737438
"340-E-61st-St,-Apt-2C,-New-York,-NY-10065",36061011000,Manhattan,21.19142709487036,29.86351081632921,36.33017748299588
"256-W-108th-St,-Unit-3W176,-New-York,-NY-10025",36061019500,Manhattan,24.86529240390895,38.181959070575616,41.14862573724228
"412-E-55th-St,-Unit-11CC,-New-York,-NY-10022",36061010601,Manhattan,17.891160755988857,31.707827422655523,37.67449408932219
"231-E-4th-St,-Apt-5C,-New-York,-NY-10009",36061003200,Manhattan,28.747135113208948,25.06380177987561,26.25879399144795
"201-E-12th-St,-Unit-2155,-New-York,-NY-10003",36061004002,Manhattan,20.11858588821856,17.8759028640122,24.34256953067887
"240-E-82nd-St,-Unit-11EE,-New-York,-NY-10028",36061013800,Manhattan,22.683718100304056,34.20132069468969,40.16798736135636
"232-W-14th-St,-Apt-5B,-New-York,-NY-10011",36061007700,Manhattan,15.293778920236615,19.51390074083372,22.077112253569958
"195-Stanton-St,-Apt-1D1,-New-York,-NY-10002",36061002201,Manhattan,23.647909501209096,19.96457616787576,22.119844918451168
"342-E-55th-St,-Unit-6BB,-New-York,-NY-10022",36061010801,Manhattan,15.4174143274347,29.234080994101365,35.20074766076803
"80-Cranberry-St,-Unit-Ev,-Brooklyn,-NY-11201",36047000100,Brooklyn,29.05066814788164,13.367334814548306,8.334001481214973
"39-W-68th-St,-Unit-Ph,-New-York,-NY-10023",36061015301,Manhattan,17.537885370422078,33.854552037088744,36.82121870375541
"53-Leory-St,-Unit-C,-New-York,-NY-10014",36061006700,Manhattan,18.65798652434556,17.61648709967558,22.58315376634225
"435-E-79th-St,-Ph-W,-New-York,-NY-10075",36061013603,Manhattan,26.74223837138504,38.72903942782551,44.695706094492174
"333-E-49th-St,-Ph-J,-New-York,-NY-10017",36061009800,Manhattan,16.0958002811355,28.369730390884943,34.336397057551615
"52-Barrow-St,-Unit-A,-New-York,-NY-10014",36061007300,Manhattan,17.33531497351557,18.74701130762217,23.713677974288835
"25-W-68th-St,-Unit-E,-New-York,-NY-10023",36061015301,Manhattan,17.74857617944262,34.065242846109285,37.031909512775954
"80-N-Moore-St,-Unit-L,-New-York,-NY-10013",36061003900,Manhattan,24.524183514590952,16.84085018125762,21.807516847924283
"435-E-79th-St,-Unit-10,-New-York,-NY-10075",36061013603,Manhattan,26.745088900289826,38.7334746669509,44.70014133361757
"400-E-71st-St,-Unit-23,-New-York,-NY-10021",36061012400,Manhattan,19.847891385526964,34.53577227128056,40.502438937947225
"20-Fifth-8e-Ave,-Unit-Ev,-New-York,-NY-10011",36061006300,Manhattan,17.19890361726174,20.015570283928408,26.482236950595077
"222-E-39th-St,-Unit-13DD,-New-York,-NY-10016",36061007800,Manhattan,15.076841823422887,23.84783697704916,30.31450364371583
"140-E-46th-7r-St,-Unit-Ev,-New-York,-NY-10027",36061009200,Manhattan,13.839475621525464,21.93607017149814,28.40273683816481
"405-E-56th-St,-Unit-D9,-New-York,-NY-10022",36061010601,Manhattan,18.501447338805217,32.318114005471884,38.28478067213855
"33-Greenwich-Ave,-Unit-7,-New-York,-NY-10014",36061007100,Manhattan,16.048486561546138,18.865153228212804,24.557101739209465
"71-W-12th-4h-St,-Unit-Ev,-New-York,-NY-10011",36061006300,Manhattan,13.734216937865224,20.303180455680145,24.70925796841256
"888-Eighth-Ave-Unit-W,-New-York,-NY-10019",36061013100,Manhattan,13.457404635554404,28.30874838129586,32.740737968887736
"20-Fifth-Ave,-Unit-16FEV,-New-York,-NY-10011",36061006300,Manhattan,17.19890361726174,20.015570283928408,26.482236950595077
"151-E-71st-St,-Unit-3D,-New-York,-NY-10021",36061012800,Manhattan,20.66280765682516,27.47023146860068,33.43689813526735
"117-W-13th-St,-Unit-5C,-New-York,-NY-10011",36061007100,Manhattan,12.756535480801013,19.661420067481853,22.31543745588969
"121-Madison-Ave-Ph-C,-New-York,-NY-10016",36061007400,Manhattan,14.507644761081158,21.44186232090956,27.90852898757623
"1427-York-Ave,-Unit-2,-New-York,-NY-10021",36061013201,Manhattan,23.54425939753101,38.360926064197685,44.838882946422565
"37-Cornelia-St,-Unit-3A,-New-York,-NY-10014",36061006700,Manhattan,15.17437731473834,17.991043981405006,24.138263628241308
"307-Mott-2a-St,-Unit-Ev,-New-York,-NY-10012",36061005502,Manhattan,16.72078315607611,16.23616234628979,21.004116489409444
"145-Fourth-Ave,-Ph-H1,-New-York,-NY-10003",36061004200,Manhattan,16.623876528293593,13.357209861626927,19.823876528293592
"333-E-49th-St,-Unit-T0,-New-York,-NY-10017",36061009800,Manhattan,16.278705043512257,28.452481178756088,34.41914784542276
"50-Murray-St,-Unit-15I,-New-York,-NY-10007",36061002100,Manhattan,20.00995178592927,9.458976924604087,14.386911576137894
"25-W-68th-1e-St,-Unit-Ev,-New-York,-NY-10023",36061015301,Manhattan,17.74857617944262,34.065242846109285,37.031909512775954
"28-King-St,-Unit-L,-New-York,-NY-10014",36061003700,Manhattan,18.727150242042523,16.04381690870919,21.010483575375854
"160-W-73rd-St,-Unit-C,-New-York,-NY-10023",36061015700,Manhattan,16.501456520898206,28.818123187564872,30.784789854231537
"236-E-36th-St,-Ph-A,-New-York,-NY-10016",36061007800,Manhattan,18.511849415467704,27.059152081462184,33.52581874812885
"20-Fifth-Ave-Unit-E,-New-York,-NY-10011",36061006300,Manhattan,17.19890361726174,20.015570283928408,26.482236950595077
"435-E-79th-St,-Ph-M,-New-York,-NY-10075",36061013603,Manhattan,26.74223837138504,38.72903942782551,44.695706094492174
"19-S-William-St,-Apt-4,-New-York,-NY-10004",36061000900,Manhattan,26.709377745811988,6.736714874277435,11.651399979926165
"50-Murray-St,-Unit-1307A,-New-York,-NY-10007",36061002100,Manhattan,19.57587805451264,10.00672869597971,15.075914627217138
"30-5th-Ave,-Apt-7C,-New-York,-NY-10011",36061006300,Manhattan,17.886789188562155,20.37388922184248,26.840555888509144
"888-Eighth-Ave-Unit-M,-New-York,-NY-10019",36061013100,Manhattan,13.457404635554404,28.30874838129586,32.740737968887736
"1427-York-Ave,-Unit-4CC,-New-York,-NY-10021",36061013201,Manhattan,23.327351851292647,38.14401851795932,44.659262116099725
"310-E-23rd-St,-Apt-9E,-New-York,-NY-10010",36061006400,Manhattan,26.32738511603445,25.60383056329836,32.07049722996502
"333-E-49th-St,-Ph-C,-New-York,-NY-10017",36061009800,Manhattan,16.278705043512257,28.452481178756088,34.41914784542276
"400-E-71st-St,-Unit-D,-New-York,-NY-10021",36061012400,Manhattan,19.847891385526964,34.53577227128056,40.502438937947225
"160-W-73rd-1c-St,-Unit-Ev,-New-York,-NY-10023",36061015700,Manhattan,16.501456520898206,28.818123187564872,30.784789854231537
"145-Fourth-Ave-Unit-C,-New-York,-NY-10003",36061004200,Manhattan,16.74668457835277,13.4823175671406,19.948984233807263
"141-E-56th-St,-Ph-C,-New-York,-NY-10022",36061011203,Manhattan,14.212689025538952,25.174472072741025,31.64113873940769
"248-Mott-St,-Unit-Mn,-New-York,-NY-10012",36061004300,Manhattan,18.17718720483976,17.28658230809958,22.460520538173093
"111-Worth-St,-Ph-B,-New-York,-NY-10013",36061003100,Manhattan,23.433622467977788,10.29366333444762,16.760330001114287
"690-Fort-Washington-Ave,-Unit-66D,-New-York,-NY-10040",36061028100,Manhattan,37.42511416874057,49.24178083540723,55.2084475020739
"234-W-14th-St,-Unit-B,-New-York,-NY-10011",36061007700,Manhattan,15.368551750672417,19.60296565191084,22.151885084005748
"202-E-13th-St,-Unit-5,-New-York,-NY-10003",36061004002,Manhattan,19.471526785833035,17.07392358119868,23.540590247865342
"165-E-35th-St,-Unit-11,-New-York,-NY-10016",36061008000,Manhattan,17.828671061809573,24.777572842406688,31.244239509073356
"888-Eighth-Ave-Unit-P,-New-York,-NY-10019",36061013100,Manhattan,13.457404635554404,28.30874838129586,32.740737968887736
"235-W-22nd-5u-St,-Unit-Ev,-New-York,-NY-10011",36061009100,Manhattan,13.193667470646393,21.51033413731306,26.477000803979724
"310-Greenwich-St,-Unit-12,-New-York,-NY-10013",36061003900,Manhattan,22.004345729270455,15.321012395937124,19.28767906260379
"323-W-96th-St,-Unit-305A,-New-York,-NY-10025",36061018300,Manhattan,22.928507986044377,34.24517465271104,36.21184131937771
"405-E-56th-St,-Unit-L,-New-York,-NY-10022",36061010601,Manhattan,18.368582297064865,32.18524896373153,38.1519156303982
"1-Jane-St,-Unit-D,-New-York,-NY-10014",36061007700,Manhattan,15.574847485991102,19.891514152657766,22.358180819324435
"1134-Madison-Ave-Unit-F,-New-York,-NY-10028",36061015001,Manhattan,27.81763266442756,32.634299331094226,38.600965997760895
"117-W-13th-St,-Unit-6D,-New-York,-NY-10011",36061007100,Manhattan,12.758729777931462,19.66410709494251,22.31293560120984
"39-E-65th-4b-St,-Unit-Ev,-New-York,-NY-10065",36061012200,Manhattan,18.279002881511698,29.310456970232774,35.460760480193905
"484-Second-Ave-Unit-C,-New-York,-NY-10016",36061006600,Manhattan,26.829964363262683,26.14663102992935,32.613297696596014
"117-Mulberry-St,-Unit-F,-New-York,-NY-10013",36061004100,Manhattan,20.415943179562493,12.32412267366834,20.26244112024928
"241-E-46th-St,-Unit-4DD,-New-York,-NY-10017",36061009000,Manhattan,16.666368651982285,25.398779438880773,31.86544610554744
"416-E-13th-St,-Unit-E,-New-York,-NY-10009",36061003400,Manhattan,20.30660363732024,19.623270303986907,25.08993697065357
"25-W-68th-8d-St,-Unit-Ev,-New-York,-NY-10023",36061015301,Manhattan,17.74857617944262,34.065242846109285,37.031909512775954
"964-Amsterdam-Ave,-Unit-6D256,-New-York,-NY-10025",36061019500,Manhattan,27.08768484160695,40.40435150827362,43.37101817494029
"259-Elizabeth-St,-Ph-C,-New-York,-NY-10012",36061004300,Manhattan,18.032265562402472,18.020072778370785,22.243632067211973
"270-W-25th-St,-Apt-4A,-New-York,-NY-10001",36061009100,Manhattan,15.219154557170528,21.323934830399534,28.547398684796203
"344-E-55th-St,-Unit-2BB,-New-York,-NY-10022",36061010801,Manhattan,15.51103107229596,29.327697738962623,35.29436440562929
"438-W-52nd-St,-Unit-C,-New-York,-NY-10019",36061013300,Manhattan,19.878691371351437,32.62274414884188,39.16202470468477
"222-E-39th-St,-Unit-6HH,-New-York,-NY-10016",36061007800,Manhattan,15.076841823422887,23.84783697704916,30.31450364371583
"140-E-46th-5f-St,-Unit-Ev,-New-York,-NY-10027",36061009200,Manhattan,13.839475621525464,21.93607017149814,28.40273683816481
"45-White-St,-Apt-3C,-New-York,-NY-10013",36061003300,Manhattan,22.70851689998474,15.101701084794984,20.06836775146165
"222-E-39th-St,-Unit-17AA,-New-York,-NY-10016",36061007800,Manhattan,15.076841823422887,23.84783697704916,30.31450364371583
"5-W-103rd-St,-Unit-W,-New-York,-NY-10025",36061018900,Manhattan,22.466493995746188,38.78316066241286,41.74982732907952
"145-Fourth-Ave,-Unit-17AB,-New-York,-NY-10003",36061004200,Manhattan,16.623876528293593,13.357209861626927,19.823876528293592
"214-E-51st-St,-Unit-4EE,-New-York,-NY-10022",36061009800,Manhattan,12.459702483879562,24.022516051342,29.989182718008667
"20-Fifth-Ave,-Unit-2EV,-New-York,-NY-10011",36061006300,Manhattan,17.19890361726174,20.015570283928408,26.482236950595077
"208-W-82nd-St,-Apt-1C,-New-York,-NY-10024",36061016700,Manhattan,19.940305592114168,33.256972258780834,36.2236389254475
"20-Fifth-2b-Ave,-Unit-Ev,-New-York,-NY-10011",36061006300,Manhattan,17.19890361726174,20.015570283928408,26.482236950595077
"29-7th-Ave-S,-Unit-2BB,-New-York,-NY-10014",36061006700,Manhattan,17.087063801261326,18.824493107840365,23.791159774507037
"888-8th-Ave,-Unit-7KK,-New-York,-NY-10019",36061013100,Manhattan,13.457404635554404,28.30874838129586,32.740737968887736
"53-Leroy-St,-Unit-A,-New-York,-NY-10014",36061006700,Manhattan,18.65798652434556,17.61648709967558,22.58315376634225
"15-W-103rd-St,-Unit-B,-New-York,-NY-10025",36061018900,Manhattan,23.00737367207374,39.3240403387404,42.29070700540707
"400-E-71st-St,-Apt-7H,-New-York,-NY-10021",36061012400,Manhattan,19.849450161045176,34.66611682771184,40.71294251513606
"222-E-12th-St,-Unit-4CC,-New-York,-NY-10003",36061004002,Manhattan,20.53993626198866,18.96375694906813,25.323269595322
"106-E-81st-St,-Unit-C,-New-York,-NY-10028",36061014000,Manhattan,25.25396179986728,31.070628466533943,37.03729513320061
"145-W-55th-13a-St,-Unit-Ev,-New-York,-NY-10019",36061013700,Manhattan,9.93407452392198,25.75074119058865,32.21740785725532
"96-Fifth-Ave-Unit-J,-New-York,-NY-10011",36061005400,Manhattan,14.172669055705416,17.755078939204672,24.221745605871337
"222-E-39th-St,-Unit-9BB,-New-York,-NY-10016",36061007800,Manhattan,15.076841823422887,23.84783697704916,30.31450364371583
"50-Murray-St,-Unit-98,-New-York,-NY-10007",36061002100,Manhattan,20.00995178592927,9.458976924604087,14.386911576137894
"219-E-69th-St,-Unit-K,-New-York,-NY-10021",36061012602,Manhattan,18.865789575818248,28.302942036849288,34.26960870351596
"30-E-95th-St,-New-York,-NY-10128",36061016001,Manhattan,29.49195652853455,35.308623195201214,41.27528986186788
"201-E-12th-St,-Unit-32C,-New-York,-NY-10003",36061004002,Manhattan,20.11858588821856,17.8759028640122,24.34256953067887
"222-E-12th-St,-Unit-3CC,-New-York,-NY-10003",36061004002,Manhattan,20.53993626198866,18.96375694906813,25.323269595322
"42-Ave-B,-Apt-5,-New-York,-NY-10009",36061003200,Manhattan,27.795322264953462,24.11198893162013,25.739911078774227
"50-Murray-St,-Unit-8D,-New-York,-NY-10007",36061002100,Manhattan,20.02178693632584,9.451920770028634,14.404561344232484
"50-Murray-St,-Apt-512,-New-York,-NY-10007",36061002100,Manhattan,19.689968727619664,9.775340645881814,14.627267850927495
"417-W-56th-St,-Unit-D1,-New-York,-NY-10019",36061013900,Manhattan,18.49544589152953,32.57877922486286,37.77877922486287
"16-E-116th-St,-Apt-2A,-New-York,-NY-10029",36061018400,Manhattan,30.982703131758065,40.37284303810802,44.2660364650914
"233-E-96th-St,-New-York,-NY-10128",36061015602,Manhattan,19.75983499467437,34.576501661341034,41.01746366182304
"200-Allen-St,-Apt-8R,-New-York,-NY-10002",36061003001,Manhattan,22.50262574197524,20.590728182511462,19.285959075308572
"309-W-97th-St,-New-York,-NY-10025",36061018300,Manhattan,23.110595947132555,34.42726261379922,36.39392928046588
"405-W-49th-St,-Apt-4W,-New-York,-NY-10019",36061012700,Manhattan,17.978128245018016,30.628007598383206,37.26146157835135
"521-E-5th-St,-Apt-3C,-New-York,-NY-10009",36061003200,Manhattan,29.24698429562534,26.301770029763013,26.030317628958677
"166-2nd-Ave,-Unit-3HH,-New-York,-NY-10003",36061004001,Manhattan,22.76960586898141,21.724032289982127,27.552939202314747
"322-E-74th-St,-Unit-4BB,-New-York,-NY-10021",36061012601,Manhattan,17.675172482051604,32.49183914871827,39.45850581538494
"222-E-39th-St,-Unit-23GG,-New-York,-NY-10016",36061007800,Manhattan,15.076841823422887,23.84783697704916,30.31450364371583
"322-E-74th-St,-Apt-4A,-New-York,-NY-10021",36061012601,Manhattan,17.68079419404105,32.49746086070772,39.46412752737438
"400-E-71st-St,-Unit-4DD,-New-York,-NY-10021",36061012400,Manhattan,19.847891385526964,34.53577227128056,40.502438937947225
"314-E-106th-St,-New-York,-NY-10029",36061017000,Manhattan,31.66285643861133,39.83682148191868,45.80348814858534
"340-E-61st-St,-New-York,-NY-10065",36061011000,Manhattan,21.203783267399533,29.86585011209864,36.3325167787653
"338-E-55th-St,-Apt-5B,-New-York,-NY-10022",36061010801,Manhattan,15.182418144274878,28.999084810941547,34.965751477608215
"350-3rd-Ave,-New-York,-NY-10010",36061006800,Manhattan,22.31927238617717,22.45763373611509,28.92430040278176
"279-E-10th-St,-Apt-2,-New-York,-NY-10009",36061003400,Manhattan,23.51842230978685,22.835088976453516,28.30175564312018
"410-E-13th-St,-Apt-5F,-New-York,-NY-10009",36061003400,Manhattan,20.339280835395527,19.655947502062197,25.122614168728862
"322-W-14th-St,-Unit-Ph,-New-York,-NY-10014",36061007700,Manhattan,16.719425596035904,19.53609226270257,25.570070295879194
"221-E-11th-St,-Apt-2A,-New-York,-NY-10003",36061004002,Manhattan,21.348894696195224,19.14609318997134,25.612759856638004
"60-Ave-B,-Apt-2C,-New-York,-NY-10009",36061003200,Manhattan,29.062139118673223,25.37880578533989,26.77860711610559
"151-W-16th-St,-Apt-1F,-New-York,-NY-10011",36061008100,Manhattan,13.11856783324118,20.043262606204053,23.934750176347244
"410-E-13th-St,-Apt-1A,-New-York,-NY-10009",36061003400,Manhattan,20.339280835395527,19.655947502062197,25.122614168728862
"166-2nd-Ave,-New-York,-NY-10003",36061004001,Manhattan,22.670747665120142,21.55288834934364,27.45408099845348
"53-Leroy-St,-New-York,-NY-10014",36061006700,Manhattan,18.67739533590533,17.47992711154444,22.446593778211103
"342-E-55th-St,-Unit-7DD,-New-York,-NY-10022",36061010801,Manhattan,15.4174143274347,29.234080994101365,35.20074766076803
"154-Henry-St,-Unit-Eva,-Brooklyn,-NY-11201",36047000501,Brooklyn,28.243362609636677,12.56002927630334,7.526695942970007
"234-W-14th-St,-Apt-E,-New-York,-NY-10011",36061007700,Manhattan,15.457372425410188,19.40402662754251,22.24070575874352
"91D-Narrows-Rd-N,-Apt-C,-Staten-Island,-NY-10305",36085002001,Staten Island,103.54602409892202,87.86269076558868,87.82935743225535
"104-40-Queens-Blvd,-Unit-17K,-Queens,-NY-11375",36081071305,Queens,34.5677024238338,50.38436909050047,56.35103575716713
"140-18-Ash-Ave,-Unit-1F,-Queens,-NY-11355",36081085900,Queens,46.84430090105023,63.66096756771689,67.62763423438356
"104-40-Queens-Blvd,-Unit-7F,-Queens,-NY-11375",36081071305,Queens,34.5677024238338,50.38436909050047,56.35103575716713
"47-05-Center-Blvd,-Unit-403,-Queens,-NY-11109",36081000102,Queens,21.084989616272512,32.40165628293918,38.36832294960585
"40-11-25th-Ave,-Unit-14,-Queens,-NY-11103",36081014100,Queens,40.27848612818017,50.09515279484684,56.06181946151351
"576-Britton-Ave,-Staten-Island,-NY-10304",36085005000,Staten Island,94.29151565476498,78.60818232143166,78.57484898809831
"40-Bruckner-Blvd,-Unit-205NT,-Bronx,-NY-10454",36005001901,Bronx,42.04802866747357,47.262593704551456,53.229260371218125
"40-Bruckner-Blvd,-Apt-925,-Bronx,-NY-10454",36005001901,Bronx,42.04802866747357,47.262593704551456,53.229260371218125
"87-16-91st-Ave,-Queens,-NY-11421",36081001600,Queens,61.765633766204,53.54978284639766,49.56681784392002
"40-Bruckner-Blvd,-Unit-405NT,-Bronx,-NY-10454",36005001901,Bronx,42.04802866747357,47.262593704551456,53.229260371218125
"59-Adlai-Cir,-Staten-Island,-NY-10312",36085017011,Staten Island,102.13436746118718,86.45103412785384,86.41770079452051
"5448-Arthur-Kill-Rd,---2,-Staten-Island,-NY-10307",36085024800,Staten Island,108.6995915327926,93.01625819945929,92.98292486612594
"5448-Arthur-Kill-Rd,-Unit-2ND,-Staten-Island,-NY-10307",36085024800,Staten Island,108.758544374124,93.07521104079066,93.04187770745732
"104-40-Queens-Blvd,-Unit-07F,-Queens,-NY-11375",36081071305,Queens,34.5677024238338,50.38436909050047,56.35103575716713
"40-Bruckner-Blvd,-Apt-205,-Bronx,-NY-10454",36005001901,Bronx,42.04802866747357,47.262593704551456,53.229260371218125
"40-Bruckner-Blvd,-Unit-708A,-Bronx,-NY-10454",36005001901,Bronx,42.04802866747357,47.262593704551456,53.229260371218125
"647-E-229th-St,-Unit-2,-Bronx,-NY-10466",36005042000,Bronx,71.64538638727299,70.96205305393966,80.92871972060632
"43-12-Hunter-St,-Unit-905,-Queens,-NY-11101",36081001902,Queens,17.484584634049746,32.71789367966708,37.19043393536997
"43-22-Queens-St,-Unit-415,-Queens,-NY-11101",36081001902,Queens,19.048341696761117,33.86500836342778,39.75192606935526
"43-10-Crescent-St,-Unit-321,-Queens,-NY-11101",36081001903,Queens,17.010005856578765,32.71976717282129,37.80054502519427
"43-10-Crescent-St,-Unit-4004,-Queens,-NY-11101",36081001903,Queens,17.566808031746074,33.217977994284226,38.12884804087719
"1054-Lydig-Ave,-Bronx,-NY-10461",36005024800,Bronx,58.20511168110152,63.02177834776819,71.98844501443484
"43-22-Queens-St,-Unit-3110,-Queens,-NY-11101",36081001902,Queens,19.048341696761117,33.86500836342778,39.75192606935526
"276-Grand-Concourse,-Apt-1009,-Bronx,-NY-10451",36005005100,Bronx,33.57077481438737,36.38744148105404,46.35410814772071
"224-E-135th-St,-Unit-708N,-Bronx,-NY-10451",36005005100,Bronx,37.68382081349197,40.50048748015864,50.46715414682531
"600-W-246th-St,-Apt-533,-Bronx,-NY-10471",36005030701,Bronx,64.62857818314984,74.94524484981652,81.72896580924926
"586-Gerard-Ave,-Unit-4H,-Bronx,-NY-10451",36005006301,Bronx,38.533669593911526,42.85033626057819,46.98107643737969
"586-Gerard-Ave,-Unit-8I,-Bronx,-NY-10451",36005006301,Bronx,38.533669593911526,42.85033626057819,46.98107643737969
"586-Gerard-Ave,-Unit-6O,-Bronx,-NY-10451",36005006301,Bronx,38.533669593911526,42.85033626057819,46.98107643737969
"2503-Hughes-Ave,-Bronx,-NY-10458",36005038900,Bronx,53.49384941575802,71.3105160824247,80.77718274909135
"276-Grand-Concourse,-Unit-520NT,-Bronx,-NY-10451",36005005100,Bronx,33.57077481438737,36.38744148105404,46.35410814772071
"224-E-135th-St,-Unit-1098S,-Bronx,-NY-10451",36005005100,Bronx,37.68382081349197,40.50048748015864,50.46715414682531
"276-Grand-Concourse,-Unit-1109NT,-Bronx,-NY-10451",36005005100,Bronx,33.57077481438737,36.38744148105404,46.35410814772071
"586-Gerard-Ave,-Unit-8G,-Bronx,-NY-10451",36005006301,Bronx,38.533669593911526,42.85033626057819,46.98107643737969
"224-E-135th-St,-Unit-1909S,-Bronx,-NY-10451",36005005100,Bronx,37.68382081349197,40.50048748015864,50.46715414682531
"586-Gerard-Ave,-Unit-4N,-Bronx,-NY-10451",36005006301,Bronx,38.533669593911526,42.85033626057819,46.98107643737969
"586-Gerard-Ave,-Unit-5V,-Bronx,-NY-10451",36005006301,Bronx,38.533669593911526,42.85033626057819,46.98107643737969
"586-Gerard-Ave,-Unit-4T,-Bronx,-NY-10451",36005006301,Bronx,38.533669593911526,42.85033626057819,46.98107643737969
"600-W-246th-St,-Apt-820,-Bronx,-NY-10471",36005030701,Bronx,64.62857818314984,74.94524484981652,81.72896580924926
"586-Gerard-Ave,-Unit-4Z,-Bronx,-NY-10451",36005006301,Bronx,38.533669593911526,42.85033626057819,46.98107643737969
"600-W-246th-St,-Apt-208,-Bronx,-NY-10471",36005030701,Bronx,65.14422772858669,75.46089439525335,82.24082702509028
"2600-Netherland-Ave,-Apt-1018,-Bronx,-NY-10463",36005029302,Bronx,53.62607342797521,63.94274009464187,70.90940676130853
"276-Grand-Concourse,-Unit-602NT,-Bronx,-NY-10451",36005005100,Bronx,33.57077481438737,36.38744148105404,46.35410814772071
"276-Grand-Concourse,-Apt-1215,-Bronx,-NY-10451",36005005100,Bronx,33.57077481438737,36.38744148105404,46.35410814772071
"224-E-135th-St,-Unit-1506S,-Bronx,-NY-10451",36005005100,Bronx,37.68382081349197,40.50048748015864,50.46715414682531
"586-Gerard-Ave,-Unit-2D,-Bronx,-NY-10451",36005006301,Bronx,38.533669593911526,42.85033626057819,46.98107643737969
"276-Grand-Concourse,-Apt-411,-Bronx,-NY-10451",36005005100,Bronx,33.57077481438737,36.38744148105404,46.35410814772071
"1227-Bryant-Ave,-Bronx,-NY-10459",36005012101,Bronx,49.5504131612711,55.86707982793777,60.33374649460443
"276-Grand-Concourse,-Apt-602,-Bronx,-NY-10451",36005005100,Bronx,33.57077481438737,36.38744148105404,46.35410814772071
"1589-Unionport-Rd,-Apt-Me,-Bronx,-NY-10462",36005021002,Bronx,55.70122904941498,64.01789571608164,67.98456238274831
"48-05-46th-St,-Unit-2C,-Queens,-NY-11377",36081023501,Queens,31.528162782535112,42.84482944920178,48.81149611586845
"35-33-64th-St,-Unit-2H,-Queens,-NY-11377",36081026100,Queens,24.601732397202586,39.41839906386925,45.38506573053591
"35-33-64th-St,-Unit-1I,-Queens,-NY-11377",36081026100,Queens,24.601732397202586,39.41839906386925,45.38506573053591
"31-14-12th-St,-Unit-1,-Queens,-NY-11106",36081008100,Queens,43.64716036890319,53.46382703556985,59.43049370223652
"21-21-38th-St,---1,-Queens,-NY-11105",36081012100,Queens,41.14617557195866,50.96284223862532,56.92950890529199
"5-Bay-St,-Unit-6K,-Staten-Island,-NY-10301",36085000300,Staten Island,71.47165808908066,53.18832475574734,54.204991422414
"108-Taft-Ave,-Apt-2,-Staten-Island,-NY-10301",36085000900,Staten Island,84.74947822813806,66.46614489480473,67.4828115614714
"1115-Saint-Lawrence-Ave,-Unit-2ND,-Bronx,-NY-10472",36005007000,Bronx,54.7892579139054,62.10592458057207,71.05759846601426
"261-Grand-Concourse,-Unit-3719,-Bronx,-NY-10451",36005006301,Bronx,32.92680325831351,35.743469924980175,45.71013659164684
"261-Grand-Concourse,-Unit-1701,-Bronx,-NY-10451",36005006301,Bronx,32.92680325831351,35.743469924980175,45.71013659164684
"224-E-135th-St,-Unit-1905S,-Bronx,-NY-10451",36005005100,Bronx,37.68382081349197,40.50048748015864,50.46715414682531
"261-Grand-Concourse,-Unit-1704,-Bronx,-NY-10451",36005006301,Bronx,32.92680325831351,35.743469924980175,45.71013659164684
"261-Grand-Concourse,-Unit-8316,-Bronx,-NY-10451",36005006301,Bronx,32.92680325831351,35.743469924980175,45.71013659164684
"138-Bruckner-Blvd,-Unit-7209,-Bronx,-NY-10454",36005001902,Bronx,48.533167903304566,48.33230099871694,57.29896766538361
"261-Grand-Concourse,-Unit-3716,-Bronx,-NY-10451",36005006301,Bronx,32.92680325831351,35.743469924980175,45.71013659164684
"138-Bruckner-Blvd,-Unit-9528,-Bronx,-NY-10454",36005001902,Bronx,48.533167903304566,48.33230099871694,57.29896766538361
"138-Bruckner-Blvd,-Unit-2312,-Bronx,-NY-10454",36005001902,Bronx,48.533167903304566,48.33230099871694,57.29896766538361
"5-Bay-St,-Unit-10I,-Staten-Island,-NY-10301",36085000300,Staten Island,71.47165808908066,53.18832475574734,54.204991422414
"138-Bruckner-Blvd,-Unit-1531,-Bronx,-NY-10454",36005001902,Bronx,48.533167903304566,48.33230099871694,57.29896766538361
"138-Bruckner-Blvd,-Unit-71008,-Bronx,-NY-10454",36005001902,Bronx,48.533167903304566,48.33230099871694,57.29896766538361
"138-Bruckner-Blvd,-Unit-3251,-Bronx,-NY-10454",36005001902,Bronx,48.533167903304566,48.33230099871694,57.29896766538361
"261-Grand-Concourse,-Unit-1802,-Bronx,-NY-10451",36005006301,Bronx,32.92680325831351,35.743469924980175,45.71013659164684
"261-Grand-Concourse,-Unit-1818,-Bronx,-NY-10451",36005006301,Bronx,32.92680325831351,35.743469924980175,45.71013659164684
"138-Bruckner-Blvd,-Unit-6301,-Bronx,-NY-10454",36005001902,Bronx,48.533167903304566,48.33230099871694,57.29896766538361
"261-Grand-Concourse,-Unit-3717,-Bronx,-NY-10451",36005006301,Bronx,32.92680325831351,35.743469924980175,45.71013659164684
"138-Bruckner-Blvd,-Unit-2234,-Bronx,-NY-10454",36005001902,Bronx,48.533167903304566,48.33230099871694,57.29896766538361
"261-Grand-Concourse,-Unit-1707,-Bronx,-NY-10451",36005006301,Bronx,32.92680325831351,35.743469924980175,45.71013659164684
"138-Bruckner-Blvd,-Unit-81024,-Bronx,-NY-10454",36005001902,Bronx,48.533167903304566,48.33230099871694,57.29896766538361
"138-Bruckner-Blvd,-Unit-3733,-Bronx,-NY-10454",36005001902,Bronx,48.533167903304566,48.33230099871694,57.29896766538361
"224-E-135th-St,-Unit-1109N,-Bronx,-NY-10451",36005005100,Bronx,37.68382081349197,40.50048748015864,50.46715414682531
"224-E-135th-St,-Unit-306S,-Bronx,-NY-10451",36005005100,Bronx,37.68382081349197,40.50048748015864,50.46715414682531
"2524-Tenbroeck-Ave,-Bronx,-NY-10469",36005031800,Bronx,65.01368684864988,69.83035351531655,78.79702018198321
"55-Cebra-Ave,-Staten-Island,-NY-10304",36085001700,Staten Island,92.99316267026944,77.30982933693609,77.27649600360276
"138-Bruckner-Blvd,-Unit-2336,-Bronx,-NY-10454",36005001902,Bronx,48.533167903304566,48.33230099871694,57.29896766538361
"261-Grand-Concourse,-Unit-8519,-Bronx,-NY-10451",36005006301,Bronx,32.92680325831351,35.743469924980175,45.71013659164684
"261-Grand-Concourse,-Unit-2715,-Bronx,-NY-10451",36005006301,Bronx,32.92680325831351,35.743469924980175,45.71013659164684
"138-Bruckner-Blvd,-Unit-7913,-Bronx,-NY-10454",36005001902,Bronx,48.533167903304566,48.33230099871694,57.29896766538361
"138-Bruckner-Blvd,-Unit-2430,-Bronx,-NY-10454",36005001902,Bronx,48.533167903304566,48.33230099871694,57.29896766538361
"138-Bruckner-Blvd,-Unit-2533,-Bronx,-NY-10454",36005001902,Bronx,48.533167903304566,48.33230099871694,57.29896766538361
"2-21-Malt-Dr,-Unit-242,-Queens,-NY-11101",36081000101,Queens,22.41486784220006,33.73153450886672,39.69820117553339
"44-28-Purves-St,-Unit-27B,-Queens,-NY-11101",36081001902,Queens,18.940958726847587,33.650029805116,37.22429206018092
"23-34-36th-St,---2,-Queens,-NY-11105",36081011700,Queens,37.14090260320363,46.9575692698703,52.92423593653697
"224-E-135th-St,-Unit-909S,-Bronx,-NY-10451",36005005100,Bronx,37.68382081349197,40.50048748015864,50.46715414682531
"95-Sherman-Ave,-Apt-2,-Staten-Island,-NY-10301",36085001100,Staten Island,78.93184247859728,60.64850914526394,61.66517581193061
"123-Hendricks-Ave,-Staten-Island,-NY-10301",36085000900,Staten Island,83.59757152648378,65.31423819315044,66.33090485981711
"1227-Bryant-Ave,-Unit-2,-Bronx,-NY-10459",36005012101,Bronx,49.55457527433133,55.871241940998,60.337908607664666
"138-Bruckner-Blvd,-Unit-61004,-Bronx,-NY-10454",36005001902,Bronx,48.533167903304566,48.33230099871694,57.29896766538361
"261-Grand-Concourse,-Unit-3720,-Bronx,-NY-10451",36005006301,Bronx,32.92680325831351,35.743469924980175,45.71013659164684
"26-26-Jackson-Ave,-Unit-604,-Queens,-NY-11101",36081001902,Queens,19.727241904566437,34.50193008524036,38.010575237899765
"261-Grand-Concourse,-Unit-1709,-Bronx,-NY-10451",36005006301,Bronx,32.92680325831351,35.743469924980175,45.71013659164684
"224-E-135th-St,-Unit-1110S,-Bronx,-NY-10451",36005005100,Bronx,37.68382081349197,40.50048748015864,50.46715414682531
"138-Bruckner-Blvd,-Unit-3216,-Bronx,-NY-10454",36005001902,Bronx,48.533167903304566,48.33230099871694,57.29896766538361
"138-Bruckner-Blvd,-Unit-6544,-Bronx,-NY-10454",36005001902,Bronx,48.533167903304566,48.33230099871694,57.29896766538361
"138-Bruckner-Blvd,-Unit-3228,-Bronx,-NY-10454",36005001902,Bronx,48.533167903304566,48.33230099871694,57.29896766538361
"138-Bruckner-Blvd,-Unit-6212,-Bronx,-NY-10454",36005001902,Bronx,48.533167903304566,48.33230099871694,57.29896766538361
"261-Grand-Concourse,-Unit-8304,-Bronx,-NY-10451",36005006301,Bronx,32.92680325831351,35.743469924980175,45.71013659164684
"138-Bruckner-Blvd,-Unit-6935,-Bronx,-NY-10454",36005001902,Bronx,48.533167903304566,48.33230099871694,57.29896766538361
"261-Grand-Concourse,-Unit-3723,-Bronx,-NY-10451",36005006301,Bronx,32.92680325831351,35.743469924980175,45.71013659164684
"138-Bruckner-Blvd,-Unit-3237,-Bronx,-NY-10454",36005001902,Bronx,48.533167903304566,48.33230099871694,57.29896766538361
"299-E-161st-St,-Apt-710,-Bronx,-NY-10451",36005017300,Bronx,49.0408386655513,54.6408386655513,58.60750533221797
"299-E-161st-St,-Apt-214,-Bronx,-NY-10451",36005017300,Bronx,49.0408386655513,54.6408386655513,58.60750533221797
"228-E-135th-St,-Apt-1201,-Bronx,-NY-10451",36005005100,Bronx,38.0582592720035,40.87492593867016,50.84159260533683
"91-Bruckner-Blvd,-Apt-180,-Bronx,-NY-10454",36005001902,Bronx,43.10327296387191,48.41993963053858,55.38660629720525
"91-Bruckner-Blvd,-Apt-199,-Bronx,-NY-10454",36005001902,Bronx,43.10327296387191,48.41993963053858,55.38660629720525
"299-E-161st-St,-Apt-603,-Bronx,-NY-10451",36005017300,Bronx,49.0408386655513,54.6408386655513,58.60750533221797
"2455-3rd-Ave,-Apt-6N,-Bronx,-NY-10451",36005005100,Bronx,38.99372364610311,41.810390312769776,51.777056979436445
"138-Bruckner-Blvd,-Unit-8727,-Bronx,-NY-10454",36005001902,Bronx,48.533167903304566,48.33230099871694,57.29896766538361
"299-E-161st-St,-Apt-905,-Bronx,-NY-10451",36005017300,Bronx,49.0408386655513,54.6408386655513,58.60750533221797
"56-05-31st-Ave,-Apt-2O,-Queens,-NY-11377",36081029500,Queens,35.21844573991505,46.47941993861903,53.9460866052857
"739-Adee-Ave,-Unit-1,-Bronx,-NY-10467",36005033802,Bronx,64.50208528760828,63.818751954274944,73.7854186209416
"31-Thomas-St,-Staten-Island,-NY-10306",36085013800,Staten Island,90.969994620872,75.28666128753868,75.25332795420535
"299-E-161st-St,-Apt-825,-Bronx,-NY-10451",36005017300,Bronx,49.0408386655513,54.6408386655513,58.60750533221797
"299-E-161st-St,-Apt-423,-Bronx,-NY-10451",36005017300,Bronx,49.0408386655513,54.6408386655513,58.60750533221797
"228-E-135th-St,-Apt-1807,-Bronx,-NY-10451",36005005100,Bronx,38.0582592720035,40.87492593867016,50.84159260533683
"4-74-48th-Ave,-Unit-3U,-Queens,-NY-11109",36081000101,Queens,20.18413893342193,31.5008056000886,37.46747226675527
"27-17-42nd-Rd,-Unit-11D,-Queens,-NY-11101",36081001902,Queens,18.184527464971705,32.550671640716104,38.517338307382765
"41-18-Crescent-St,-Apt-8H,-Queens,-NY-11101",36081003301,Queens,20.70748479401725,32.59841094126556,38.565077607932224
"98-81-Queens-Blvd,-Unit-6H,-Queens,-NY-11374",36081071304,Queens,36.22601608955974,50.54268275622641,55.509349422893074
"91-Bruckner-Blvd,-Apt-119,-Bronx,-NY-10454",36005001902,Bronx,43.10327296387191,48.41993963053858,55.38660629720525
"445-Gerard-Ave,-Unit-W533,-Bronx,-NY-10451",36005006301,Bronx,38.66885847715871,42.50343880093268,46.62575779050477
"91-Bruckner-Blvd,-Apt-301,-Bronx,-NY-10454",36005001902,Bronx,43.10327296387191,48.41993963053858,55.38660629720525
"3436-Kingsbridge-Ave,-Unit-5FF,-Bronx,-NY-10463",36005028700,Bronx,49.84125452187457,60.15792118854123,67.1245878552079
"445-Gerard-Ave,-Unit-W1106,-Bronx,-NY-10451",36005006301,Bronx,38.66885847715871,42.50343880093268,46.62575779050477
"2413-3rd-Ave,-Apt-1407,-Bronx,-NY-10451",36005005100,Bronx,40.468687824108,43.28535449077467,49.94238551019721
"3755-Henry-Hudson-Pkwy,-Apt-14A,-Bronx,-NY-10463",36005030701,Bronx,61.23090278010894,71.54756944677561,78.51423611344227
"47-05-5th-St,-Unit-401,-Queens,-NY-11101",36081000702,Queens,20.50025370319285,31.81692036985952,37.783587036526185
"37-14-36th-St,-Unit-5F,-Queens,-NY-11101",36081005500,Queens,22.766511594401667,33.08317826106833,40.549844927735
"11-12-44th-Dr,-Unit-5B,-Queens,-NY-11101",36081000702,Queens,16.823157693805758,32.639824360472424,38.60649102713909
"75-52-Kessel-St,-Queens,-NY-11375",36081073100,Queens,43.56257005532905,59.37923672199572,67.34590338866238
"2832-Marion-Ave,-Apt-1,-Bronx,-NY-10458",36005040702,Bronx,46.48185232013397,64.29851898680063,73.26439585276833
"41-30-46th-St,-Apt-5M,-Queens,-NY-11104",36081018300,Queens,28.525697598264895,39.84236426493157,45.80903093159824
"228-E-135th-St,-Apt-1504,-Bronx,-NY-10451",36005005100,Bronx,38.0582592720035,40.87492593867016,50.84159260533683
"225-E-134th-St,-Apt-5N,-Bronx,-NY-10451",36005005100,Bronx,39.10375506199237,41.92042172865904,51.65723396567434
"4024-Monticello-Ave,-Unit-2,-Bronx,-NY-10466",36005042600,Bronx,75.49971374587228,80.31638041253896,89.28304707920562
"22-Ovas-Ct,-Staten-Island,-NY-10312",36085014604,Staten Island,103.5117985264696,87.82846519313627,87.79513185980294
"29-17-40th-Ave,-Unit-802,-Queens,-NY-11101",36081003100,Queens,20.953434873952272,35.77010154061894,42.23676820728561
"29-17-40th-Ave,-Unit-803,-Queens,-NY-11101",36081003100,Queens,20.953434873952272,35.77010154061894,42.23676820728561
"29-17-40th-Ave,-Unit-1007,-Queens,-NY-11101",36081003100,Queens,20.953434873952272,35.77010154061894,42.23676820728561
"29-17-40th-Ave,-Unit-901,-Queens,-NY-11101",36081003100,Queens,20.953434873952272,35.77010154061894,42.23676820728561
"5627-2nd-St,-Apt-2103,-Queens,-NY-11101",36081000101,Queens,26.7913135045197,38.10798017118636,44.07464683785303
"23-15-44th-Rd,-Unit-59B,-Queens,-NY-11101",36081001903,Queens,15.06614043384208,30.882807100508742,36.84947376717541
"5627-2nd-St,-Apt-410,-Queens,-NY-11101",36081000101,Queens,26.7913135045197,38.10798017118636,44.07464683785303
"23-15-44th-Rd,-Unit-9J,-Queens,-NY-11101",36081001903,Queens,15.06614043384208,30.882807100508742,36.84947376717541
"23-15-44th-Rd,-Unit-19M,-Queens,-NY-11101",36081001903,Queens,15.06614043384208,30.882807100508742,36.84947376717541
"23-15-44th-Rd,-Unit-36H,-Queens,-NY-11101",36081001903,Queens,15.06614043384208,30.882807100508742,36.84947376717541
"23-15-44th-Rd,-Ph-3E,-Queens,-NY-11101",36081001903,Queens,14.571405058737504,30.29207316833934,36.258739835006
"23-33-30th-Ave,-Apt-A2,-Queens,-NY-11102",36081007100,Queens,34.861573701516846,44.67824036818352,50.644907034850185
"27-02-41-Ave,-Queens,-NY-11101",36081003301,Queens,19.575484274009447,33.554288691732545,39.52095535839921
"25-21-43rd-Ave,-Unit-802,-Queens,-NY-11101",36081001902,Queens,18.475559642112252,33.899982379991435,38.4284491208076
"23-15-44th-Rd,-Unit-17E,-Queens,-NY-11101",36081001903,Queens,15.06614043384208,30.882807100508742,36.84947376717541
"115-Corson-Ave,-Staten-Island,-NY-10301",36085001100,Staten Island,81.97949652374297,63.69616319040964,64.7128298570763
"23-15-44th-Rd,-Ph-3A,-Queens,-NY-11101",36081001903,Queens,14.571405058737504,30.29207316833934,36.258739835006
"2321-Belmont-Ave,-Apt-3H,-Bronx,-NY-10458",36005039100,Bronx,56.85588911816118,74.17255578482785,82.63922245149452
"2811-Wellman-Ave,-Unit-1,-Bronx,-NY-10461",36005026400,Bronx,57.73642662144919,66.05309328811586,70.01975995478253
"1031-E-241st-St,-Bronx,-NY-10466",36005044200,Bronx,82.58081442523513,86.86693537581648,93.36414775856846
"995-Jennings-St,-Unit-2,-Bronx,-NY-10460",36005015700,Bronx,52.62186299343967,58.93852966010634,63.405196326773
"1943-Adee-Ave,-Apt-2,-Bronx,-NY-10469",36005046208,Bronx,73.82972475597573,78.6463914226424,87.61305808930906
"3417-Barker-Ave,-Apt-2,-Bronx,-NY-10467",36005037600,Bronx,55.58255764961787,67.2933083789029,77.25997504556956
"414-Gerard-Ave,-Unit-E521,-Bronx,-NY-10451",36005006301,Bronx,38.544409460554775,42.19942754729329,46.52881627085616
"1062-Clay-Ave,-Unit-1FL,-Bronx,-NY-10456",36005014300,Bronx,51.538053994889054,60.35472066155572,64.95525624005353
"3871-Amboy-Rd,-Apt-301,-Staten-Island,-NY-10308",36085014605,Staten Island,95.05758029294176,79.37424695960841,79.34091362627508
"2661-Marion-Ave,-Unit-2,-Bronx,-NY-10458",36005040502,Bronx,41.6658019325103,59.48246859917697,68.94913526584364
"24-Metropolitan-Oval,-Apt-Me,-Bronx,-NY-10462",36005021002,Bronx,57.81486207883485,66.13152874550151,70.0981954121682
"98-81-Queens-Blvd,-Unit-13A,-Queens,-NY-11374",36081071304,Queens,36.22601608955974,50.54268275622641,55.509349422893074
"104-40-Queens-Blvd,-Unit-20K,-Queens,-NY-11375",36081071305,Queens,34.5677024238338,50.38436909050047,56.35103575716713
"3260-Henry-Hudson-Pkwy,-Apt-7O,-Bronx,-NY-10463",36005029700,Bronx,60.85281758733653,71.1694842540032,78.13615092066986
"43-22-Queens-St,-Unit-9E,-Queens,-NY-11101",36081001902,Queens,19.048341696761117,33.86500836342778,39.75192606935526
"3260-Henry-Hudson-Pkwy,-Apt-6A,-Bronx,-NY-10463",36005029700,Bronx,60.85281758733653,71.1694842540032,78.13615092066986
"43-10-Crescent-St,-Unit-2914,-Queens,-NY-11101",36081001903,Queens,17.010005856578765,32.71976717282129,37.80054502519427
"3620-Paulding-Ave,-Apt-1,-Bronx,-NY-10469",36005038200,Bronx,76.17057634854449,75.48724301521115,85.45390968187782
"3260-Henry-Hudson-Pkwy,-Apt-8H,-Bronx,-NY-10463",36005029700,Bronx,60.85281758733653,71.1694842540032,78.13615092066986
"3260-Henry-Hudson-Pkwy,-Apt-4Q,-Bronx,-NY-10463",36005029700,Bronx,60.85281758733653,71.1694842540032,78.13615092066986
"3260-Henry-Hudson-Pkwy,-Apt-4H,-Bronx,-NY-10463",36005029700,Bronx,60.85281758733653,71.1694842540032,78.13615092066986
"3260-Henry-Hudson-Pkwy,-Apt-4J,-Bronx,-NY-10463",36005029700,Bronx,60.85281758733653,71.1694842540032,78.13615092066986
"47-05-Center-Blvd,-Unit-1513,-Queens,-NY-11109",36081000102,Queens,21.084989616272512,32.40165628293918,38.36832294960585
"329-E-132nd-St,-Apt-11C,-Bronx,-NY-10454",36005001901,Bronx,42.71599549495206,47.09896529201074,53.06563195867741
"104-40-Queens-Blvd,-Unit-7M,-Queens,-NY-11375",36081071305,Queens,34.5677024238338,50.38436909050047,56.35103575716713
"34-37-9th-St,-Unit-3,-Queens,-NY-11106",36081003900,Queens,39.78706412860955,52.10373079527621,57.57039746194288
"329-E-132nd-St,---V,-Bronx,-NY-10454",36005001901,Bronx,42.71599549495206,47.09896529201074,53.06563195867741
"225-E-138th-St,-Bronx,-NY-10451",36005005100,Bronx,35.13998389926983,37.95665056593649,47.92331723260316
"596-E-164-Ave,-Unit-2,-Bronx,-NY-10456",36005018502,Bronx,53.08356097880809,59.40022764547475,63.86689431214142
"329-E-132nd-St,-Unit-D6,-Bronx,-NY-10454",36005001901,Bronx,42.71599549495206,47.09896529201074,53.06563195867741
"32-15-35th-St,-Unit-F5,-Queens,-NY-11106",36081005900,Queens,29.374379337022024,39.69104600368869,47.15771267035536
"91-25-90th-St,---2,-Queens,-NY-11421",36081001800,Queens,60.55279441123505,54.216951420539765,50.18361808720643
"770-E-161st-St,-Bronx,-NY-10456",36005007700,Bronx,45.60772197944551,51.92438864611218,56.39105531277884
"43-12-Hunter-St,-Unit-904,-Queens,-NY-11101",36081001902,Queens,17.484584634049746,32.71789367966708,37.19043393536997
"22-44-Jackson-Ave,-Unit-727,-Queens,-NY-11101",36081001901,Queens,17.766130141787112,32.11461259161181,37.61321005345295
"22-44-Jackson-Ave,-Unit-4717,-Queens,-NY-11101",36081001901,Queens,17.766130141787112,32.11461259161181,37.61321005345295
"22-44-Jackson-Ave,-Unit-601,-Queens,-NY-11101",36081001901,Queens,17.766130141787112,32.11461259161181,37.61321005345295
"23-11-33rd-Rd,-Queens,-NY-11106",36081005300,Queens,34.664370005438165,44.48103667210483,50.4477033387715
"22-44-Jackson-Ave,-Unit-4511,-Queens,-NY-11101",36081001901,Queens,17.766130141787112,32.11461259161181,37.61321005345295
"22-44-Jackson-Ave,-Unit-3302,-Queens,-NY-11101",36081001901,Queens,17.766130141787112,32.11461259161181,37.61321005345295
"22-44-Jackson-Ave,-Unit-3526,-Queens,-NY-11101",36081001901,Queens,17.766130141787112,32.11461259161181,37.61321005345295
"22-44-Jackson-Ave,-Unit-1122,-Queens,-NY-11101",36081001901,Queens,17.766130141787112,32.11461259161181,37.61321005345295
"22-44-Jackson-Ave,-Unit-4106,-Queens,-NY-11101",36081001901,Queens,17.766130141787112,32.11461259161181,37.61321005345295
"22-44-Jackson-Ave,-Unit-4807,-Queens,-NY-11101",36081001901,Queens,17.766130141787112,32.11461259161181,37.61321005345295
"104-40-Queens-Blvd,-Unit-07M,-Queens,-NY-11375",36081071305,Queens,34.5677024238338,50.38436909050047,56.35103575716713
"104-60-Queens-Blvd,-Unit-10W,-Queens,-NY-11375",36081071305,Queens,32.93950589977313,48.7561725664398,54.72283923310647
"18-11-21st-Dr,---301,-Queens,-NY-11105",36081010300,Queens,48.29462707296192,58.111293739628586,64.07796040629526
"22-44-Jackson-Ave,-Unit-3914,-Queens,-NY-11101",36081001901,Queens,17.766130141787112,32.11461259161181,37.61321005345295
"329-E-132nd-St,-Unit-7CC,-Bronx,-NY-10454",36005001901,Bronx,42.71599549495206,47.09896529201074,53.06563195867741
"228-E-135th-St,-Apt-1901,-Bronx,-NY-10451",36005005100,Bronx,38.0582592720035,40.87492593867016,50.84159260533683
"228-E-135th-St,-Apt-1007,-Bronx,-NY-10451",36005005100,Bronx,38.0582592720035,40.87492593867016,50.84159260533683
"228-E-135th-St,-Apt-1703,-Bronx,-NY-10451",36005005100,Bronx,38.0582592720035,40.87492593867016,50.84159260533683
"228-E-135th-St,-Apt-2507,-Bronx,-NY-10451",36005005100,Bronx,38.0582592720035,40.87492593867016,50.84159260533683
"465-E-143rd-St,-Unit-2,-Bronx,-NY-10454",36005004100,Bronx,45.11708595342895,48.67437905055952,55.90041928676228
"228-E-135th-St,-Apt-2104,-Bronx,-NY-10451",36005005100,Bronx,38.0582592720035,40.87492593867016,50.84159260533683
"1824-Edison-Ave,-Unit-1R,-Bronx,-NY-10461",36005026601,Bronx,56.45490108672902,64.77156775339569,68.73823442006235
"126-43-39th-Ave,-Unit-835,-Queens,-NY-11368",36081040902,Queens,29.362237297675467,46.67890396434213,51.1455706310088
"87-10-Chevy-Chase-St,-Queens,-NY-11432",36081047200,Queens,54.11934344704127,69.93601011370792,77.90267678037459
"98-10-63rd-Rd,-Unit-1402,-Queens,-NY-11374",36081071900,Queens,41.16444487944349,55.48111154611015,62.94777821277682
"98-10-63rd-Rd,-Unit-1703,-Queens,-NY-11374",36081071900,Queens,41.16444487944349,55.48111154611015,62.94777821277682
"98-10-63rd-Rd,-Unit-1103,-Queens,-NY-11374",36081071900,Queens,41.16444487944349,55.48111154611015,62.94777821277682
"98-10-63rd-Rd,-Unit-2103,-Queens,-NY-11374",36081071701,Queens,31.548275190143205,45.86494185680987,53.33160852347654
"98-10-63rd-Rd,-Unit-1814,-Queens,-NY-11374",36081071701,Queens,31.548275190143205,45.86494185680987,53.33160852347654
"126-43-39th-Ave,-Unit-880,-Queens,-NY-11368",36081040902,Queens,29.362237297675467,46.67890396434213,51.1455706310088
"34-40-79th-St,-Unit-2B,-Queens,-NY-11372",36081028500,Queens,30.783981185324084,46.60064785199075,52.56731451865742
"131-03-40th-Rd,-Unit-10B,-Queens,-NY-11354",36081087100,Queens,43.40899158457398,60.72565825124065,64.69232491790731
"98-10-63rd-Rd,-Unit-2001,-Queens,-NY-11374",36081071701,Queens,31.548275190143205,45.86494185680987,53.33160852347654
"126-43-39th-Ave,-Unit-927,-Queens,-NY-11368",36081040902,Queens,29.362237297675467,46.67890396434213,51.1455706310088
"30-02-39th-Ave,-Unit-A326,-Queens,-NY-11101",36081003100,Queens,21.615965207471405,36.01983150915344,41.98649817582011
"29-Keats-St,-Staten-Island,-NY-10308",36085019800,Staten Island,111.72440151219392,96.04106817886058,96.00773484552724
"3900-Greystone-Ave,-Apt-52A,-Bronx,-NY-10463",36005033500,Bronx,55.06833068691416,65.38499735358083,72.35166402024748
"126-43-39th-Ave,-Unit-1264,-Queens,-NY-11368",36081040902,Queens,29.362237297675467,46.67890396434213,51.1455706310088
"126-43-39th-Ave,-Unit-979,-Queens,-NY-11368",36081040902,Queens,29.362237297675467,46.67890396434213,51.1455706310088
"126-43-39th-Ave,-Unit-1171,-Queens,-NY-11368",36081040902,Queens,29.362237297675467,46.67890396434213,51.1455706310088
"45-48-47th-St,-Unit-4C,-Queens,-NY-11377",36081023502,Queens,26.794758913888383,38.11142558055506,44.078092247221726
"55-Dash-Pl,-Apt-105,-Bronx,-NY-10463",36005033500,Bronx,55.45406927594711,65.77073594261378,71.74674813596098
"126-43-39th-Ave,-Unit-1239,-Queens,-NY-11368",36081040902,Queens,29.362237297675467,46.67890396434213,51.1455706310088
"126-43-39th-Ave,-Unit-1244,-Queens,-NY-11368",36081040902,Queens,29.362237297675467,46.67890396434213,51.1455706310088
"3435-Ely-Ave,-Unit-2,-Bronx,-NY-10469",36005046208,Bronx,64.00564528092949,68.82231194759615,77.78897861426282
"3585-Greystone-Ave,-Apt-4B,-Bronx,-NY-10463",36005029500,Bronx,53.88874295467911,64.20540962134578,71.17207628801245
"1080-Rhinelander-Ave,-Bronx,-NY-10461",36005025400,Bronx,64.58950687479746,69.40617354146413,78.3728402081308
"3260-Henry-Hudson-Pkwy,-Apt-2A,-Bronx,-NY-10463",36005029700,Bronx,60.85281758733653,71.1694842540032,78.13615092066986
"2385-3rd-Ave,-Unit-A1816,-Bronx,-NY-10451",36005005100,Bronx,40.52627586593031,43.34294253259698,49.30960919926364
"748-E-225th-St,-Unit-2,-Bronx,-NY-10466",36005040600,Bronx,68.01565742513465,67.33232409180133,77.29899075846798
"3260-Henry-Hudson-Pkwy,-Apt-2N,-Bronx,-NY-10463",36005029700,Bronx,60.85281758733653,71.1694842540032,78.13615092066986
"3260-Henry-Hudson-Pkwy,-Apt-1E,-Bronx,-NY-10463",36005029700,Bronx,60.85281758733653,71.1694842540032,78.13615092066986
"2471-Belmont-Ave,-Bronx,-NY-10458",36005038900,Bronx,54.26831451889575,72.08498118556241,81.55164785222908
"176-Woodward-Ave,-Apt-104,-Queens,-NY-11385",36081053901,Queens,42.79853074128356,42.11519740795022,47.58186407461689
"24-23-23rd-St,-Unit-1,-Queens,-NY-11102",36081009500,Queens,39.91072987150408,49.72739653817075,55.69406320483742
"2441-Jerome-Ave,-Unit-4,-Bronx,-NY-10468",36005025300,Bronx,40.70980678738115,54.860019155752255,58.82668582241892
"214-50th-Ave,-Apt-203W,-Queens,-NY-11101",36081000101,Queens,20.25037055193832,31.567037218604984,37.53370388527165
"3870-Sedgwick-Ave,-Unit-6D,-Bronx,-NY-10463",36005040900,Bronx,55.84253231241722,66.15919897908388,73.12586564575055
"76-15-35th-Ave,-Apt-3L,-Queens,-NY-11372",36081028700,Queens,29.031652189840347,44.84831885650701,50.81498552317368
"480-Concord-Ave,-Unit-3,-Bronx,-NY-10455",36005003500,Bronx,48.92395257729386,49.03492841470841,58.00159508137508
"23-15-44th-Rd,-Unit-25A,-Queens,-NY-11101",36081001903,Queens,15.06614043384208,30.882807100508742,36.84947376717541
"23-15-44th-Rd,-Unit-14G,-Queens,-NY-11101",36081001903,Queens,15.06614043384208,30.882807100508742,36.84947376717541
"3629-Marolla-Pl,-Bronx,-NY-10466",36005048401,Bronx,71.8713657897697,76.68803245643636,85.65469912310303
"3900-Greystone-Ave,-Apt-22B,-Bronx,-NY-10463",36005033500,Bronx,55.06833068691416,65.38499735358083,72.35166402024748
"22-51-45th-St,-Unit-4B,-Queens,-NY-11105",36081013700,Queens,45.7669503434886,55.58361701015527,61.550283676821934
"286-Rider-Ave,-Unit-704,-Bronx,-NY-10451",36005005100,Bronx,36.06216614024506,38.87883280691173,48.84549947357839
"1041-E-216th-St,-Bronx,-NY-10469",36005038800,Bronx,78.16725860949057,78.6946792723512,88.66134593901786
"2828-University-Unit-Ave,-Ph-2,-Bronx,-NY-10468",36005026702,Bronx,48.4722195735978,63.83007995757408,67.79674662424074
"286-Rider-Ave,-Unit-410,-Bronx,-NY-10451",36005005100,Bronx,36.06216614024506,38.87883280691173,48.84549947357839
"709-Woodward-Ave,-Apt-2R,-Queens,-NY-11385",36081058900,Queens,42.79786017957436,42.11452684624102,46.70724264173149
"73-Aspinwall-St,---2,-Staten-Island,-NY-10307",36085024401,Staten Island,118.9092800794802,103.22594674614687,103.19261341281351
"97-29-64-Rd,-Unit-7C,-Queens,-NY-11374",36081071701,Queens,34.557880513557635,48.87454718022431,56.341213846890966
"25-Stanley-Ave,-Unit-2,-Staten-Island,-NY-10301",36085007700,Staten Island,94.84824461613955,79.16491128280623,79.13157794947288
"25-Stanley-Ave,-Unit-1,-Staten-Island,-NY-10301",36085007700,Staten Island,94.84824461613955,79.16491128280623,79.13157794947288
"23-Marbel-Hill-Ave,-Unit-Gf,-Bronx,-NY-10463",36061030900,Manhattan,44.63362762553367,54.95029429220033,61.916960958867
"73-Aspinwall-St,-Unit-2,-Staten-Island,-NY-10307",36085024401,Staten Island,118.87122208311288,103.18788874977956,103.1545554164462
"709-Woodward-Ave,-Apt-1L,-Queens,-NY-11385",36081058900,Queens,42.79786017957436,42.11452684624102,46.70724264173149
"47-05-Center-Blvd,-Unit-1201,-Queens,-NY-11109",36081000102,Queens,21.51169685239385,32.82836351906052,38.79503018572719
"216-E-203rd-St,-Apt-6B,-Bronx,-NY-10458",36005041300,Bronx,40.29282640064188,58.10949306730855,66.89300042436106
"1507-Metropolitan-Ave,-Apt-6A,-Bronx,-NY-10462",36005021001,Bronx,59.987003585751125,68.30367025241779,72.27033691908446
"1038-E-217-St,-Unit-2ND,-Bronx,-NY-10469",36005038800,Bronx,79.1848597617085,78.50152642837516,88.46819309504183
"4451-Matilda-Ave,-Bronx,-NY-10470",36005041400,Bronx,72.69191239797615,72.00857906464282,81.97524573130949
"2948-Wickham-Ave,-Unit-2,-Bronx,-NY-10469",36005035600,Bronx,70.86443205545204,75.68109872211872,84.64776538878537
"1451-Rosedale-Ave,-Unit-1,-Bronx,-NY-10460",36005021800,Bronx,58.24787811504394,62.38927693698359,72.35594360365026
"1-15-57th-Ave,-Unit-3826,-Queens,-NY-11101",36081000101,Queens,26.986097030125997,38.30276369679266,44.26943036345933
"40-Bruckner-Blvd,-Apt-202,-Bronx,-NY-10454",36005001901,Bronx,42.04802866747357,47.262593704551456,53.229260371218125
"40-Bruckner-Blvd,-Unit-626NT,-Bronx,-NY-10454",36005001901,Bronx,42.04802866747357,47.262593704551456,53.229260371218125
"2680-Bailey-Ave,-Unit-2,-Bronx,-NY-10463",36005026900,Bronx,50.87633173039394,61.192998397060606,68.15966506372727
"40-Bruckner-Blvd,-Unit-202NT,-Bronx,-NY-10454",36005001901,Bronx,42.04802866747357,47.262593704551456,53.229260371218125
"40-Bruckner-Blvd,-Unit-508NT,-Bronx,-NY-10454",36005001901,Bronx,42.04802866747357,47.262593704551456,53.229260371218125
"43-10-Crescent-St,-Unit-3508,-Queens,-NY-11101",36081001903,Queens,17.010005856578765,32.71976717282129,37.80054502519427
"2685-Creston-Ave,-Apt-1B,-Bronx,-NY-10468",36005040304,Bronx,38.82914096238042,56.64580762904709,62.149510800053925
"37-08-62nd-St,-Queens,-NY-11377",36081026100,Queens,27.6341768954533,42.45084356211997,48.41751022878663
"32-15-35th-St,-Unit-F1,-Queens,-NY-11106",36081005900,Queens,29.35679255690322,39.67345922356989,47.14012589023656
"2828-University-Ave,-Unit-302,-Bronx,-NY-10468",36005026702,Bronx,48.4722195735978,63.83007995757408,67.79674662424074
"40-Bruckner-Blvd,-Unit-318NT,-Bronx,-NY-10454",36005001901,Bronx,42.04802866747357,47.262593704551456,53.229260371218125
"40-Bruckner-Blvd,-Apt-318,-Bronx,-NY-10454",36005001901,Bronx,42.04802866747357,47.262593704551456,53.229260371218125
"224-E-135th-St,-Unit-2428N,-Bronx,-NY-10451",36005005100,Bronx,37.68382081349197,40.50048748015864,50.46715414682531
"40-Bruckner-Blvd,-Apt-1203,-Bronx,-NY-10454",36005001901,Bronx,42.04802866747357,47.262593704551456,53.229260371218125
"224-E-135th-St,-Unit-1127N,-Bronx,-NY-10451",36005005100,Bronx,37.68382081349197,40.50048748015864,50.46715414682531
"2828-University-Ave,-Unit-303,-Bronx,-NY-10468",36005026702,Bronx,48.4722195735978,63.83007995757408,67.79674662424074
"225-E-134th-St,-Apt-5I,-Bronx,-NY-10451",36005005100,Bronx,39.10375506199237,41.92042172865904,51.65723396567434
"224-E-135th-St,-Unit-1326N,-Bronx,-NY-10451",36005005100,Bronx,37.68382081349197,40.50048748015864,50.46715414682531
"225-E-134th-St,-Unit-2G,-Bronx,-NY-10451",36005005100,Bronx,39.10375506199237,41.92042172865904,51.65723396567434
"40-Bruckner-Blvd,-Apt-1022,-Bronx,-NY-10454",36005001901,Bronx,42.04802866747357,47.262593704551456,53.229260371218125
"225-E-134th-St,-Unit-3--C,-Bronx,-NY-10451",36005005100,Bronx,39.10375506199237,41.92042172865904,51.65723396567434
"225-E-134th-St,-Apt-4K,-Bronx,-NY-10451",36005005100,Bronx,39.10375506199237,41.92042172865904,51.65723396567434
"40-Bruckner-Blvd,-Unit-1022NT,-Bronx,-NY-10454",36005001901,Bronx,42.04802866747357,47.262593704551456,53.229260371218125
"224-E-135th-St,-Unit-2118S,-Bronx,-NY-10451",36005005100,Bronx,37.68382081349197,40.50048748015864,50.46715414682531
"14-Atlantic-Ave,-Unit-2,-Staten-Island,-NY-10304",36085009602,Staten Island,99.77879336441048,84.09546003107715,84.06212669774382
"2828-University-Ave,-Unit-301,-Bronx,-NY-10468",36005026702,Bronx,48.4722195735978,63.83007995757408,67.79674662424074
"40-Bruckner-Blvd,-Unit-423NT,-Bronx,-NY-10454",36005001901,Bronx,42.04802866747357,47.262593704551456,53.229260371218125
"30-77-Vernon-Blvd,-Ph-810S,-Queens,-NY-11102",36081008100,Queens,45.45551709617661,55.27218376284328,61.238850429509945
"2828-University-Ave,-Unit-403,-Bronx,-NY-10468",36005026702,Bronx,48.4722195735978,63.83007995757408,67.79674662424074
"14-Atlantic-Ave,---2,-Staten-Island,-NY-10304",36085009602,Staten Island,99.82950601142188,84.14617267808853,84.1128393447552
"30-77-Vernon-Blvd,-Unit-614W,-Queens,-NY-11102",36081008100,Queens,45.45551709617661,55.27218376284328,61.238850429509945
"40-Bruckner-Blvd,-Unit-1203NT,-Bronx,-NY-10454",36005001901,Bronx,42.04802866747357,47.262593704551456,53.229260371218125
"225-E-134th-St,-Unit-5--A,-Bronx,-NY-10451",36005005100,Bronx,39.10375506199237,41.92042172865904,51.65723396567434
"40-Bruckner-Blvd,-Apt-507,-Bronx,-NY-10454",36005001901,Bronx,42.04802866747357,47.262593704551456,53.229260371218125
"40-Bruckner-Blvd,-Apt-423,-Bronx,-NY-10454",36005001901,Bronx,42.04802866747357,47.262593704551456,53.229260371218125
"221-Midland-Ave,-Staten-Island,-NY-10306",36085011402,Staten Island,94.77757025420242,79.09423692086908,79.06090358753575
"445-Gerard-Ave,-Unit-W915,-Bronx,-NY-10451",36005006301,Bronx,38.66885847715871,42.50343880093268,46.62575779050477
"3840-Greystone-Ave,-Apt-3I,-Bronx,-NY-10463",36005033500,Bronx,53.97332636337215,64.28999303003881,71.25665969670548
"668-Sheldon-Ave,-Staten-Island,-NY-10312",36085020804,Staten Island,110.2627073259552,94.57937399262188,94.54604065928854
"41-18-27th-St,-Apt-5B,-Queens,-NY-11101",36081003301,Queens,19.60913863854277,32.65029587598183,38.6169625426485
"3333-Henry-Hudson-Pkwy,-Apt-22C,-Bronx,-NY-10463",36005030701,Bronx,61.89403962342261,72.21070629008928,79.17737295675595
"3865-Amboy-Rd,-Unit-4D,-Staten-Island,-NY-10308",36085014605,Staten Island,95.3608918941117,79.67755856077837,79.64422522744503
"120-E-144th-St,-Unit-1116,-Bronx,-NY-10451",36005006301,Bronx,37.94701978327259,40.76368644993925,47.31664542819384
"214-50th-Ave,-Apt-1006W,-Queens,-NY-11101",36081000101,Queens,20.25037055193832,31.567037218604984,37.53370388527165
"10460-Queens-Blvd,-Apt-6M,-Queens,-NY-11375",36081071305,Queens,32.93950589977313,48.7561725664398,54.72283923310647
"29-11-Queens-Plz-N,-Apt-20E,-Queens,-NY-11101",36081003301,Queens,16.275012033134196,31.091678699800863,37.55834536646753
"41-18-Crescent-St,-Apt-1E,-Queens,-NY-11101",36081003301,Queens,20.54796104686256,32.58484451483847,38.55151118150514
"2413-3rd-Ave,-Apt-2103,-Bronx,-NY-10451",36005005100,Bronx,40.468687824108,43.28535449077467,49.94238551019721
"2528-Poplar-St,-Bronx,-NY-10461",36005025600,Bronx,62.44520643399471,70.76187310066138,74.72853976732804
"41-34-Crescent-St,-Apt-9M,-Queens,-NY-11101",36081003301,Queens,20.283480952193752,31.83912777774777,37.80579444441444
"30-54-38th-St,-Unit-3B,-Queens,-NY-11103",36081006300,Queens,35.578884872011265,45.895551538677935,53.25984763662816
"2413-3rd-Ave,-Apt-2101,-Bronx,-NY-10451",36005005100,Bronx,40.468687824108,43.28535449077467,49.94238551019721
"228-E-135th-St,-Apt-902,-Bronx,-NY-10451",36005005100,Bronx,38.0582592720035,40.87492593867016,50.84159260533683
"1125-Allerton-Ave,-Bronx,-NY-10469",36005034800,Bronx,68.10920750421096,72.92587417087762,81.89254083754427
"104-40-Queens-Blvd,-Unit-10D,-Queens,-NY-11375",36081071305,Queens,34.5677024238338,50.38436909050047,56.35103575716713
"681-Rhinelander-Ave,-Unit-2,-Bronx,-NY-10462",36005023000,Bronx,57.70236441756605,57.01903108423272,66.98569775089939
"228-E-135th-St,-Apt-1210,-Bronx,-NY-10451",36005005100,Bronx,38.0582592720035,40.87492593867016,50.84159260533683
"4116-De-Reimer-Ave,-Unit-2,-Bronx,-NY-10466",36005044800,Bronx,82.47389338324095,85.71173838303078,95.67840504969745
"2413-3rd-Ave,-Apt-2004,-Bronx,-NY-10451",36005005100,Bronx,40.468687824108,43.28535449077467,49.94238551019721
"104-20-Queens-Blvd,-Unit-04T,-Queens,-NY-11375",36081071305,Queens,34.376084452676,50.19275111934267,56.159417786009335
"45-50-Pearson-St,-Unit-9L,-Queens,-NY-11101",36081001901,Queens,18.72351888365228,32.788845565175265,37.197896529088574
"30-25-21st-St,-Apt-3B,-Queens,-NY-11102",36081007900,Queens,38.35803993247618,48.17470659914285,54.14137326580951
"47-05-Center-Blvd,-Unit-314,-Queens,-NY-11109",36081000102,Queens,21.51169685239385,32.82836351906052,38.79503018572719
"11-35-45th-Ave,-Unit-2H,-Queens,-NY-11101",36081000702,Queens,15.827897494168138,31.644564160834804,37.61123082750147
"47-05-Center-Blvd,-Unit-1206,-Queens,-NY-11109",36081000102,Queens,21.51169685239385,32.82836351906052,38.79503018572719
"688-E-230th-St,-Bronx,-NY-10466",36005042000,Bronx,71.08665732093323,70.40332398759989,80.36999065426656
"1672-E-Gun-Hill-Rd,-Unit-1,-Bronx,-NY-10469",36005036000,Bronx,73.53209980895356,78.34876647562024,87.31543314228689
"143-20-Hoover-Ave,-Unit-505,-Queens,-NY-11435",36081022002,Queens,44.67916421351273,60.49583088017939,68.46249754684605
"1160-Richmond-Rd,-Apt-5G,-Staten-Island,-NY-10304",36085009601,Staten Island,94.31892052395338,78.63558719062004,78.60225385728671
"3207-Oxford-Ave,-Apt-11,-Bronx,-NY-10463",36005029500,Bronx,56.183222904915816,66.49988957158249,73.46655623824914
"2222-Newbold-Ave,-Bronx,-NY-10462",36005009200,Bronx,51.08662045840512,59.403287125071785,63.36995379173845
"4370-Edson-Ave,-Unit-2,-Bronx,-NY-10466",36005044400,Bronx,79.15639406850002,78.47306073516668,88.43972740183335
"491-Grandview-Ave,-Apt-2B,-Queens,-NY-11385",36081059501,Queens,50.69220072874904,50.0088673954157,53.21753329119
"59-06-Catalpa-Ave,-Unit-3,-Queens,-NY-11385",36081058300,Queens,44.82777469113616,44.144441357802826,45.95376265432954
"59-06-Catalpa-Ave,-Queens,-NY-11385",36081058300,Queens,45.023923959865705,44.340590626532375,45.77768581120211
"97-12-65th-Rd,-Unit-20G,-Queens,-NY-11374",36081071306,Queens,36.02827541363078,50.34494208029744,57.81160874696411
"746-E-219th-St,-Bronx,-NY-10467",36005039000,Bronx,66.87077695160222,66.18744361826889,76.15411028493556
"97-12-65th-Rd,-Unit-20A,-Queens,-NY-11374",36081071306,Queens,36.02827541363078,50.34494208029744,57.81160874696411
"11-Sydney-Pl,-Unit-1,-Staten-Island,-NY-10306",36085018100,Staten Island,91.25217077672872,75.5688374433954,75.53550411006206
"847-E-220th-St,-Bronx,-NY-10467",36005039600,Bronx,71.23687990797771,70.55354657464437,80.52021324131104
"55-Dash-Pl,-Unit-318,-Bronx,-NY-10463",36005033500,Bronx,55.45406927594711,65.77073594261378,71.74674813596098
"880-Atlantic-Ave,-Apt-3H,-Brooklyn,-NY-11238",36047020300,Brooklyn,41.32149258060533,25.138159247272,16.104825913938665
"2455-3rd-Ave---M,-Bronx,-NY-10451",36005005100,Bronx,38.99372364610311,41.810390312769776,51.777056979436445
"43-22-Queens-St,-Unit-3101,-Queens,-NY-11101",36081001902,Queens,19.048341696761117,33.86500836342778,39.75192606935526
"43-22-Queens-St,-Unit-910,-Queens,-NY-11101",36081001902,Queens,19.048341696761117,33.86500836342778,39.75192606935526
"95-19-77-St,-Unit-2,-Queens,-NY-11416",36081003600,Queens,58.99511290464259,43.31177957130925,39.27844623797592
"43-10-Crescent-St,-Unit-2803,-Queens,-NY-11101",36081001903,Queens,17.010005856578765,32.71976717282129,37.80054502519427
"195-Autumn-Ave,-Brooklyn,-NY-11208",36047118400,Brooklyn,51.23135112227582,45.54801778894249,41.01468445560916
"277-Gold--Gold-St,-Unit-9D,-Brooklyn,-NY-11201",36047001501,Brooklyn,35.70489975074437,21.56634095649479,13.033007623161458
"445-Classon-Ave,-Apt-2,-Brooklyn,-NY-11238",36047022900,Brooklyn,40.66108173704938,30.47774840371605,22.19974614056215
"645-Knickerbocker-Ave,-Apt-3,-Brooklyn,-NY-11221",36047043500,Brooklyn,41.66416127219045,40.98082793885712,41.94749460552378
"192-Etna-St,-Brooklyn,-NY-11208",36047117601,Brooklyn,51.18417891775212,45.50084558441879,40.96751225108546
"1277-E-14th-St,-Apt-804C,-Brooklyn,-NY-11230",36047076800,Brooklyn,48.9474790678546,40.26414573452127,33.23081240118793
"276-Grand-Concourse,-Apt-517,-Bronx,-NY-10451",36005005100,Bronx,33.57077481438737,36.38744148105404,46.35410814772071
"11-Ocean-Pkwy,-Unit-1118,-Brooklyn,-NY-11218",36047012902,Brooklyn,34.76460992512482,21.272989580694837,13.739656247361498
"276-Grand-Concourse,-Unit-1005NT,-Bronx,-NY-10451",36005005100,Bronx,33.57077481438737,36.38744148105404,46.35410814772071
"276-Grand-Concourse,-Unit-516NT,-Bronx,-NY-10451",36005005100,Bronx,33.57077481438737,36.38744148105404,46.35410814772071
"276-Grand-Concourse,-Unit-1009NT,-Bronx,-NY-10451",36005005100,Bronx,33.57077481438737,36.38744148105404,46.35410814772071
"1745-President-St,-Apt-1A,-Brooklyn,-NY-11213",36047034902,Brooklyn,48.27622062858848,29.09288729525515,21.559553961921814
"447-11th-St,-Unit-2F,-Brooklyn,-NY-11215",36047015100,Brooklyn,43.68049057780935,32.99715724447602,23.34581906543862
"550-Prospect-Pl,-Apt-406,-Brooklyn,-NY-11238",36047030500,Brooklyn,46.38722070665855,27.20388737332521,18.745507304597343
"277-Gold-St,-Brooklyn,-NY-11201",36047001501,Brooklyn,35.696535541106535,21.57014291390505,13.03680958057172
"276-Grand-Concourse,-Apt-604,-Bronx,-NY-10451",36005005100,Bronx,33.57077481438737,36.38744148105404,46.35410814772071
"18-India-St,-Unit-N302,-Brooklyn,-NY-11222",36047056500,Brooklyn,32.75228031797027,45.06894698463693,39.0356136513036
"505-State-St,-Apt-33I,-Brooklyn,-NY-11217",36047003900,Brooklyn,30.85429848969021,15.543002109479945,8.009668776146613
"257-Gold--Gold-St,-Unit-7J,-Brooklyn,-NY-11201",36047001501,Brooklyn,35.39456480134469,22.281199256705285,13.747865923371952
"257-Gold-St,-Phs-N-&-257,-Brooklyn,-NY-11201",36047001501,Brooklyn,35.39456480134469,22.281199256705285,13.747865923371952
"2413-3rd-Ave,-Apt-1806,-Bronx,-NY-10451",36005005100,Bronx,40.468687824108,43.28535449077467,49.94238551019721
"423-Ocean-Pkwy,-Apt-6B,-Brooklyn,-NY-11218",36047049000,Brooklyn,52.24562673457855,43.56229340124522,34.292783415258754
"564-Oder-Ave,-Staten-Island,-NY-10304",36085005000,Staten Island,94.79750207619092,79.11416874285759,79.08083540952425
"276-Grand-Concourse,-Apt-914,-Bronx,-NY-10451",36005005100,Bronx,33.57077481438737,36.38744148105404,46.35410814772071
"276-Grand-Concourse,-Unit-1115NT,-Bronx,-NY-10451",36005005100,Bronx,33.57077481438737,36.38744148105404,46.35410814772071
"276-Grand-Concourse,-Apt-809,-Bronx,-NY-10451",36005005100,Bronx,33.57077481438737,36.38744148105404,46.35410814772071
"276-Grand-Concourse,-Unit-914NT,-Bronx,-NY-10451",36005005100,Bronx,33.57077481438737,36.38744148105404,46.35410814772071
"1480-Parkchester-Rd,-Apt-Ma,-Bronx,-NY-10462",36005021200,Bronx,52.26291776375911,60.57958443042578,64.54625109709245
"30-77-Vernon-Blvd,-Unit-213W,-Queens,-NY-11102",36081008100,Queens,45.45551709617661,55.27218376284328,61.238850429509945
"10-63-Jackson-Ave,-Unit-7C,-Queens,-NY-11101",36081000701,Queens,16.193147759380487,27.509814426047157,33.47648109271382
"95-19-77th-St,-Queens,-NY-11416",36081003600,Queens,59.000762681239046,43.31742934790571,39.28409601457238
"11-Hoyt-St,-Apt-28D,-Brooklyn,-NY-11201",36047003700,Brooklyn,30.0184700053843,14.335136672050968,6.801803338717635
"960-Franklin-Ave,-Unit-124,-Brooklyn,-NY-11225",36047021300,Brooklyn,42.15156857323073,27.93490811686897,20.40157478353564
"960-Franklin-Ave,-Unit-117,-Brooklyn,-NY-11225",36047021300,Brooklyn,42.15156857323073,27.93490811686897,20.40157478353564
"1515-Surf-Ave,-Apt-729,-Brooklyn,-NY-11224",36047034800,Brooklyn,64.39286182977851,50.70952849644518,41.17619516311185
"505-State-St,-Apt-3A,-Brooklyn,-NY-11217",36047003900,Brooklyn,30.85429848969021,15.543002109479945,8.009668776146613
"257-Gold-St,-Apt-5V,-Brooklyn,-NY-11201",36047001501,Brooklyn,35.603937263833004,21.960443366927965,13.427110033594632
"257-Gold-St,-Apt-7E,-Brooklyn,-NY-11201",36047001501,Brooklyn,35.603937263833004,21.960443366927965,13.427110033594632
"960-Franklin-Ave,-Unit-219N,-Brooklyn,-NY-11225",36047021300,Brooklyn,42.15156857323073,27.93490811686897,20.40157478353564
"2366-Bedford-Ave,-Unit-724,-Brooklyn,-NY-11226",36047079201,Brooklyn,50.22907653101912,39.77848095154159,30.01240986435245
"960-Franklin-Ave,-Unit-622,-Brooklyn,-NY-11225",36047021300,Brooklyn,42.15156857323073,27.93490811686897,20.40157478353564
"960-Franklin-Ave,-Unit-462,-Brooklyn,-NY-11225",36047021300,Brooklyn,42.15156857323073,27.93490811686897,20.40157478353564
"1515-Surf-Ave,-Apt-1122,-Brooklyn,-NY-11224",36047034800,Brooklyn,64.39286182977851,50.70952849644518,41.17619516311185
"1-Northside-Piers,-Apt-4F,-Brooklyn,-NY-11249",36047055500,Brooklyn,32.31311672863082,31.62978339529748,37.09645006196415
"955-Sterling-Pl,-Apt-504,-Brooklyn,-NY-11213",36047034100,Brooklyn,47.55923430701902,32.89034244483062,25.357009111497288
"100-Atlantic-Ave,-Apt-G2,-Brooklyn,-NY-11201",36047004900,Brooklyn,37.67435459043512,18.735321328293782,10.20198799496045
"150-Myrtle-Ave,-Apt-309,-Brooklyn,-NY-11201",36047001502,Brooklyn,30.22746364388461,19.045999171495016,11.039424622464654
"160-Front-St,-Apt-719,-Brooklyn,-NY-11201",36047002100,Brooklyn,27.665401041647748,19.02443984718727,12.948734374981084
"960-Franklin-Ave,-Unit-461,-Brooklyn,-NY-11225",36047021300,Brooklyn,42.15156857323073,27.93490811686897,20.40157478353564
"955-Sterling-Pl,-Apt-616,-Brooklyn,-NY-11213",36047034100,Brooklyn,47.55923430701902,32.89034244483062,25.357009111497288
"19-Carroll-St,-Apt-3F,-Brooklyn,-NY-11231",36047005100,Brooklyn,48.096271906830175,37.41293857349684,28.379605240163507
"1104-Lennox-Rd,-Brooklyn,-NY-11212",36047088600,Brooklyn,58.1203874077301,36.43705407439677,27.40372074106344
"341-Nostrand-Ave,-Apt-302D,-Brooklyn,-NY-11216",36047025100,Brooklyn,40.16024420818147,31.920360014111772,25.9435775415148
"150-Noll-St,-Unit-G4,-Brooklyn,-NY-11206",36047042500,Brooklyn,35.59049194259243,34.9071586092591,40.37382527592577
"155-Luquer-St,-Unit-2,-Brooklyn,-NY-11231",36047006500,Brooklyn,40.58649985968628,29.903166526352948,20.869833193019613
"14-Hausman-St,-Unit-1L,-Brooklyn,-NY-11222",36047059300,Brooklyn,42.61515304415785,42.97535784449956,45.89848637749118
"14-Hausman-St,-Unit-2R,-Brooklyn,-NY-11222",36047059300,Brooklyn,42.61515304415785,42.97535784449956,45.89848637749118
"172-Patchen-Ave,-Brooklyn,-NY-11221",36047038300,Brooklyn,43.807124001765146,35.944992709673315,31.41165937633998
"420-Carroll-St,-Unit-603,-Brooklyn,-NY-11215",36047011901,Brooklyn,42.9754583893625,31.41100358117239,18.877670247839056
"788-Willoughby-Ave,-Apt-135,-Brooklyn,-NY-11206",36047028700,Brooklyn,34.79128440924938,29.60795107591605,34.57461774258272
"960-Franklin-Ave,-Unit-357,-Brooklyn,-NY-11225",36047021300,Brooklyn,42.15156857323073,27.93490811686897,20.40157478353564
"111-Lawrence-St,-Apt-13H,-Brooklyn,-NY-11201",36047001100,Brooklyn,29.739163248201077,14.818106326786884,6.284772993453553
"250-Ashland-Pl,-Apt-24B,-Brooklyn,-NY-11217",36047003300,Brooklyn,32.54683381791766,14.23249394133416,6.699160608000828
"3145-Fenton-Ave,---1,-Bronx,-NY-10469",36005035800,Bronx,63.36827659208104,68.18494325874771,77.15160992541436
"120-E-144th-St,-Unit-1110,-Bronx,-NY-10451",36005006301,Bronx,37.94701978327259,40.76368644993925,47.31664542819384
"2385-3rd-Ave,-Unit-C2534,-Bronx,-NY-10451",36005005100,Bronx,40.52627586593031,43.34294253259698,49.30960919926364
"387-E-152nd-St,-Unit-2ND,-Bronx,-NY-10455",36005006700,Bronx,41.076048010570304,44.892714677236974,51.85938134390364
"1481-Needham-Ave,-Bronx,-NY-10469",36005038600,Bronx,75.29724488978984,80.1139115564565,89.08057822312317
"960-Franklin-Ave,-Unit-221N,-Brooklyn,-NY-11225",36047021300,Brooklyn,42.15156857323073,27.93490811686897,20.40157478353564
"42-22-Ketcham-St,-Apt-16E,-Queens,-NY-11373",36081026902,Queens,28.345600493567208,44.3201384803746,51.78680514704127
"10-44-46th-Rd,-Unit-2,-Queens,-NY-11101",36081000702,Queens,20.78799947252724,32.17244232786431,36.62919329112016
"86-05-60th-Rd,-Queens,-NY-11373",36081068700,Queens,35.9831295815138,50.29979624818046,57.76646291484713
"2366-Bedford-Ave,-Unit-466,-Brooklyn,-NY-11226",36047079201,Brooklyn,50.22907653101912,39.77848095154159,30.01240986435245
"960-Franklin-Ave,-Unit-108,-Brooklyn,-NY-11225",36047021300,Brooklyn,42.15156857323073,27.93490811686897,20.40157478353564
"196-Willoughby-St,-Apt-27D,-Brooklyn,-NY-11201",36047003101,Brooklyn,28.50911032040501,17.443947515911123,9.910614182577786
"277-Gold-St,-Phs-A-&-277,-Brooklyn,-NY-11201",36047001501,Brooklyn,35.70489975074437,21.56634095649479,13.033007623161458
"1134-Fulton-St,-Unit-8A,-Brooklyn,-NY-11216",36047022700,Brooklyn,42.02071662345921,25.837383290125874,16.80404995679254
"960-Franklin-Ave,-Unit-717,-Brooklyn,-NY-11225",36047021300,Brooklyn,42.15156857323073,27.93490811686897,20.40157478353564
"461-Dean-St,-Apt-30B,-Brooklyn,-NY-11217",36047012902,Brooklyn,32.93474294888512,18.015147307063035,10.481813973729702
"960-Franklin-Ave,-Unit-458,-Brooklyn,-NY-11225",36047021300,Brooklyn,42.15156857323073,27.93490811686897,20.40157478353564
"260-Gold-St,-Apt-812,-Brooklyn,-NY-11201",36047001501,Brooklyn,35.96002326687305,21.17866376772695,12.645330434393612
"395-Carroll-St,-Apt-704,-Brooklyn,-NY-11231",36047007500,Brooklyn,41.243127401116254,30.559794067782924,20.24495444816996
"1515-Surf-Ave,-Apt-541,-Brooklyn,-NY-11224",36047034800,Brooklyn,64.39286182977851,50.70952849644518,41.17619516311185
"960-Franklin-Ave,-Unit-621,-Brooklyn,-NY-11225",36047021300,Brooklyn,42.15156857323073,27.93490811686897,20.40157478353564
"960-Franklin-Ave,-Unit-120,-Brooklyn,-NY-11225",36047021300,Brooklyn,42.15156857323073,27.93490811686897,20.40157478353564
"21-India-St,-Apt-N302,-Brooklyn,-NY-11222",36047056302,Brooklyn,33.06179825610081,45.37846492276747,39.34513158943414
"240-3rd-Ave,-Apt-5L,-Brooklyn,-NY-11217",36047011901,Brooklyn,40.04376922270512,27.356581610512176,15.23187857179748
"240-3rd-Ave,-Apt-9BA,-Brooklyn,-NY-11217",36047011901,Brooklyn,40.04376922270512,27.356581610512176,15.23187857179748
"532-Neptune-Ave,-Apt-111G,-Brooklyn,-NY-11224",36047035400,Brooklyn,66.29895796330894,55.6156246299756,43.29237082929836
"277-Gold-St,-Apt-3M,-Brooklyn,-NY-11201",36047001501,Brooklyn,35.761790020136736,21.242410236565444,12.709076903232113
"532-Neptune-Unit-Ave,-Ph-13M,-Brooklyn,-NY-11224",36047035400,Brooklyn,66.29895796330894,55.6156246299756,43.29237082929836
"960-Franklin-Ave,-Unit-460,-Brooklyn,-NY-11225",36047021300,Brooklyn,42.15156857323073,27.93490811686897,20.40157478353564
"198-Stuyvesant-Ave,-Unit-2,-Brooklyn,-NY-11221",36047029300,Brooklyn,46.6644757868562,37.62176153455819,35.71188750089682
"199-Getz-Ave,-Unit-1,-Staten-Island,-NY-10312",36085014607,Staten Island,110.24216184801892,94.55882851468556,94.52549518135224
"2413-3rd-Ave,-Apt-1305,-Bronx,-NY-10451",36005005100,Bronx,40.468687824108,43.28535449077467,49.94238551019721
"3217-Pearsall-Ave,-Bronx,-NY-10469",36005034800,Bronx,67.5931872140864,72.40985388075305,81.37652054741972
"147-Stuyvesant-Ave,-Apt-1,-Brooklyn,-NY-11221",36047029100,Brooklyn,43.681701328596645,35.27366512092726,43.46503466192998
"55-Fleet-St,-Apt-18O,-Brooklyn,-NY-11201",36047001502,Brooklyn,26.60725286857479,16.223201648391733,8.689868315058398
"128-Columbia-Hts,---606,-Brooklyn,-NY-11201",36047000100,Brooklyn,30.838643485926088,15.155310152592756,10.121976819259425
"461-Dean-St,-Apt-28D,-Brooklyn,-NY-11217",36047012902,Brooklyn,32.93474294888512,18.015147307063035,10.481813973729702
"221-Howard-Ave,-Apt-1R,-Brooklyn,-NY-11233",36047037900,Brooklyn,49.17539560883949,34.070289607815134,25.0369562744818
"365-Bond-St,-Apt-B215,-Brooklyn,-NY-11231",36047007700,Brooklyn,41.28557918326894,30.60224584993561,20.91184375833064
"1280-Dean-St,-Unit-2E,-Brooklyn,-NY-11216",36047031300,Brooklyn,45.88367988033277,29.70034654699943,24.1670132136661
"2-Blue-Slip,-Apt-11E,-Brooklyn,-NY-11222",36047056302,Brooklyn,28.925726271184203,40.24239293785087,40.99312018437492
"394-Harman-St,-Apt-3F,-Brooklyn,-NY-11237",36047044300,Brooklyn,36.6828091802087,35.99947584687537,39.96614251354204
"1503-Eighth-Ave,-Unit-3R,-Brooklyn,-NY-11215",36047016900,Brooklyn,44.95526409795475,34.271930764621416,25.238597431288085
"43-25-Hunter-St,-Unit-5014W,-Queens,-NY-11101",36081001902,Queens,17.33191692971287,32.354171374035296,36.61679983460801
"22-18-Jackson-Ave,-Unit-720,-Queens,-NY-11101",36081001901,Queens,18.0620502101105,32.20758484771911,36.80911942433895
"109-3rd-St,-Apt-3,-Brooklyn,-NY-11231",36047007700,Brooklyn,39.76536945609242,29.08203612275909,20.04870278942576
"1-City-Pt,-Apt-21C,-Brooklyn,-NY-11201",36047001502,Brooklyn,28.121142545957603,17.180773528643325,9.647440195309994
"1457-Flatbush-Ave,-Apt-708,-Brooklyn,-NY-11210",36047078601,Brooklyn,57.98337288373738,38.80003955040405,31.266706217070716
"11-Hoyt-St,-Apt-56K,-Brooklyn,-NY-11201",36047003700,Brooklyn,30.00982238775175,14.638453538811463,7.10512020547813
"1118-Fulton-St,-Apt-5F,-Brooklyn,-NY-11238",36047022700,Brooklyn,40.3898201299648,24.20648679663146,15.173153463298128
"239-N-9th-St,-Unit-E307,-Brooklyn,-NY-11211",36047051900,Brooklyn,26.65315156566392,25.96981823233059,31.436484898997257
"239-N-9th-St,-Unit-E201,-Brooklyn,-NY-11211",36047051900,Brooklyn,26.63379402129145,25.95046068795812,31.417127354624785
"1-Bell-Slip,-Apt-16K,-Brooklyn,-NY-11222",36047056302,Brooklyn,26.314226391942192,37.630893058608855,41.58318956178729
"2100-Bedford-Ave,-Apt-6C,-Brooklyn,-NY-11226",36047079602,Brooklyn,44.08723202578212,35.40389869244879,27.1115144944142
"170-Broadway,-Apt-5B,-Brooklyn,-NY-11211",36047054900,Brooklyn,32.493724856611,28.81039152327767,33.777058189944334
"308-Graham-Ave,-Unit-2,-Brooklyn,-NY-11211",36047049500,Brooklyn,27.35181987271333,26.66848653938,32.13515320604667
"11-Ocean-Unit-Pkwy,-Ph-104,-Brooklyn,-NY-11218",36047012902,Brooklyn,34.76460992512482,21.272989580694837,13.739656247361498
"16-Dupont-St,-Apt-7J,-Brooklyn,-NY-11222",36047056302,Brooklyn,30.41723779254921,41.73390445921588,39.96911538877124
"568-Baltic-St,-Apt-1L,-Brooklyn,-NY-11217",36047012700,Brooklyn,34.54227338709377,21.85894005376044,14.325606720427109
"23-15-44th-Rd,-Unit-42E,-Queens,-NY-11101",36081001903,Queens,15.06614043384208,30.882807100508742,36.84947376717541
"1233-Bay-St,-Unit-1,-Staten-Island,-NY-10305",36085000600,Staten Island,99.17209881918738,83.48876548585405,83.45543215252071
"42-Maspeth-Ave,-Apt-3B,-Brooklyn,-NY-11211",36047047700,Brooklyn,28.637238870534876,27.95390553720154,33.420572203868204
"23-15-44th-Rd,-Unit-43N,-Queens,-NY-11101",36081001903,Queens,15.06614043384208,30.882807100508742,36.84947376717541
"10-13-47th-Ave,-Unit-3,-Queens,-NY-11101",36081000702,Queens,19.845128483259987,31.16179514992665,37.12846181659332
"23-15-44th-Rd,-Unit-64D,-Queens,-NY-11101",36081001903,Queens,15.06614043384208,30.882807100508742,36.84947376717541
"23-22-30th-Rd,-Unit-3H,-Queens,-NY-11102",36081007300,Queens,35.50715887044881,45.32382553711548,51.290492203782144
"30-77-Vernon-Blvd,-Ph-725W,-Queens,-NY-11102",36081008100,Queens,45.45551709617661,55.27218376284328,61.238850429509945
"225-Schermerhorn-St,-Apt-16K,-Brooklyn,-NY-11201",36047003700,Brooklyn,31.091064347013,15.787539393290674,8.75420605995734
"12-Halsey-St,-Apt-527,-Brooklyn,-NY-11216",36047024500,Brooklyn,41.11553602821762,24.93220269488428,19.16995403094176
"196-Willoughby-St,-Apt-32B,-Brooklyn,-NY-11201",36047003101,Brooklyn,28.50911032040501,17.443947515911123,9.910614182577786
"36-S-4th-St,-Apt-B5,-Brooklyn,-NY-11249",36047054900,Brooklyn,37.40069148283992,35.98879771314671,40.95546437981338
"440-Irving-Ave,-Apt-3A,-Brooklyn,-NY-11237",36047043500,Brooklyn,40.9278528845339,40.24451955120057,40.63507560549876
"12-Halsey-St,-Apt-514,-Brooklyn,-NY-11216",36047024500,Brooklyn,41.11553602821762,24.93220269488428,19.16995403094176
"192-Flatbush-Ave,-Unit-4,-Brooklyn,-NY-11217",36047012902,Brooklyn,32.62798568546562,18.06677058691208,10.533437253578745
"34-N-7th-St,-Apt-11H,-Brooklyn,-NY-11249",36047055500,Brooklyn,31.09589410329709,30.41256076996376,35.87922743663043
"19-Rockwell-Pl,-Apt-10E,-Brooklyn,-NY-11217",36047003300,Brooklyn,29.756963436331013,13.639400777032344,6.106067443699009
"2230-Cropsey-Ave,-Apt-605,-Brooklyn,-NY-11214",36047029400,Brooklyn,66.06838540724128,57.38505207390794,48.85171874057461
"168-Wythe-Ave,-Unit-2B,-Brooklyn,-NY-11249",36047055500,Brooklyn,28.4441197753136,27.760786441980265,33.227453108646934
"45-50-Pearson-St,-Unit-5O,-Queens,-NY-11101",36081001901,Queens,18.72351888365228,32.788845565175265,37.197896529088574
"145-Amity-St,-Apt-5,-Brooklyn,-NY-11201",36047004500,Brooklyn,38.08402512956911,18.796448681268373,10.26311534793504
"4457-Mundy-Ln,-Bronx,-NY-10466",36005044400,Bronx,83.49265746496594,86.93429486068203,94.27599079829928
"689-Myrtle-Ave,-Apt-4F,-Brooklyn,-NY-11205",36047123700,Brooklyn,40.82630823727972,35.18140428294559,29.14807094961226
"656-Dean-St,-Brooklyn,-NY-11238",36047016300,Brooklyn,38.4149807255139,27.160074170199923,19.16197087668298
"50-N-1st-St,-Apt-5H,-Brooklyn,-NY-11249",36047055500,Brooklyn,32.912329135867616,32.228995802534286,37.69566246920095
"130-2nd-St,-Apt-12K,-Brooklyn,-NY-11231",36047007700,Brooklyn,40.2558783952469,29.57254506191357,20.53921172858024
"315-42nd-St,-Apt-1,-Brooklyn,-NY-11232",36047008200,Brooklyn,44.34237946169792,32.659046128364594,25.12571279503126
"257-Gold-St,-Ph-V,-Brooklyn,-NY-11201",36047001501,Brooklyn,35.39456480134469,22.281199256705285,13.747865923371952
"75-Greene-Ave,-Apt-2D,-Brooklyn,-NY-11238",36047018100,Brooklyn,38.78289292031021,24.16385589875508,15.952404967178682
"103-Wilson-Ave,-Apt-2L,-Brooklyn,-NY-11237",36047042700,Brooklyn,39.875832471874105,39.192499138540775,44.66615968085763
"777-Coney-Island-Ave,-Apt-4B,-Brooklyn,-NY-11218",36047052600,Brooklyn,46.807691344557725,38.1243580112244,29.527710989414302
"130-2nd-St,-Apt-8D,-Brooklyn,-NY-11231",36047007700,Brooklyn,40.2558783952469,29.57254506191357,20.53921172858024
"3604-Eastchester-Rd,-Bronx,-NY-10469",36005038600,Bronx,74.27822566168385,79.09489232835053,88.06155899501718
"50-48-45th-St,---Fl,-Queens,-NY-11377",36081018700,Queens,37.03175839484534,48.348425061512,54.31509172817867
"100-Van-Cortlandt-Park-S,-Unit-1,-Bronx,-NY-10463",36005028100,Bronx,57.51649807931592,67.83316474598259,74.79983141264924
"22-51-45th-St,-Unit-6E,-Queens,-NY-11105",36081013700,Queens,45.7669503434886,55.58361701015527,61.550283676821934
"975-Nostrand-Ave,-Apt-812,-Brooklyn,-NY-11225",36047031900,Brooklyn,47.744660627514826,28.56132729418149,21.02799396084816
"180-Ashland-Unit-Pl,-Ph-6,-Brooklyn,-NY-11217",36047003300,Brooklyn,30.26939477553817,14.60866917812258,7.075335844789247
"180-Montague-St,-Apt-17B,-Brooklyn,-NY-11201",36047000900,Brooklyn,30.388464849213427,12.525790999934811,3.9924576666014775
"3260-Henry-Hudson-Pkwy,-Apt-7P,-Bronx,-NY-10463",36005029700,Bronx,60.85281758733653,71.1694842540032,78.13615092066986
"21-Butler-Pl,-Apt-3D,-Brooklyn,-NY-11238",36047020700,Brooklyn,37.23093917780161,23.824258765706773,16.29092543237344
"251-Douglass-St,-Apt-921,-Brooklyn,-NY-11217",36047012700,Brooklyn,37.53667465755032,24.83914772318009,17.30581438984676
"2667-Fulton-St,-Unit-1B,-Brooklyn,-NY-11207",36047114600,Brooklyn,43.72090862864429,38.03757529531095,32.14910441931678
"53-Boerum-Pl,-Apt-8K,-Brooklyn,-NY-11201",36047004300,Brooklyn,33.21090502391334,14.435505022603213,5.902171689269879
"11-Hoyt-St,-Apt-53A,-Brooklyn,-NY-11201",36047003700,Brooklyn,30.00982238775175,14.638453538811463,7.10512020547813
"2000-Bogart-Ave,-Unit-2,-Bronx,-NY-10462",36005024600,Bronx,60.22945303128917,65.04611969795583,74.01278636462251
"150-4th-Ave,-Apt-8H,-Brooklyn,-NY-11217",36047012700,Brooklyn,35.35948688360326,22.56726596195226,15.033932628618924
"211-Mcguinness-Blvd,-Apt-552,-Brooklyn,-NY-11222",36047057500,Brooklyn,28.710178094771948,41.02684476143862,34.993511428105286
"257-19th-St,-Unit-2,-Brooklyn,-NY-11215",36047014300,Brooklyn,46.546518686263816,33.36318535293049,20.82985201959716
"1524-Sheepshead-Bay-Rd,-Apt-14H,-Brooklyn,-NY-11235",36047060600,Brooklyn,51.05269972516797,42.86936639183464,29.336033058501304
"291-Fifth-Ave,-Unit-2L,-Brooklyn,-NY-11215",36047013500,Brooklyn,43.93000310640005,30.74666977306672,18.213336439733386
"455-Lexington-Ave,-Unit-1A,-Brooklyn,-NY-11221",36047026300,Brooklyn,44.743371275020536,38.13918343595416,32.55910429188921
"14-33-31st-Ave,-Unit-1C,-Queens,-NY-11106",36081007900,Queens,40.21541544739387,50.03208211406054,55.998748780727205
"395-Leonard-St,-Unit-01-227,-Brooklyn,-NY-11211",36047051500,Brooklyn,30.87495851730707,30.191625183973738,35.32806400735816
"221-Cumberland-St,-Apt-5,-Brooklyn,-NY-11205",36047018100,Brooklyn,37.93383540406243,21.82252352429912,14.289190190965789
"316-Bergen-St,-Unit-703,-Brooklyn,-NY-11217",36047012700,Brooklyn,31.487264403740745,18.67597309979267,11.142639766459338
"110-Livingston-St,-Apt-8R,-Brooklyn,-NY-11201",36047000900,Brooklyn,31.80474114266581,12.15462902179926,3.6212956884659286
"302-2nd-St,-Apt-7C,-Brooklyn,-NY-11215",36047013500,Brooklyn,43.6068521406328,30.42351880729948,17.89018547396614
"50-Commercial-St,---2A,-Brooklyn,-NY-11222",36047005900,Brooklyn,49.65659374861095,38.97326041527762,29.939927081944287
"249-Willoughby-Ave,-Apt-3G,-Brooklyn,-NY-11205",36047019300,Brooklyn,41.28155945339165,31.09822612005831,25.064892786724972
"802-Rogers-Ave,-Brooklyn,-NY-11226",36047082200,Brooklyn,49.98170032285383,33.24583228839585,25.71249895506252
"300-Jefferson-Ave,-Unit-1,-Staten-Island,-NY-10306",36085011201,Staten Island,98.17761049260942,82.4942771592761,82.46094382594275
"111-Lawrence-St,-Apt-8D,-Brooklyn,-NY-11201",36047001100,Brooklyn,29.739163248201077,14.818106326786884,6.284772993453553
"1-Eagle-St,-Unit-1-905,-Brooklyn,-NY-11222",36047056302,Brooklyn,31.45670358420424,42.7733702508709,40.73688636944234
"8-Vanderbilt-Ave,-Apt-4G,-Brooklyn,-NY-11205",36047021100,Brooklyn,53.93523010930289,40.75189677596956,34.718563442636224
"21-India-St,-Apt-T2610,-Brooklyn,-NY-11222",36047056302,Brooklyn,33.06179825610081,45.37846492276747,39.34513158943414
"218-Myrtle-Ave,-Apt-5I,-Brooklyn,-NY-11201",36047003101,Brooklyn,31.102396770456117,20.47338912219231,12.940055788858976
"240-3rd-Ave,-Apt-4AF,-Brooklyn,-NY-11217",36047011901,Brooklyn,40.04376922270512,27.356581610512176,15.23187857179748
"240-3rd-Ave,-Apt-2Q,-Brooklyn,-NY-11217",36047011901,Brooklyn,40.04376922270512,27.356581610512176,15.23187857179748
"240-3rd-Ave,-Apt-5Z,-Brooklyn,-NY-11217",36047011901,Brooklyn,40.04376922270512,27.356581610512176,15.23187857179748
"240-3rd-Ave,-Apt-7D,-Brooklyn,-NY-11217",36047011901,Brooklyn,40.04376922270512,27.356581610512176,15.23187857179748
"240-3rd-Ave,-Unit-7AJ,-Brooklyn,-NY-11217",36047011901,Brooklyn,40.04376922270512,27.356581610512176,15.23187857179748
"240-3rd-Ave,-Apt-7U,-Brooklyn,-NY-11217",36047011901,Brooklyn,40.04376922270512,27.356581610512176,15.23187857179748
"240-3rd-Ave,-Apt-8AS,-Brooklyn,-NY-11217",36047011901,Brooklyn,40.04376922270512,27.356581610512176,15.23187857179748
"240-3rd-Ave,-Apt-6P,-Brooklyn,-NY-11217",36047011901,Brooklyn,40.04376922270512,27.356581610512176,15.23187857179748
"240-3rd-Ave,-Apt-8AQ,-Brooklyn,-NY-11217",36047011901,Brooklyn,40.04376922270512,27.356581610512176,15.23187857179748
"387-Manhattan-Ave,-Apt-6C,-Brooklyn,-NY-11211",36047050100,Brooklyn,31.269592389420325,30.58625905608699,35.98229905240058
"610-E-3rd-St,-Unit-2,-Brooklyn,-NY-11218",36047048600,Brooklyn,50.09549905813784,39.4121657248045,32.878832391471164
"223-Van-Brunt-St,-Apt-1R,-Brooklyn,-NY-11231",36047005900,Brooklyn,51.63300449056854,40.94967115723521,31.91633782390188
"21-India-St,-Apt-T2705,-Brooklyn,-NY-11222",36047056302,Brooklyn,33.06179825610081,45.37846492276747,39.34513158943414
"21-India-St,-Apt-T2203,-Brooklyn,-NY-11222",36047056302,Brooklyn,33.06179825610081,45.37846492276747,39.34513158943414
"21-India-St,-Apt-T2409,-Brooklyn,-NY-11222",36047056302,Brooklyn,33.06179825610081,45.37846492276747,39.34513158943414
"12-Halsey-St,-Apt-816,-Brooklyn,-NY-11216",36047024500,Brooklyn,41.11553602821762,24.93220269488428,19.16995403094176
"21-India-St,-Apt-T2605,-Brooklyn,-NY-11222",36047056302,Brooklyn,33.06179825610081,45.37846492276747,39.34513158943414
"505-State-St,-Apt-22G,-Brooklyn,-NY-11217",36047003900,Brooklyn,30.85429848969021,15.543002109479945,8.009668776146613
"1524-Sheepshead-Bay-Rd,-Unit-G6,-Brooklyn,-NY-11235",36047060600,Brooklyn,51.05269972516797,42.86936639183464,29.336033058501304
"12-Halsey-St,-Apt-728,-Brooklyn,-NY-11216",36047024500,Brooklyn,41.11553602821762,24.93220269488428,19.16995403094176
"12-Halsey-St,-Apt-G27,-Brooklyn,-NY-11216",36047024500,Brooklyn,41.11553602821762,24.93220269488428,19.16995403094176
"12-Halsey-St,-Apt-731,-Brooklyn,-NY-11216",36047024500,Brooklyn,41.11553602821762,24.93220269488428,19.16995403094176
"505-State-St,-Apt-37F,-Brooklyn,-NY-11217",36047003900,Brooklyn,30.85429848969021,15.543002109479945,8.009668776146613
"1-Eagle-St,-Unit-2-1721,-Brooklyn,-NY-11222",36047056302,Brooklyn,31.45670358420424,42.7733702508709,40.73688636944234
"41-34-45th-St,-Queens,-NY-11104",36081018300,Queens,28.82128745613091,40.13795412279758,46.10462078946424
"25-38-18th-St,-Unit-2,-Queens,-NY-11102",36081009100,Queens,44.545209756235664,54.361876422902334,60.328543089569
"5-Lincoln-Ave,-Unit-E1252,-Bronx,-NY-10454",36005001901,Bronx,41.11754466858168,43.93421133524835,49.90087800191501
"180-Greenway-S,-Queens,-NY-11375",36081074900,Queens,39.13163216180692,54.94829882847359,62.91496549514025
"21-45-44th-Dr,-Unit-3B,-Queens,-NY-11101",36081001903,Queens,12.96201573909409,28.77868240576076,34.74534907242742
"21-45-44th-Dr,-Unit-2G,-Queens,-NY-11101",36081001903,Queens,12.96201573909409,28.77868240576076,34.74534907242742
"1-15-57th-Ave,-Unit-5424,-Queens,-NY-11101",36081000101,Queens,26.986097030125997,38.30276369679266,44.26943036345933
"66-Rockwell-Pl,-Apt-16A,-Brooklyn,-NY-11217",36047003300,Brooklyn,31.15837234616677,12.796838161779368,5.263504828446035
"67-Prince-St,-Unit-15091,-Brooklyn,-NY-11201",36047001501,Brooklyn,34.17276938760733,21.750902758955657,13.217569425622322
"2905-W-17th-St,-Unit-6H,-Brooklyn,-NY-11224",36047032600,Brooklyn,66.03505607253791,52.351722739204575,42.81838940587125
"41-34-45th-St,-Unit-703,-Queens,-NY-11104",36081018300,Queens,28.737264186007263,40.05393085267393,46.0205975193406
"111-Willoughby-St,-Apt-39F,-Brooklyn,-NY-11201",36047001502,Brooklyn,30.281926687807275,16.49532149968566,8.355865328818698
"239-N-9th-St,-Unit-E409,-Brooklyn,-NY-11211",36047051900,Brooklyn,26.63379402129145,25.95046068795812,31.417127354624785
"415-Red-Hook-Ln,-Apt-7A,-Brooklyn,-NY-11201",36047003700,Brooklyn,30.96844432360554,12.306666315856347,3.773332982523016
"375-Myrtle-Ave,-Unit-4C,-Brooklyn,-NY-11205",36047018700,Brooklyn,40.48454852106897,26.690741535704756,19.157408202371418
"180-Front-St,-Apt-8B,-Brooklyn,-NY-11201",36047002100,Brooklyn,27.041039675315528,18.643797666355702,12.32437300864886
"267-Pacific-St,-Apt-403,-Brooklyn,-NY-11201",36047004300,Brooklyn,35.157448158231304,16.52881695911066,7.995483625777326
"111-Willoughby-St,-Apt-39B,-Brooklyn,-NY-11201",36047001502,Brooklyn,30.281926687807275,16.49532149968566,8.355865328818698
"66-Rockwell-Pl,-Apt-8D,-Brooklyn,-NY-11217",36047003300,Brooklyn,31.16220561310159,12.753552268547484,5.220218935214152
"505-State-St,-Apt-5H,-Brooklyn,-NY-11217",36047003900,Brooklyn,30.85429848969021,15.543002109479945,8.009668776146613
"567-Fulton-St,-Apt-5G,-Brooklyn,-NY-11201",36047003300,Brooklyn,27.541544300371207,14.44204445581704,6.908711122483708
"333-Schermerhorn-St,-Apt-39E,-Brooklyn,-NY-11217",36047003700,Brooklyn,31.47070435657356,13.093136486852089,5.559803153518755
"180-Franklin-Ave,-Apt-119,-Brooklyn,-NY-11205",36047023500,Brooklyn,42.5004040044275,32.90658723018278,26.873253896849445
"436-Graham-Ave,-Brooklyn,-NY-11211",36047049700,Brooklyn,30.656915890078388,29.97358255674505,35.44024922341172
"2905-W-17th-St,-Unit-8C,-Brooklyn,-NY-11224",36047032600,Brooklyn,66.03505607253791,52.351722739204575,42.81838940587125
"301-Sullivan-Pl,-Apt-4B,-Brooklyn,-NY-11225",36047032100,Brooklyn,47.7131359629928,28.529802629659464,20.996469296326133
"111-Willoughby-St,-Apt-17D,-Brooklyn,-NY-11201",36047001502,Brooklyn,30.281926687807275,16.49532149968566,8.355865328818698
"2905-W-17th-St,-Unit-8A,-Brooklyn,-NY-11224",36047032600,Brooklyn,66.03505607253791,52.351722739204575,42.81838940587125
"545-Vanderbilt-Ave,-Apt-10G,-Brooklyn,-NY-11238",36047019900,Brooklyn,40.392036291629886,24.20870295829655,15.175369624963215
"122-Ashland-Pl,-Apt-14A,-Brooklyn,-NY-11201",36047003101,Brooklyn,30.29940804638052,19.4117779937808,11.878444660447473
"251-Douglass-St,-Unit-619,-Brooklyn,-NY-11217",36047012700,Brooklyn,37.53667465755032,24.83914772318009,17.30581438984676
"505-State-St,-Apt-20D,-Brooklyn,-NY-11217",36047003900,Brooklyn,30.85429848969021,15.543002109479945,8.009668776146613
"5627-2nd-St,-Apt-408,-Queens,-NY-11101",36081000101,Queens,26.7913135045197,38.10798017118636,44.07464683785303
"214-50th-Ave,-Apt-406W,-Queens,-NY-11101",36081000101,Queens,20.680179705501924,31.99684637216859,37.96351303883525
"66-Rockwell-Pl,-Apt-40D,-Brooklyn,-NY-11217",36047003300,Brooklyn,31.15837234616677,12.796838161779368,5.263504828446035
"1-15-57th-Ave,-Unit-4928,-Queens,-NY-11101",36081000101,Queens,26.986097030125997,38.30276369679266,44.26943036345933
"1826-Edison-Ave,-Unit-2ND,-Bronx,-NY-10461",36005026601,Bronx,56.5748351068584,64.89150177352506,68.85816844019175
"610-E-3rd-St,-Brooklyn,-NY-11218",36047048600,Brooklyn,50.02142565223772,39.33809231890439,32.804758985571056
"445-Gerard-Ave,-Unit-W1017,-Bronx,-NY-10451",36005006301,Bronx,38.66885847715871,42.50343880093268,46.62575779050477
"59-33-Grove-Street-Gdn,-Queens,-NY-11385",36081059300,Queens,49.36669062091829,48.68335728758496,56.65002395425162
"2600-Netherland-Ave,-Apt-1525,-Bronx,-NY-10463",36005029302,Bronx,53.62607342797521,63.94274009464187,70.90940676130853
"816-Elton-Ave,-Bronx,-NY-10451",36005006900,Bronx,49.86525406020663,53.681920726873294,60.64858739353996
"66-Rockwell-Pl,-Apt-25A,-Brooklyn,-NY-11217",36047003300,Brooklyn,31.15837234616677,12.796838161779368,5.263504828446035
"20-45-26th-St,---2,-Queens,-NY-11105",36081010500,Queens,42.0845578863273,51.90122455299397,57.86789121966064
"2165-Strauss-St,-Apt-1F,-Brooklyn,-NY-11212",36047089800,Brooklyn,54.5302374474392,32.84690411410587,23.813570780772533
"365-Bond-St,-Apt-C216,-Brooklyn,-NY-11231",36047007700,Brooklyn,41.28557918326894,30.60224584993561,20.91184375833064
"800-Flatbush-Ave,-Apt-920,-Brooklyn,-NY-11226",36047050803,Brooklyn,40.46611487843596,31.782781545102623,23.55002384190524
"5627-2nd-St,-Apt-3105,-Queens,-NY-11101",36081000101,Queens,26.7913135045197,38.10798017118636,44.07464683785303
"1-S-1st-St,-Apt-18D,-Brooklyn,-NY-11249",36047055100,Brooklyn,35.34071200753182,34.65737867419849,40.12404534086515
"350-Clarkson-Ave,-Apt-407,-Brooklyn,-NY-11226",36047081800,Brooklyn,49.42551816487887,30.242184831545536,22.7088514982122
"120-Nassau-St,-Apt-19F,-Brooklyn,-NY-11201",36047001300,Brooklyn,31.518048517890787,17.428687210375514,12.731364146210066
"414-Gerard-Ave,-Unit-E617,-Bronx,-NY-10451",36005006301,Bronx,38.544409460554775,42.19942754729329,46.52881627085616
"286-Covert-St,-Unit-4R,-Brooklyn,-NY-11237",36047040900,Brooklyn,42.25656908050583,41.57323574717249,37.19266990100791
"126-Sandford-St,-Unit-504,-Brooklyn,-NY-11205",36047123700,Brooklyn,38.05222001024975,33.368886676916425,27.33555334358309
"500-Degraw-St,-Apt-417,-Brooklyn,-NY-11217",36047007500,Brooklyn,41.0025583640262,28.25638689986801,20.72305356653468
"2673-Bainbridge-Ave,---2,-Bronx,-NY-10458",36005040501,Bronx,39.99886480132741,57.81553146799408,67.28219813466075
"975-Nostrand-Ave,-Apt-226,-Brooklyn,-NY-11225",36047031900,Brooklyn,47.744660627514826,28.56132729418149,21.02799396084816
"69-2nd-Pl,-Apt-3,-Brooklyn,-NY-11231",36047006500,Brooklyn,37.55062714782892,26.86729381449559,17.833960481162254
"445-Gerard-Ave,-Unit-W425,-Bronx,-NY-10451",36005006301,Bronx,38.66885847715871,42.50343880093268,46.62575779050477
"224-Richardson-St,-Apt-2B,-Brooklyn,-NY-11222",36047047700,Brooklyn,32.64212668360028,31.958793350266948,37.42546001693361
"445-Gerard-Ave,-Unit-W216,-Bronx,-NY-10451",36005006301,Bronx,38.66885847715871,42.50343880093268,46.62575779050477
"820-E-216th-St,-Unit-2,-Bronx,-NY-10467",36005039000,Bronx,71.45855303334338,70.77521970001004,80.74188636667671
"126-Sandford-St,---7102,-Brooklyn,-NY-11205",36047123700,Brooklyn,38.05222001024975,33.368886676916425,27.33555334358309
"54-Crown-Unit-St,-Ph-17,-Brooklyn,-NY-11225",36047021300,Brooklyn,43.96957212889824,26.078672002479543,18.54533866914621
"1260-Prospect-Pl,-Unit-3C,-Brooklyn,-NY-11213",36047034500,Brooklyn,50.39703883399903,31.213705500665696,23.68037216733236
"199-Pacific-St,-Apt-5B,-Brooklyn,-NY-11201",36047004300,Brooklyn,35.446103901826184,15.841182816820496,7.3078494834871615
"1260-Prospect-Pl,-Unit-1A,-Brooklyn,-NY-11213",36047034500,Brooklyn,50.39703883399903,31.213705500665696,23.68037216733236
"126-Sandford-St,-Unit-502,-Brooklyn,-NY-11205",36047123700,Brooklyn,38.05222001024975,33.368886676916425,27.33555334358309
"1195-St-Marks-Ave,-Unit-1,-Brooklyn,-NY-11213",36047030700,Brooklyn,49.21154945746765,33.02821612413431,25.87487656638856
"420-Carroll-St,-Unit-1303,-Brooklyn,-NY-11215",36047011901,Brooklyn,42.9754583893625,31.41100358117239,18.877670247839056
"36-S-4th-St,-Apt-B1,-Brooklyn,-NY-11249",36047054900,Brooklyn,37.40042297976775,35.986644610207755,40.953311276874416
"126-Sandford-St,-Unit-511,-Brooklyn,-NY-11205",36047123700,Brooklyn,38.05222001024975,33.368886676916425,27.33555334358309
"420-Kent-Ave,-Apt-2226,-Brooklyn,-NY-11249",36047054700,Brooklyn,40.29140888200359,36.60807554867026,41.57474221533692
"115-Stanwix-St,-Unit-1605,-Brooklyn,-NY-11206",36047039100,Brooklyn,36.87696189497229,34.10895197250283,39.0756186391695
"1-Blue-Slip,-Apt-23F,-Brooklyn,-NY-11222",36047056302,Brooklyn,27.35978950103654,38.67645616770321,41.49344998243138
"3-Court-Sq,-Apt-1404,-Queens,-NY-11101",36081001903,Queens,14.574129248738991,30.293565895822866,36.26023256248953
"126-Sandford-St,---504,-Brooklyn,-NY-11205",36047123700,Brooklyn,38.05222001024975,33.368886676916425,27.33555334358309
"176-Woodward-Ave,-Apt-132,-Queens,-NY-11385",36081053901,Queens,42.79853074128356,42.11519740795022,47.58186407461689
"505-State-St,-Apt-25C,-Brooklyn,-NY-11217",36047003900,Brooklyn,30.85429848969021,15.543002109479945,8.009668776146613
"104-60-Queens-Blvd,-Unit-06V,-Queens,-NY-11375",36081071305,Queens,32.93950589977313,48.7561725664398,54.72283923310647
"47-05-Center-Blvd,-Unit-1608,-Queens,-NY-11109",36081000102,Queens,21.084989616272512,32.40165628293918,38.36832294960585
"1-Eagle-St,-Unit-1-1901,-Brooklyn,-NY-11222",36047056302,Brooklyn,31.45670358420424,42.7733702508709,40.73688636944234
"350-E-5th-St,-Apt-2,-Brooklyn,-NY-11218",36047049400,Brooklyn,50.26494332233727,39.58160998900394,30.54827665567061
"1100-Myrtle-Ave,-Unit-1052,-Brooklyn,-NY-11206",36047028700,Brooklyn,32.41541508239031,27.23208174905698,32.19874841572365
"126-Sandford-St,---7062,-Brooklyn,-NY-11205",36047123700,Brooklyn,37.86696692032301,33.18363358698967,27.15030025365634
"1-Northside-Piers,-Apt-21A,-Brooklyn,-NY-11249",36047055500,Brooklyn,32.31311672863082,31.62978339529748,37.09645006196415
"1260-Prospect-Pl,-Unit-1B,-Brooklyn,-NY-11213",36047034500,Brooklyn,50.39703883399903,31.213705500665696,23.68037216733236
"414-Gerard-Ave,-Unit-E520,-Bronx,-NY-10451",36005006301,Bronx,38.544409460554775,42.19942754729329,46.52881627085616
"350-Clarkson-Ave,-Apt-513,-Brooklyn,-NY-11226",36047081800,Brooklyn,49.42551816487887,30.242184831545536,22.7088514982122
"126-Sandford-St,-Unit-7102,-Brooklyn,-NY-11205",36047123700,Brooklyn,38.05222001024975,33.368886676916425,27.33555334358309
"1100-Myrtle-Ave,---1052,-Brooklyn,-NY-11206",36047028700,Brooklyn,32.41541508239031,27.23208174905698,32.19874841572365
"336-Douglass-St,-Apt-3L,-Brooklyn,-NY-11217",36047011901,Brooklyn,36.311432794117145,23.531067068522173,15.331322905489502
"567-Fulton-St,-Apt-20M,-Brooklyn,-NY-11201",36047003300,Brooklyn,27.541544300371207,14.44204445581704,6.908711122483708
"1-Duffield-St,-Apt-104,-Brooklyn,-NY-11201",36047001501,Brooklyn,32.900062864581486,20.631805625184167,14.364782705174951
"319-Broadway,-Apt-5B,-Brooklyn,-NY-11211",36047052700,Brooklyn,26.22744904069633,22.544115707363,27.510782374029663
"532-Neptune-Ave,-Apt-110H,-Brooklyn,-NY-11224",36047035400,Brooklyn,66.29895796330894,55.6156246299756,43.29237082929836
"52-4th-Ave,-Unit-307,-Brooklyn,-NY-11217",36047003900,Brooklyn,28.80100663836868,16.11572938200869,8.582396048675356
"532-Neptune-Ave,-Apt-310C,-Brooklyn,-NY-11224",36047035400,Brooklyn,66.29895796330894,55.6156246299756,43.29237082929836
"60-Duffield-St,-Apt-10D,-Brooklyn,-NY-11201",36047001501,Brooklyn,35.17558891123132,20.395402491798656,11.86206915846532
"1333-Broadway,-Unit-1503,-Brooklyn,-NY-11221",36047039700,Brooklyn,35.34452038220129,34.66118704886796,34.62785371553462
"1-Duffield-St,-Apt-217,-Brooklyn,-NY-11201",36047001501,Brooklyn,32.900062864581486,20.631805625184167,14.364782705174951
"532-Neptune-Ave,-Apt-116C,-Brooklyn,-NY-11224",36047035400,Brooklyn,66.29895796330894,55.6156246299756,43.29237082929836
"139-Hopkins-St,-Brooklyn,-NY-11206",36047025700,Brooklyn,35.163114929092934,33.14261987658308,27.10928654324975
"1333-Broadway,-Unit-1705,-Brooklyn,-NY-11221",36047039700,Brooklyn,35.34452038220129,34.66118704886796,34.62785371553462
"532-Neptune-Unit-Ave,-Ph-33B,-Brooklyn,-NY-11224",36047035400,Brooklyn,66.29895796330894,55.6156246299756,43.29237082929836
"624-Lincoln-Ave,-Brooklyn,-NY-11208",36047120000,Brooklyn,55.84094325743718,40.15760992410385,36.62427659077051
"1559-Dean-St,-Apt-3,-Brooklyn,-NY-11213",36047031100,Brooklyn,49.3940513297545,33.210717996421174,26.37829989809708
"1057-Atlantic-Ave,-Apt-406,-Brooklyn,-NY-11238",36047022700,Brooklyn,42.59697315383234,26.413639820499004,17.380306487165672
"1518-Putnam-Ave,-Unit-2,-Brooklyn,-NY-11237",36047043900,Brooklyn,39.310183636703606,38.62685030337027,39.59351697003694
"733-Ocean-Pkwy,-Apt-3D,-Brooklyn,-NY-11230",36047048200,Brooklyn,54.835723774577936,46.47526640637379,33.619057107911274
"429-Kent-Ave,---505,-Brooklyn,-NY-11249",36047054700,Brooklyn,38.82583172605541,35.14249839272208,40.10916505938874
"9424-Ave-K,-Unit-2,-Brooklyn,-NY-11236",36047099000,Brooklyn,66.3383589368023,60.65502560346896,47.62169227013563
"1195-Saint-Marks-Ave,-Brooklyn,-NY-11213",36047030700,Brooklyn,49.05237056386213,32.86903723052879,26.029340412432397
"1526-Park-Pl,-Apt-1A,-Brooklyn,-NY-11213",36047034700,Brooklyn,52.04236133568903,32.85902800235569,25.32569466902236
"90-Moore-St,-Unit-F2,-Brooklyn,-NY-11206",36047049100,Brooklyn,34.75817338379667,34.07484005046333,35.070117720996635
"1100-Myrtle-Ave,---511,-Brooklyn,-NY-11206",36047028700,Brooklyn,32.41541508239031,27.23208174905698,32.19874841572365
"1-Lenox-Rd,-Unit-6D,-Brooklyn,-NY-11226",36047079602,Brooklyn,40.23915671075037,31.555823377417035,24.50168444981025
"1333-Broadway,-Unit-1604,-Brooklyn,-NY-11221",36047039700,Brooklyn,35.34452038220129,34.66118704886796,34.62785371553462
"44-Box-St,-Apt-4B,-Brooklyn,-NY-11222",36047057901,Brooklyn,24.52561770081936,35.84228436748603,40.177101389769724
"567-Fulton-St,-Apt-40H,-Brooklyn,-NY-11201",36047003300,Brooklyn,27.541544300371207,14.44204445581704,6.908711122483708
"1827-Tomlinson-Ave,-Bronx,-NY-10461",36005025000,Bronx,67.21329197350877,72.02995864017544,80.9966253068421
"75-Ionia-Ave,---1,-Staten-Island,-NY-10312",36085017012,Staten Island,105.83895917304154,90.1556258397082,90.12229250637488
"75-Ionia-Ave,-Unit-1,-Staten-Island,-NY-10312",36085017012,Staten Island,105.83895917304154,90.1556258397082,90.12229250637488
"900-Lydig-Ave,-Apt-4M,-Bronx,-NY-10462",36005024600,Bronx,57.01208805499379,61.82875472166045,70.79542138832713
"21-08-30th-Ave,-Unit-3F,-Queens,-NY-11102",36081007900,Queens,38.17662777658119,47.99329444324785,53.95996110991452
"286-Rider-Ave,-Unit-803,-Bronx,-NY-10451",36005005100,Bronx,36.06216614024506,38.87883280691173,48.84549947357839
"40-Bruckner-Blvd,-Apt-237,-Bronx,-NY-10454",36005001901,Bronx,42.04802866747357,47.262593704551456,53.229260371218125
"40-Bruckner-Blvd,-Apt-306,-Bronx,-NY-10454",36005001901,Bronx,42.04802866747357,47.262593704551456,53.229260371218125
"201-25th-St,-Apt-7N,-Brooklyn,-NY-11232",36047010100,Brooklyn,40.66770957217111,26.48437623883778,16.451042905504444
"40-Bruckner-Blvd,-Apt-709,-Bronx,-NY-10454",36005001901,Bronx,42.04802866747357,47.262593704551456,53.229260371218125
"282-4th-Ave,-Unit-1A,-Brooklyn,-NY-11215",36047011901,Brooklyn,40.42131257968292,27.237979246349592,14.70464591301626
"201-25th-St,-Apt-9H,-Brooklyn,-NY-11232",36047010100,Brooklyn,40.66770957217111,26.48437623883778,16.451042905504444
"282-4th-Ave,-Unit-13C,-Brooklyn,-NY-11215",36047011901,Brooklyn,40.42131257968292,27.237979246349592,14.70464591301626
"286-Covert-St,-Unit-1R,-Brooklyn,-NY-11237",36047040900,Brooklyn,42.25656908050583,41.57323574717249,37.19266990100791
"1101-President-St,-Apt-912,-Brooklyn,-NY-11225",36047032300,Brooklyn,44.53577519404329,25.35244186070996,17.819108527376624
"392-S-5th-St,-Apt-11,-Brooklyn,-NY-11211",36047052700,Brooklyn,27.21374893232585,26.53041559899252,28.739325846844743
"111-Lawrence-St,-Apt-29H,-Brooklyn,-NY-11201",36047001100,Brooklyn,29.73849592715449,14.816902556520354,6.28356922318702
"558-Hart-St,-Unit-2FL,-Brooklyn,-NY-11221",36047039300,Brooklyn,36.09047633171816,32.9375593063357,39.17125003257325
"40-Bruckner-Blvd,-Apt-826,-Bronx,-NY-10454",36005001901,Bronx,42.04802866747357,47.262593704551456,53.229260371218125
"8636-57th-Rd,-Unit-1,-Queens,-NY-11373",36081047500,Queens,35.875852211030264,50.192518877696926,57.6591855443636
"738-Kelly-St,-Apt-2,-Bronx,-NY-10455",36005008500,Bronx,47.60929738840333,51.32250595188051,58.39263072173666
"90-Aberdeen-St,-Unit-1,-Brooklyn,-NY-11207",36047040500,Brooklyn,40.667464253576846,36.148380495664,29.950797586910173
"201-25th-St,-Apt-9J,-Brooklyn,-NY-11232",36047010100,Brooklyn,40.66770957217111,26.48437623883778,16.451042905504444
"40-Bruckner-Blvd,-Apt-735,-Bronx,-NY-10454",36005001901,Bronx,42.04802866747357,47.262593704551456,53.229260371218125
"40-Bruckner-Blvd,-Apt-408,-Bronx,-NY-10454",36005001901,Bronx,42.04802866747357,47.262593704551456,53.229260371218125
"40-Bruckner-Blvd,-Apt-1002,-Bronx,-NY-10454",36005001901,Bronx,42.04802866747357,47.262593704551456,53.229260371218125
"40-Bruckner-Blvd,-Apt-409,-Bronx,-NY-10454",36005001901,Bronx,42.04802866747357,47.262593704551456,53.229260371218125
"693-Vermont-St,-Unit-1,-Brooklyn,-NY-11207",36047112800,Brooklyn,60.46885096955916,41.071292338018296,32.03795900468496
"1-15-57th-Ave,-Unit-3824,-Queens,-NY-11101",36081000101,Queens,26.986097030125997,38.30276369679266,44.26943036345933
"693-Vermont-St,-Unit-2,-Brooklyn,-NY-11207",36047112800,Brooklyn,60.46885096955916,41.071292338018296,32.03795900468496
"348-Lincoln-Rd,-Unit-1,-Brooklyn,-NY-11225",36047080000,Brooklyn,46.56235302621102,27.37901969287769,19.84568635954436
"55-Willoughby-St,-Unit-41E,-Brooklyn,-NY-11201",36047001100,Brooklyn,28.626148845484057,13.772895316056273,5.2395619827229405
"66-Rockwell-Pl,-Apt-26E,-Brooklyn,-NY-11217",36047003300,Brooklyn,31.15837234616677,12.796838161779368,5.263504828446035
"310-Livingston-St,-Apt-1505,-Brooklyn,-NY-11217",36047003700,Brooklyn,30.085325448505007,13.89154718407646,6.358213850743126
"157-Beach-96th-St,-Unit-2A,-Queens,-NY-11693",36081094201,Queens,87.15672028234088,64.47338694900755,64.44005361567422
"55-Willoughby-St,-Unit-41D,-Brooklyn,-NY-11201",36047001100,Brooklyn,28.626148845484057,13.772895316056273,5.2395619827229405
"55-Willoughby-St,-Apt-30F,-Brooklyn,-NY-11201",36047001100,Brooklyn,28.626148845484057,13.772895316056273,5.2395619827229405
"218-Myrtle-Ave,-Apt-5A,-Brooklyn,-NY-11201",36047003101,Brooklyn,31.30954899684013,20.64726557285281,13.113932239519473
"55-Willoughby-St,-Apt-22C,-Brooklyn,-NY-11201",36047001100,Brooklyn,28.626148845484057,13.772895316056273,5.2395619827229405
"719-Snediker-Ave,-Brooklyn,-NY-11207",36047109800,Brooklyn,52.27470922630583,46.24764401828972,33.55804255963916
"675-E-31st-St,-Unit-2,-Brooklyn,-NY-11210",36047078602,Brooklyn,56.79935003896527,37.616016705631935,30.0826833722986
"310-Livingston-St,-Unit-2203,-Brooklyn,-NY-11217",36047003700,Brooklyn,30.085325448505007,13.89154718407646,6.358213850743126
"1-S-1st-St,-Apt-38J,-Brooklyn,-NY-11249",36047055100,Brooklyn,35.34071200753182,34.65737867419849,40.12404534086515
"171-8th-Street-Gdn,-Brooklyn,-NY-11215",36047012100,Brooklyn,39.88839601329408,28.509434079405743,15.976100746072408
"120-E-144th-St,-Unit-1117,-Bronx,-NY-10451",36005006301,Bronx,37.94701978327259,40.76368644993925,47.31664542819384
"6735-Ridge-Blvd,-Apt-5K,-Brooklyn,-NY-11220",36047007000,Brooklyn,53.02866663023395,40.34533329690062,33.81199996356728
"158-Lott-St,-Unit-424D,-Brooklyn,-NY-11226",36047079202,Brooklyn,51.65574315793486,38.066076361466536,30.5327430281332
"40-Bruckner-Blvd,-Apt-604,-Bronx,-NY-10454",36005001901,Bronx,42.04802866747357,47.262593704551456,53.229260371218125
"567-Fulton-St,-Apt-15H,-Brooklyn,-NY-11201",36047003300,Brooklyn,27.541544300371207,14.44204445581704,6.908711122483708
"150-4th-Ave,-Apt-10C,-Brooklyn,-NY-11217",36047012700,Brooklyn,35.35948688360326,22.56726596195226,15.033932628618924
"586-Gerard-Ave,-Unit-4Y,-Bronx,-NY-10451",36005006301,Bronx,38.533669593911526,42.85033626057819,46.98107643737969
"158-Lott-St,-Unit-582D,-Brooklyn,-NY-11226",36047079202,Brooklyn,51.65574315793486,38.066076361466536,30.5327430281332
"111-Lawrence-St,-Apt-16A,-Brooklyn,-NY-11201",36047001100,Brooklyn,29.73720931312169,14.81553797991124,6.282204646577906
"2366-Bedford-Ave,-Unit-152,-Brooklyn,-NY-11226",36047079201,Brooklyn,50.22907653101912,39.77848095154159,30.01240986435245
"47-19-31st-Ave,-Queens,-NY-11103",36081015100,Queens,30.902289217703693,41.21895588437035,48.68562255103702
"479-Hicks-St,-Apt-1L,-Brooklyn,-NY-11231",36047004900,Brooklyn,43.44642746531775,26.576911760410333,18.043578427077
"276-Grand-Concourse,-Apt-1005,-Bronx,-NY-10451",36005005100,Bronx,33.57077481438737,36.38744148105404,46.35410814772071
"276-Grand-Concourse,-Unit-1115NN,-Bronx,-NY-10451",36005005100,Bronx,33.57077481438737,36.38744148105404,46.35410814772071
"276-Grand-Concourse,-Apt-416,-Bronx,-NY-10451",36005005100,Bronx,33.57077481438737,36.38744148105404,46.35410814772071
"586-Gerard-Ave,-Unit-4A,-Bronx,-NY-10451",36005006301,Bronx,38.533669593911526,42.85033626057819,46.98107643737969
"286-Rider-Ave,-Unit-317,-Bronx,-NY-10451",36005005100,Bronx,36.06216614024506,38.87883280691173,48.84549947357839
"586-Gerard-Ave,-Unit-4ZA,-Bronx,-NY-10451",36005006301,Bronx,38.533669593911526,42.85033626057819,46.98107643737969
"276-Grand-Concourse,-Apt-1211,-Bronx,-NY-10451",36005005100,Bronx,33.57077481438737,36.38744148105404,46.35410814772071
"40-Bruckner-Blvd,-Apt-1023,-Bronx,-NY-10454",36005001901,Bronx,42.04802866747357,47.262593704551456,53.229260371218125
"40-Bruckner-Blvd,-Apt-816,-Bronx,-NY-10454",36005001901,Bronx,42.04802866747357,47.262593704551456,53.229260371218125
"276-Grand-Concourse,-Apt-620,-Bronx,-NY-10451",36005005100,Bronx,33.57077481438737,36.38744148105404,46.35410814772071
"276-Grand-Concourse,-Unit-914NN,-Bronx,-NY-10451",36005005100,Bronx,33.57077481438737,36.38744148105404,46.35410814772071
"40-Bruckner-Blvd,-Apt-1122,-Bronx,-NY-10454",36005001901,Bronx,42.04802866747357,47.262593704551456,53.229260371218125
"40-Bruckner-Blvd,-Apt-405,-Bronx,-NY-10454",36005001901,Bronx,42.04802866747357,47.262593704551456,53.229260371218125
"211-Mcguinness-Blvd,-Apt-206,-Brooklyn,-NY-11222",36047057500,Brooklyn,28.710178094771948,41.02684476143862,34.993511428105286
"120-E-144th-St,-Unit-230,-Bronx,-NY-10451",36005006301,Bronx,37.94701978327259,40.76368644993925,47.31664542819384
"11-51-44th-Dr,-Unit-3,-Queens,-NY-11101",36081001903,Queens,14.973319100221753,30.78998576688842,36.75665243355509
"120-E-144th-St,-Unit-633,-Bronx,-NY-10451",36005006301,Bronx,37.94701978327259,40.76368644993925,47.31664542819384
"894-New-York-Ave,-Apt-3B,-Brooklyn,-NY-11203",36047081800,Brooklyn,51.6938948622308,32.51056152889747,24.97722819556413
"54-Noll-St,-Apt-822,-Brooklyn,-NY-11206",36047039100,Brooklyn,36.73934658369822,31.55601325036489,36.52267991703156
"196-Willoughby-St,-Apt-23C,-Brooklyn,-NY-11201",36047003101,Brooklyn,28.50911032040501,17.443947515911123,9.910614182577786
"1042-Atlantic-Unit-Ave,-Ph-1H,-Brooklyn,-NY-11238",36047030500,Brooklyn,44.0552298181716,27.87189648483827,18.83856315150494
"2366-Bedford-Ave,-Unit-740,-Brooklyn,-NY-11226",36047079201,Brooklyn,50.22907653101912,39.77848095154159,30.01240986435245
"54-Noll-St,-Apt-760,-Brooklyn,-NY-11206",36047039100,Brooklyn,36.73934658369822,31.55601325036489,36.52267991703156
"2400-E-3rd-St,-Apt-621,-Brooklyn,-NY-11223",36047038800,Brooklyn,69.9392625814738,57.92165164328103,46.80013873751239
"532-10th-St,-Apt-2,-Brooklyn,-NY-11215",36047015100,Brooklyn,41.92133827900469,31.238004945671364,22.20467161233803
"314-52nd-St,-Apt-3B,-Brooklyn,-NY-11220",36047007600,Brooklyn,44.4322782208279,31.748944887494563,25.215611554161228
"122-Kane-St,-Unit-1,-Brooklyn,-NY-11231",36047004900,Brooklyn,42.865609837938415,25.386414436827405,16.85308110349407
"55-Fleet-St,-Apt-25L,-Brooklyn,-NY-11201",36047001502,Brooklyn,26.60725286857479,16.223201648391733,8.689868315058398
"788-Willoughby-Ave,-Apt-425,-Brooklyn,-NY-11206",36047028700,Brooklyn,34.79128440924938,29.60795107591605,34.57461774258272
"160-Front-St,-Apt-721,-Brooklyn,-NY-11201",36047002100,Brooklyn,27.665401041647748,19.02443984718727,12.948734374981084
"788-Willoughby-Ave,-Apt-606,-Brooklyn,-NY-11206",36047028700,Brooklyn,34.79128440924938,29.60795107591605,34.57461774258272
"60-Wharf-Dr,-Apt-1105,-Brooklyn,-NY-11222",36047056100,Brooklyn,35.351869752735,39.021179036532615,41.56188615316166
"150-Noll-St,-Unit-G1,-Brooklyn,-NY-11206",36047042500,Brooklyn,35.59049194259243,34.9071586092591,40.37382527592577
"414-Miller-Ave,-Unit-2,-Brooklyn,-NY-11207",36047115800,Brooklyn,48.894775145851696,41.211441812518366,32.178108479185035
"360-Furman-St,-Apt-1032,-Brooklyn,-NY-11201",36047000700,Brooklyn,37.51332711000927,21.829993776675938,14.62144123334502
"211-Mcguinness-Blvd,-Apt-220,-Brooklyn,-NY-11222",36047057500,Brooklyn,28.710178094771948,41.02684476143862,34.993511428105286
"126-Sandford-St,---414,-Brooklyn,-NY-11205",36047123700,Brooklyn,38.05222001024975,33.368886676916425,27.33555334358309
"55-Fleet-St,-Apt-28G,-Brooklyn,-NY-11201",36047001502,Brooklyn,26.60725286857479,16.223201648391733,8.689868315058398
"111-Macdonough-St,---3,-Brooklyn,-NY-11216",36047026900,Brooklyn,45.56536551210378,29.382032178770444,20.348698845437116
"54-Noll-St,-Apt-772,-Brooklyn,-NY-11206",36047039100,Brooklyn,36.73934658369822,31.55601325036489,36.52267991703156
"60-Wharf-Dr,-Apt-613,-Brooklyn,-NY-11222",36047056100,Brooklyn,35.351869752735,39.021179036532615,41.56188615316166
"788-Willoughby-Ave,-Apt-211,-Brooklyn,-NY-11206",36047028700,Brooklyn,34.79128440924938,29.60795107591605,34.57461774258272
"60-Wharf-Dr,-Apt-412,-Brooklyn,-NY-11222",36047056100,Brooklyn,35.351869752735,39.021179036532615,41.56188615316166
"158-Atkins-Ave,-Brooklyn,-NY-11208",36047119200,Brooklyn,49.62947527763809,41.94614194430476,32.912808610971425
"54-Noll-St,-Apt-460,-Brooklyn,-NY-11206",36047039100,Brooklyn,36.73934658369822,31.55601325036489,36.52267991703156
"670-Schenck-Ave,-Unit-2,-Brooklyn,-NY-11207",36047112200,Brooklyn,61.85627588981625,40.38327914827489,31.34994581494156
"1641-Metropolitan-Ave,-Apt-5C,-Bronx,-NY-10462",36005021001,Bronx,59.987003585751125,68.30367025241779,72.27033691908446
"284-Fairbanks-Ave,-Staten-Island,-NY-10306",36085012805,Staten Island,98.89941225798448,83.21607892465113,83.1827455913178
"2600-Netherland-Ave,-Apt-2023,-Bronx,-NY-10463",36005029302,Bronx,52.97148296967565,63.28814963634231,70.25481630300898
"115-Jeanette-Ave,-Staten-Island,-NY-10312",36085017005,Staten Island,101.0171100389502,85.33377670561687,85.30044337228354
"171-Liberty-Ave,-Unit-2,-Staten-Island,-NY-10305",36085009602,Staten Island,91.59119443772887,75.90786110439554,75.8745277710622
"2366-Bedford-Ave,-Unit-290,-Brooklyn,-NY-11226",36047079201,Brooklyn,50.22907653101912,39.77848095154159,30.01240986435245
"111-Lawrence-St,-Apt-22H,-Brooklyn,-NY-11201",36047001100,Brooklyn,29.739163248201077,14.818106326786884,6.284772993453553
"16-Dupont-St,-Apt-24D,-Brooklyn,-NY-11222",36047056302,Brooklyn,30.41723779254921,41.73390445921588,39.96911538877124
"196-Willoughby-St,-Apt-21D,-Brooklyn,-NY-11201",36047003101,Brooklyn,28.50911032040501,17.443947515911123,9.910614182577786
"65-Dupont-St,-Apt-202,-Brooklyn,-NY-11222",36047056301,Brooklyn,27.54244247229697,38.85910913896364,38.911721286390325
"74-3rd-Pl,-Brooklyn,-NY-11231",36047006500,Brooklyn,39.07293366419699,28.38960033086366,19.356266997530327
"788-Willoughby-Ave,-Apt-104,-Brooklyn,-NY-11206",36047028700,Brooklyn,34.79128440924938,29.60795107591605,34.57461774258272
"2413-3rd-Ave,-Apt-2704,-Bronx,-NY-10451",36005005100,Bronx,40.468687824108,43.28535449077467,49.94238551019721
"308-N-7th-St,-Apt-7B,-Brooklyn,-NY-11211",36047051900,Brooklyn,27.881625016955788,27.19829168362245,29.767791146059547
"914-Pierce-Ave-Unit-B,-Bronx,-NY-10462",36005024400,Bronx,67.04406539303336,75.36073205970003,79.3273987263667
"577-Warren-St,-Brooklyn,-NY-11217",36047012700,Brooklyn,32.21294378151997,19.522331003999064,11.988997670665729
"2311-Newkirk-Ave,-Apt-1,-Brooklyn,-NY-11226",36047051601,Brooklyn,51.11023462056114,42.24412336688227,32.21251185730707
"54-Crown-St,-Apt-210,-Brooklyn,-NY-11225",36047021300,Brooklyn,43.96957212889824,26.078672002479543,18.54533866914621
"136-N-8th-St,---1,-Brooklyn,-NY-11249",36047055300,Brooklyn,25.30530730252736,24.621973969194023,30.08864063586069
"175-Kent-Ave,-Apt-619,-Brooklyn,-NY-11249",36047055500,Brooklyn,31.64794775327742,30.964614419944088,36.43128108661075
"401-Gates-Ave,-Apt-4C,-Brooklyn,-NY-11216",36047024300,Brooklyn,40.200738395381016,31.48102221863074,25.947688885297406
"350-Clarkson-Ave,-Apt-725,-Brooklyn,-NY-11226",36047081800,Brooklyn,49.42551816487887,30.242184831545536,22.7088514982122
"19-Hillcrest-Ave,-Staten-Island,-NY-10308",36085015601,Staten Island,98.10302188348392,82.41968855015058,82.38635521681725
"1625-Rockaway-Pkwy,-Unit-N7,-Brooklyn,-NY-11236",36047098800,Brooklyn,62.19676368132669,56.51343034799336,43.480097014660025
"968-60th-St,-Apt-302,-Brooklyn,-NY-11219",36047011800,Brooklyn,53.26599637226659,34.582663038933255,27.049329705599924
"445-Gerard-Ave,-Unit-W1103,-Bronx,-NY-10451",36005006301,Bronx,38.66885847715871,42.50343880093268,46.62575779050477
"125-N-10th-St,-Apt-S3D,-Brooklyn,-NY-11249",36047051700,Brooklyn,27.68931282985012,27.005979496516783,32.47264616318345
"2186-Cruger-Ave,-Apt-5K,-Bronx,-NY-10462",36005022403,Bronx,60.496540509507845,59.81320717617451,69.77987384284118
"50-Commercial-St,---5E,-Brooklyn,-NY-11222",36047005900,Brooklyn,49.65659374861095,38.97326041527762,29.939927081944287
"523-E-148th-St,-Unit-2ND,-Bronx,-NY-10455",36005004300,Bronx,42.547484277885566,46.36415094455223,53.3308176112189
"528-4th-St,-Apt-1,-Brooklyn,-NY-11215",36047016500,Brooklyn,45.5687284685255,34.68909999191022,25.85206180185883
"460-Ovington-Ave,-Apt-5G,-Brooklyn,-NY-11209",36047013000,Brooklyn,49.36562991113762,36.68229657780429,30.14896324447096
"2667-Fulton-St,-Unit-7G,-Brooklyn,-NY-11207",36047114600,Brooklyn,43.72090862864429,38.03757529531095,32.14910441931678
"43-Underhill-Ave,-Unit-4,-Brooklyn,-NY-11238",36047020300,Brooklyn,42.35460030803102,27.931725232191788,18.898391898858453
"1189-Grant-Ave,-Apt-3,-Bronx,-NY-10456",36005018101,Bronx,43.644866952065264,52.46153361873193,57.83536826364852
"348-Targee-St,-Staten-Island,-NY-10304",36085002900,Staten Island,101.70873582585408,86.02540249252075,85.99206915918742
"214-N-11th-St,-Apt-3P,-Brooklyn,-NY-11211",36047051900,Brooklyn,26.987994739536315,26.30466140620298,31.77132807286965
"335-Bond-St,-Apt-4E,-Brooklyn,-NY-11231",36047007500,Brooklyn,40.12783061256915,29.44449727923581,20.411163945902484
"3865-Amboy-Rd,-Unit-4C,-Staten-Island,-NY-10308",36085014605,Staten Island,95.3608918941117,79.67755856077837,79.64422522744503
"445-Gerard-Ave,-Unit-W618,-Bronx,-NY-10451",36005006301,Bronx,38.66885847715871,42.50343880093268,46.62575779050477
"805-Washington-Ave,-Apt-6D,-Brooklyn,-NY-11238",36047021500,Brooklyn,40.24763202247036,24.56429868913703,17.030965355803698
"3870-Sedgwick-Ave,-Unit-3E,-Bronx,-NY-10463",36005040900,Bronx,55.84253231241722,66.15919897908388,73.12586564575055
"283-Pacific-St,-Unit-3,-Brooklyn,-NY-11201",36047004300,Brooklyn,35.081233296253664,17.33368071958076,8.800347386247429
"1865-Mulford-Ave,---2,-Bronx,-NY-10461",36005026601,Bronx,59.56075880943816,67.87742547610483,71.84409214277149
"41-27-39th-Pl,-Queens,-NY-11104",36081018101,Queens,27.87770576693324,39.1943724335999,45.16103910026656
"251-Douglass-St,-Unit-507,-Brooklyn,-NY-11217",36047012700,Brooklyn,37.53667465755032,24.83914772318009,17.30581438984676
"3-Fordham-Hill-Oval,-Apt-4G,-Bronx,-NY-10468",36005026100,Bronx,50.90872049774953,64.30714653032611,68.51706559053133
"3870-Sedgwick-Ave,-Unit-6C,-Bronx,-NY-10463",36005040900,Bronx,55.84253231241722,66.15919897908388,73.12586564575055
"251-Douglass-St,-Unit-802,-Brooklyn,-NY-11217",36047012700,Brooklyn,37.53667465755032,24.83914772318009,17.30581438984676
"3027-Radcliff-Ave,-Unit-3,-Bronx,-NY-10469",36005034200,Bronx,70.03960053690159,69.35626720356825,79.32293387023492
"414-Gerard-Ave,-Unit-E609,-Bronx,-NY-10451",36005006301,Bronx,38.544409460554775,42.19942754729329,46.52881627085616
"40-E-52nd-St,-Unit-1,-Brooklyn,-NY-11203",36047087800,Brooklyn,58.33479525538412,39.15146192205078,31.618128588717447
"47-27-5th-St,-Unit-402,-Queens,-NY-11101",36081000701,Queens,19.623011247441568,30.939677914108238,36.9063445807749
"2971-Shell-Rd,-Apt-701,-Brooklyn,-NY-11224",36047034800,Brooklyn,65.17078928486274,54.487455951529405,43.62223335623058
"158-Lott-St,-Unit-552D,-Brooklyn,-NY-11226",36047079202,Brooklyn,51.65574315793486,38.066076361466536,30.5327430281332
"140-E-51st-St,-Unit-1,-Brooklyn,-NY-11203",36047087800,Brooklyn,60.6034962773867,41.42016294405336,33.88682961072003
"89-Dekalb-Ave,-Apt-29F,-Brooklyn,-NY-11201",36047003101,Brooklyn,28.240536110095192,14.524299245338268,6.990965912004935
"334-2nd-St,-Apt-2B,-Brooklyn,-NY-11215",36047013500,Brooklyn,43.6068521406328,30.42351880729948,17.89018547396614
"629-Kappock-St,-Apt-4G,-Bronx,-NY-10463",36005029302,Bronx,56.01046008048763,66.3271267471543,73.29379341382098
"414-Gerard-Ave,-Unit-E1106,-Bronx,-NY-10451",36005006301,Bronx,38.544409460554775,42.19942754729329,46.52881627085616
"18-India-St,-Apt-528P,-Brooklyn,-NY-11222",36047056500,Brooklyn,32.75228031797027,45.06894698463693,39.0356136513036
"111-Lawrence-St,-Apt-26F,-Brooklyn,-NY-11201",36047001100,Brooklyn,29.73720931312169,14.81553797991124,6.282204646577906
"445-Gerard-Ave,-Unit-W204,-Bronx,-NY-10451",36005006301,Bronx,38.66885847715871,42.50343880093268,46.62575779050477
"34-40-79th-St,-Unit-1D,-Queens,-NY-11372",36081028500,Queens,30.933459887421108,46.75012655408777,52.71679322075444
"350-Richmond-Ter,-Apt-2H,-Staten-Island,-NY-10301",36085000700,Staten Island,83.74655832902845,65.46322499569513,66.4798916623618
"251-Douglass-St,-Ph-3,-Brooklyn,-NY-11217",36047012700,Brooklyn,37.53667465755032,24.83914772318009,17.30581438984676
"54-Crown-St,-Apt-1005,-Brooklyn,-NY-11225",36047021300,Brooklyn,43.96957212889824,26.078672002479543,18.54533866914621
"1977-73rd-St,-Apt-2,-Brooklyn,-NY-11204",36047026600,Brooklyn,63.83454931168913,48.74935946269802,41.216026129364685
"1305-Greene-Ave,---2,-Brooklyn,-NY-11237",36047043100,Brooklyn,35.607448352633746,34.924115019300416,39.390781685967085
"293-Prospect-Pl,-Brooklyn,-NY-11238",36047020500,Brooklyn,38.76200725481712,27.447542761493743,19.545340588150445
"85A-Summit-St-Unit-Gdn,-Brooklyn,-NY-11231",36047005100,Brooklyn,44.99081108375929,34.30747775042596,25.274144417092632
"282-4th-Ave,-Unit-14B,-Brooklyn,-NY-11215",36047011901,Brooklyn,40.42131257968292,27.237979246349592,14.70464591301626
"131-Fifth-Ave,-Unit-3R,-Brooklyn,-NY-11217",36047013100,Brooklyn,36.59662909812497,23.285224949483357,15.751891616150022
"196-Willoughby-St,-Apt-32C,-Brooklyn,-NY-11201",36047003101,Brooklyn,28.50911032040501,17.443947515911123,9.910614182577786
"150-Noll-St,-Unit-N2,-Brooklyn,-NY-11206",36047042500,Brooklyn,35.59049194259243,34.9071586092591,40.37382527592577
"126-Sandford-St,---502,-Brooklyn,-NY-11205",36047123700,Brooklyn,38.05222001024975,33.368886676916425,27.33555334358309
"645-Knickerbocker-Ave,-Apt-4,-Brooklyn,-NY-11221",36047043500,Brooklyn,41.66416127219045,40.98082793885712,41.94749460552378
"126-Sandford-St,-Unit-408,-Brooklyn,-NY-11205",36047123700,Brooklyn,38.05222001024975,33.368886676916425,27.33555334358309
"18-India-St,-Apt-332P,-Brooklyn,-NY-11222",36047056500,Brooklyn,32.75228031797027,45.06894698463693,39.0356136513036
"158-Lott-St,-Unit-728D,-Brooklyn,-NY-11226",36047079202,Brooklyn,51.65574315793486,38.066076361466536,30.5327430281332
"430-Albee-Sq,-Unit-28B,-Brooklyn,-NY-11201",36047001502,Brooklyn,28.134718428256708,15.0953126913453,7.561979358011968
"158-Lott-St,-Unit-449D,-Brooklyn,-NY-11226",36047079202,Brooklyn,51.65574315793486,38.066076361466536,30.5327430281332
"18-India-St,-Apt-3502S,-Brooklyn,-NY-11222",36047056500,Brooklyn,32.75228031797027,45.06894698463693,39.0356136513036
"126-Sandford-St,---408,-Brooklyn,-NY-11205",36047123700,Brooklyn,38.05222001024975,33.368886676916425,27.33555334358309
"60-Wharf-Dr,-Apt-4009,-Brooklyn,-NY-11222",36047056100,Brooklyn,35.351869752735,39.021179036532615,41.56188615316166
"120-E-144th-St,-Unit-313,-Bronx,-NY-10451",36005006301,Bronx,37.94701978327259,40.76368644993925,47.31664542819384
"42-42-Judge-St,-Unit-2F,-Queens,-NY-11373",36081027101,Queens,29.432017769209637,43.7486844358763,51.21535110254297
"120-E-144th-St,-Unit-204,-Bronx,-NY-10451",36005006301,Bronx,37.94701978327259,40.76368644993925,47.31664542819384
"445-Gerard-Ave,-Unit-W1203,-Bronx,-NY-10451",36005006301,Bronx,38.66885847715871,42.50343880093268,46.62575779050477
"3870-Sedgwick-Ave,-Apt-4G,-Bronx,-NY-10463",36005040900,Bronx,55.84253231241722,66.15919897908388,73.12586564575055
"1256-Bay-St,-Apt-2,-Staten-Island,-NY-10305",36085000800,Staten Island,100.40734052941838,84.72400719608504,84.69067386275171
"4026-Lowerre-Pl,-Unit-2,-Bronx,-NY-10466",36005040800,Bronx,68.21127261312684,67.52793927979351,77.49460594646017
"14-33-31st-Ave,-Unit-4D,-Queens,-NY-11106",36081007900,Queens,40.21541544739387,50.03208211406054,55.998748780727205
"181-Front-St,-Apt-9B,-Brooklyn,-NY-11201",36047002100,Brooklyn,28.15130783797057,19.65748956996477,13.434641171303904
"339-Saratoga-Ave,-Apt-6,-Brooklyn,-NY-11233",36047030300,Brooklyn,54.33158105324804,40.7147208064696,31.681387473136272
"50-N-5th-St,-Unit-2LW,-Brooklyn,-NY-11249",36047055500,Brooklyn,29.51357125251646,28.830237919183126,34.296904585849795
"2363-Bedford-Ave,-Unit-504A,-Brooklyn,-NY-11226",36047079202,Brooklyn,50.753144619031936,39.21717152045533,30.53647795236527
"72-1st-Pl,-Apt-1,-Brooklyn,-NY-11231",36047006500,Brooklyn,37.10096950135139,26.41763616801806,17.384302834684725
"1-S-1st-St,-Ph-2B,-Brooklyn,-NY-11249",36047055100,Brooklyn,35.34071200753182,34.65737867419849,40.12404534086515
"2363-Bedford-Ave,-Unit-605B,-Brooklyn,-NY-11226",36047079202,Brooklyn,50.753144619031936,39.21717152045533,30.53647795236527
"1515-Surf-Ave,-Apt-726,-Brooklyn,-NY-11224",36047034800,Brooklyn,64.39286182977851,50.70952849644518,41.17619516311185
"131-N-5th-St,-Apt-1,-Brooklyn,-NY-11249",36047055300,Brooklyn,25.118229508943667,24.434896175610334,29.901562842277
"1515-Surf-Ave,-Apt-924,-Brooklyn,-NY-11224",36047034800,Brooklyn,64.39286182977851,50.70952849644518,41.17619516311185
"1233-Eastern-Pkwy,-Unit-4E,-Brooklyn,-NY-11213",36047035701,Brooklyn,49.51193993649678,30.32860660316345,22.795273269830115
"45-50-Pearson-St,-Unit-14I,-Queens,-NY-11101",36081001901,Queens,18.72351888365228,32.788845565175265,37.197896529088574
"1515-Surf-Ave,-Apt-1325,-Brooklyn,-NY-11224",36047034800,Brooklyn,64.39286182977851,50.70952849644518,41.17619516311185
"221-Van-Brunt-St,-Apt-2B,-Brooklyn,-NY-11231",36047005900,Brooklyn,51.56488565697455,40.881552323641216,31.848218990307885
"133-19-97-Ave,-Unit-1,-Queens,-NY-11419",36081015200,Queens,49.81492272156023,65.1315893882269,62.32897942271418
"120-E-144th-St,-Unit-1015,-Bronx,-NY-10451",36005006301,Bronx,37.94701978327259,40.76368644993925,47.31664542819384
"120-E-144th-St,-Unit-1012,-Bronx,-NY-10451",36005006301,Bronx,37.94701978327259,40.76368644993925,47.31664542819384
"175-Kent-Ave,-Apt-622,-Brooklyn,-NY-11249",36047055500,Brooklyn,31.589569239035065,30.90623590570173,36.3729025723684
"1415-Sterling-Pl,---2,-Brooklyn,-NY-11213",36047034500,Brooklyn,47.26855114467242,28.085217811339085,20.551884478005757
"372-Clinton-Ave,---1,-Brooklyn,-NY-11238",36047019700,Brooklyn,38.41713582729415,25.233802493960813,18.53282797228616
"282-4th-Ave,-Unit-4B,-Brooklyn,-NY-11215",36047011901,Brooklyn,40.42131257968292,27.237979246349592,14.70464591301626
"282-4th-Ave,-Unit-6C,-Brooklyn,-NY-11215",36047011901,Brooklyn,40.42131257968292,27.237979246349592,14.70464591301626
"545-Vanderbilt-Unit-Ave,-Ph-2J,-Brooklyn,-NY-11238",36047019900,Brooklyn,40.392036291629886,24.20870295829655,15.175369624963215
"282-4th-Ave,-Unit-6D,-Brooklyn,-NY-11215",36047011901,Brooklyn,40.42131257968292,27.237979246349592,14.70464591301626
"29-S-3rd-St,-Apt-4D,-Brooklyn,-NY-11249",36047055100,Brooklyn,36.29062498155661,35.607291648223274,41.07395831488994
"3434-Fulton-St,-Unit-3FL,-Brooklyn,-NY-11208",36047118400,Brooklyn,51.91990834668622,46.23657501335288,41.70324168001955
"409-Grand-St,-Apt-3R,-Brooklyn,-NY-11211",36047051300,Brooklyn,29.93197906244003,29.24864572910669,29.14804903488864
"52-4th-Ave,-Unit-405,-Brooklyn,-NY-11217",36047003900,Brooklyn,28.80100663836868,16.11572938200869,8.582396048675356
"1521-Dean-St,-Unit-1,-Brooklyn,-NY-11213",36047031100,Brooklyn,50.258599705983485,34.07526637265015,25.041933039316817
"975-Nostrand-Ave,-Apt-534,-Brooklyn,-NY-11225",36047031900,Brooklyn,47.744660627514826,28.56132729418149,21.02799396084816
"975-Nostrand-Ave,-Apt-220,-Brooklyn,-NY-11225",36047031900,Brooklyn,47.744660627514826,28.56132729418149,21.02799396084816
"1529-Brooklyn-Ave,-Brooklyn,-NY-11210",36047078400,Brooklyn,63.05785671757217,43.87452338423884,36.34119005090551
"1057-Atlantic-Ave,-Apt-1712,-Brooklyn,-NY-11238",36047022700,Brooklyn,42.59697315383234,26.413639820499004,17.380306487165672
"545-Vanderbilt-Ave,-Apt-21D,-Brooklyn,-NY-11238",36047019900,Brooklyn,40.392036291629886,24.20870295829655,15.175369624963215
"875-Longfellow-Ave,-Apt-3F,-Bronx,-NY-10474",36005011502,Bronx,47.78187507428201,56.09854174094868,60.06520840761535
"505-State-St,-Apt-40A,-Brooklyn,-NY-11217",36047003900,Brooklyn,30.85429848969021,15.543002109479945,8.009668776146613
"953-Dean-St,-Apt-803,-Brooklyn,-NY-11238",36047030500,Brooklyn,45.14037876199564,28.95704542866231,19.923712095328977
"2138-Gleason-Ave,-Apt-2,-Bronx,-NY-10462",36005009200,Bronx,54.23872026208162,62.55538692874829,66.52205359541496
"475-Kent-Ave,-Apt-412,-Brooklyn,-NY-11249",36047054700,Brooklyn,39.46044397099039,35.77711063765706,40.74377730432373
"4525-Henry-Hudson-Pkwy,-Apt-1202,-Bronx,-NY-10471",36005030701,Bronx,62.63338059522046,72.95004726188712,79.6403776530988
"415-Red-Hook-Ln,-Apt-15E,-Brooklyn,-NY-11201",36047003700,Brooklyn,30.9715799696206,12.301033126743777,3.767699793410442
"287-19th-St,-Unit-3,-Brooklyn,-NY-11215",36047014300,Brooklyn,48.12656941772907,34.943236084395735,22.409902751062404
"249-Newkirk-Ave,-Brooklyn,-NY-11230",36047048200,Brooklyn,52.98427791008651,44.80094457675318,31.767611243419847
"189-Schermerhorn-St,-Apt-5C,-Brooklyn,-NY-11201",36047003700,Brooklyn,31.976772924182452,15.74250206073526,7.209168727401924
"158-Lott-St,-Unit-103A,-Brooklyn,-NY-11226",36047079202,Brooklyn,51.65574315793486,38.066076361466536,30.5327430281332
"955-Sterling-Pl,-Apt-501,-Brooklyn,-NY-11213",36047034100,Brooklyn,47.55923430701902,32.89034244483062,25.357009111497288
"2667-Fulton-St,-Unit-2G,-Brooklyn,-NY-11207",36047114600,Brooklyn,43.72090862864429,38.03757529531095,32.14910441931678
"3363-Sedgwick-Ave,-Apt-5L,-Bronx,-NY-10463",36005027900,Bronx,55.20088847932187,65.51755514598854,72.4842218126552
"1373-Park-Pl,-Unit-2,-Brooklyn,-NY-11213",36047034500,Brooklyn,48.791298515228696,29.607965181895363,22.07463184856203
"158-Lott-St,-Unit-222A,-Brooklyn,-NY-11226",36047079202,Brooklyn,51.65574315793486,38.066076361466536,30.5327430281332
"158-Lott-St,-Unit-538A,-Brooklyn,-NY-11226",36047079202,Brooklyn,51.65574315793486,38.066076361466536,30.5327430281332
"1637-W-2nd-St,-Brooklyn,-NY-11223",36047042400,Brooklyn,59.148867429256,48.46553409592266,41.93220076258933
"873-Union-St,-Apt-1,-Brooklyn,-NY-11215",36047015900,Brooklyn,36.62805299237854,25.31563320647628,17.41138632571187
"82-Cooper-St,-Apt-3B,-Brooklyn,-NY-11207",36047040300,Brooklyn,41.8623865421204,39.57393631520996,36.125096724609065
"962-Bushwick-Ave,-Apt-8D,-Brooklyn,-NY-11221",36047039500,Brooklyn,38.84403116025555,34.58429903532874,38.12736449358888
"475-Kent-Ave,-Apt-306,-Brooklyn,-NY-11249",36047054700,Brooklyn,39.46044397099039,35.77711063765706,40.74377730432373
"629-Hancock-St,-Brooklyn,-NY-11233",36047029500,Brooklyn,47.55572328668091,34.072872833971466,29.53953950063813
"249-Newkirk-Ave,-Unit-3,-Brooklyn,-NY-11230",36047048200,Brooklyn,52.957072317400815,44.77373898406748,31.740405650734143
"133-19-97th-Ave,-Queens,-NY-11419",36081015200,Queens,49.7470072796876,65.06367394635426,62.28685013697114
"948-New-York-Ave,-Unit-3F,-Brooklyn,-NY-11203",36047082400,Brooklyn,51.82688666026737,32.64355332693403,25.110219993600698
"22-Chapel-St,-Apt-19B,-Brooklyn,-NY-11201",36047001300,Brooklyn,33.67156648054445,18.766837301820104,11.176070409527789
"17-Hanover-Unit-Pl,-Ph-1D,-Brooklyn,-NY-11201",36047003700,Brooklyn,28.78704954963192,14.12352873531083,6.590195401977495
"430-Albee-Sq,-Unit-24E,-Brooklyn,-NY-11201",36047001502,Brooklyn,28.134718428256708,15.0953126913453,7.561979358011968
"662-Pacific-St,-Apt-22K,-Brooklyn,-NY-11217",36047016100,Brooklyn,34.64190728230502,19.62313450326016,12.089801169926826
"948-New-York-Ave,-Unit-3G,-Brooklyn,-NY-11203",36047082400,Brooklyn,51.82688666026737,32.64355332693403,25.110219993600698
"650-Decatur-St-Unit-Gdn,-Brooklyn,-NY-11233",36047037300,Brooklyn,44.951987820614,35.09898186742604,30.87953248380152
"380-S-4th-St,-Apt-19,-Brooklyn,-NY-11211",36047052700,Brooklyn,28.32310104922583,27.639767715892496,28.66567040797351
"985-Halsey-St,-Brooklyn,-NY-11207",36047040100,Brooklyn,41.92183553697607,31.23850220364273,36.2051688703094
"499-President-St,-Apt-518,-Brooklyn,-NY-11215",36047011901,Brooklyn,41.83308955330858,28.64975621997525,16.116422886641917
"111-Willoughby-St,-Apt-26C,-Brooklyn,-NY-11201",36047001502,Brooklyn,30.281926687807275,16.49532149968566,8.355865328818698
"146-Pierrepont-St,-Apt-18D,-Brooklyn,-NY-11201",36047000900,Brooklyn,30.58264972634761,12.96815758622662,4.434824252893284
"953-Dean-St,-Unit-18,-Brooklyn,-NY-11238",36047030500,Brooklyn,45.14037876199564,28.95704542866231,19.923712095328977
"675-E-230th-St,-Bronx,-NY-10466",36005042000,Bronx,70.41613719710215,69.73280386376881,79.69947053043548
"35-45-81st-St,-Unit-B5,-Queens,-NY-11372",36081028300,Queens,28.71606336055016,46.03273002721684,52.67274093670584
"1008-E-228th-St,-Unit-2,-Bronx,-NY-10466",36005040400,Bronx,79.30171289332345,78.61837955999013,88.58504622665679
"104-40-Queens-Blvd,-Unit-5H,-Queens,-NY-11375",36081071305,Queens,34.5677024238338,50.38436909050047,56.35103575716713
"363-E-145th-St,-Bronx,-NY-10454",36005004300,Bronx,42.08606301564991,45.902729682316576,52.86939634898325
"89-Dekalb-Ave,-Apt-25D,-Brooklyn,-NY-11201",36047003101,Brooklyn,28.240536110095192,14.524299245338268,6.990965912004935
"135-Eastern-Pkwy,-Apt-4A,-Brooklyn,-NY-11238",36047021500,Brooklyn,38.52616546746098,22.842832134127647,15.309498800794314
"420-Carroll-St,-Unit-4190,-Brooklyn,-NY-11215",36047011901,Brooklyn,42.9754583893625,31.41100358117239,18.877670247839056
"1-Bell-Slip,-Apt-29N,-Brooklyn,-NY-11222",36047056302,Brooklyn,26.314226391942192,37.630893058608855,41.58318956178729
"2833-Brighton-3rd-St,-Apt-3D,-Brooklyn,-NY-11235",36047036600,Brooklyn,61.90235477923999,53.719021445906655,40.18568811257333
"29-11-Queens-Plz-N,-Apt-27B,-Queens,-NY-11101",36081003301,Queens,16.37018706164978,31.186853728316446,37.65352039498312
"37-34-33rd-St,-Apt-4F,-Queens,-NY-11101",36081005500,Queens,24.73814065327971,35.05480731994638,42.521473986613046
"104-40-Queens-Blvd,-Unit-05H,-Queens,-NY-11375",36081071305,Queens,34.5677024238338,50.38436909050047,56.35103575716713
"150-Joralemon-St,-Apt-10E,-Brooklyn,-NY-11201",36047000700,Brooklyn,32.31841032906286,13.8119238597018,5.278590526368466
"626-Lincoln-Pl,-Apt-1C,-Brooklyn,-NY-11216",36047021900,Brooklyn,41.00197715886908,21.818643825535748,14.285310492202418
"6216-19th-Ave,-Unit-2,-Brooklyn,-NY-11204",36047024800,Brooklyn,59.393894509363726,40.7105611760304,33.177227842697064
"420-Carroll-St,-Unit-2110,-Brooklyn,-NY-11215",36047011901,Brooklyn,42.9754583893625,31.41100358117239,18.877670247839056
"9311-Foster-Ave,-Brooklyn,-NY-11236",36047097000,Brooklyn,61.43994365296565,55.75661031963232,42.72327698629898
"24-Keats-St,-Unit-1,-Staten-Island,-NY-10308",36085013203,Staten Island,98.30091928774662,82.61758595441329,82.58425262107995
"106-N-3rd-St,-Apt-5B,-Brooklyn,-NY-11249",36047055500,Brooklyn,28.990812113800523,28.30747878046719,33.774145447133854
"70-Berry-St,-Ph-A,-Brooklyn,-NY-11249",36047055700,Brooklyn,27.251515951191063,26.568182617857733,32.0348492845244
"9136-Bedell-Ln,-Unit-2,-Brooklyn,-NY-11236",36047096200,Brooklyn,62.66690430323592,56.983570969902594,43.950237636569256
"163-N-6th-St,-Apt-C2,-Brooklyn,-NY-11211",36047055300,Brooklyn,22.995823104711803,22.31248977137847,27.77915643804514
"29-11-Queens-Plz-N,-Apt-27C,-Queens,-NY-11101",36081003301,Queens,16.275012033134196,31.091678699800863,37.55834536646753
"251-Douglass-St,-Unit-724,-Brooklyn,-NY-11217",36047012700,Brooklyn,37.53667465755032,24.83914772318009,17.30581438984676
"13-33-Jackson-Ave,-Unit-5D,-Queens,-NY-11101",36081000702,Queens,19.413037704034718,30.72970437070138,33.44955450144152
"135-N-11th-St,-Apt-6H,-Brooklyn,-NY-11249",36047051700,Brooklyn,28.45854708314777,27.77521374981444,33.24188041648111
"955-Sterling-Pl,-Apt-317,-Brooklyn,-NY-11213",36047034100,Brooklyn,47.55923430701902,32.89034244483062,25.357009111497288
"358-Van-Siclen-Ave,-Unit-1,-Brooklyn,-NY-11207",36047116000,Brooklyn,48.12943966786866,40.44610633453533,31.41277300120199
"2613-Decatur-Ave,-Unit-1,-Bronx,-NY-10458",36005039901,Bronx,44.09731386295376,61.91398052962042,71.32434784624989
"2363-Bedford-Ave,-Unit-439,-Brooklyn,-NY-11226",36047079202,Brooklyn,50.753144619031936,39.21717152045533,30.53647795236527
"574A-Macon-St,-Unit-1FR,-Brooklyn,-NY-11233",36047038300,Brooklyn,47.29839764952639,32.29605119099176,27.762717857658423
"45-02-23rd-St,-Unit-1,-Queens,-NY-11101",36081000702,Queens,14.397666563951852,28.727758956169158,34.69442562283582
"1336-Jefferson-Ave,-Unit-Ph,-Brooklyn,-NY-11221",36047043700,Brooklyn,45.54743873536183,44.177662323123066,42.83354346002152
"54-Noll-St,-Apt-353,-Brooklyn,-NY-11206",36047039100,Brooklyn,36.73934658369822,31.55601325036489,36.52267991703156
"123-Melrose-St,-Apt-660,-Brooklyn,-NY-11206",36047039100,Brooklyn,35.85862061463888,30.675287281305547,35.64195394797221
"54-Noll-St,-Apt-476,-Brooklyn,-NY-11206",36047039100,Brooklyn,36.73934658369822,31.55601325036489,36.52267991703156
"251-Douglass-St,-Unit-411,-Brooklyn,-NY-11217",36047012700,Brooklyn,37.53667465755032,24.83914772318009,17.30581438984676
"56-Frost-St,-Unit-1F,-Brooklyn,-NY-11211",36047051500,Brooklyn,29.649999021305355,28.96666568797202,34.056508481676246
"503-Evergreen-Ave,-Unit-5C,-Brooklyn,-NY-11221",36047041500,Brooklyn,42.51291368579496,37.36525394872071,41.79624701912829
"251-Douglass-St,-Unit-719,-Brooklyn,-NY-11217",36047012700,Brooklyn,37.53667465755032,24.83914772318009,17.30581438984676
"16-Stanhope-St,-Apt-3R,-Brooklyn,-NY-11221",36047039500,Brooklyn,38.86186532603303,31.255457445574443,41.222124112241104
"960-Sterling-Pl,-Unit-B,-Brooklyn,-NY-11213",36047033900,Brooklyn,47.13647042157744,32.35623592277463,24.82290258944129
"540-Waverly-Ave,-Apt-2J,-Brooklyn,-NY-11238",36047019900,Brooklyn,40.14802965924483,23.964696325911493,14.931362992578158
"435-Central-Ave,-Apt-1A,-Brooklyn,-NY-11221",36047041500,Brooklyn,45.05104140352887,40.54149888186672,44.3343747368622
"111-Lawrence-St,-Apt-34A,-Brooklyn,-NY-11201",36047001100,Brooklyn,29.739163248201077,14.818106326786884,6.284772993453553
"158-Lott-St,-Unit-433D,-Brooklyn,-NY-11226",36047079202,Brooklyn,51.65574315793486,38.066076361466536,30.5327430281332
"2905-W-17th-St,-Unit-4C,-Brooklyn,-NY-11224",36047007700,Brooklyn,37.15353167475302,26.470198341419685,17.43686500808635
"251-Douglass-St,-Unit-625,-Brooklyn,-NY-11217",36047012700,Brooklyn,37.53667465755032,24.83914772318009,17.30581438984676
"2905-W-17th-St,-Unit-4A,-Brooklyn,-NY-11224",36047007700,Brooklyn,37.15353167475302,26.470198341419685,17.43686500808635
"1963-Pilgrim-Ave,-Bronx,-NY-10461",36005030000,Bronx,62.30818528216925,70.62485194883591,74.59151861550258
"251-Douglass-St,-Unit-1220,-Brooklyn,-NY-11217",36047012700,Brooklyn,37.53667465755032,24.83914772318009,17.30581438984676
"358-Van-Siclen-Ave,-Unit-2,-Brooklyn,-NY-11207",36047116000,Brooklyn,48.12943966786866,40.44610633453533,31.41277300120199
"276-Grand-Concourse,-Apt-805,-Bronx,-NY-10451",36005005100,Bronx,33.57077481438737,36.38744148105404,46.35410814772071
"89-Dekalb-Ave,-Apt-25H,-Brooklyn,-NY-11201",36047003101,Brooklyn,28.240536110095192,14.524299245338268,6.990965912004935
"468-E-141st-St,-Unit-3,-Bronx,-NY-10454",36005003900,Bronx,43.8122643420221,45.43561781652683,54.4022844831935
"468-E-141st-St,-Bronx,-NY-10454",36005003900,Bronx,43.8122643420221,45.43561781652683,54.4022844831935
"468-E-141st-St,-Unit-1,-Bronx,-NY-10454",36005003900,Bronx,43.80818947255739,45.43575308672224,54.402419753388905
"251-Douglass-St,-Unit-918,-Brooklyn,-NY-11217",36047012700,Brooklyn,37.53667465755032,24.83914772318009,17.30581438984676
"276-Grand-Concourse,-Apt-1115,-Bronx,-NY-10451",36005005100,Bronx,33.57077481438737,36.38744148105404,46.35410814772071
"340-Lenox-Rd,-Apt-4B,-Brooklyn,-NY-11226",36047081800,Brooklyn,51.45192161771019,32.268588284376854,24.73525495104352
"150-4th-Ave,-Apt-3J,-Brooklyn,-NY-11217",36047012700,Brooklyn,35.35948688360326,22.56726596195226,15.033932628618924
"1565-Odell-St,-Apt-1F,-Bronx,-NY-10462",36005021002,Bronx,57.81486207883485,66.13152874550151,70.0981954121682
"1134-Fulton-St,-Unit-9Q,-Brooklyn,-NY-11216",36047022700,Brooklyn,42.02071662345921,25.837383290125874,16.80404995679254
"655-Sheffield-Ave,-Brooklyn,-NY-11207",36047112800,Brooklyn,57.67046232975567,41.06438070097143,32.03104736763809
"597-Grand-Ave,-Apt-2K,-Brooklyn,-NY-11238",36047030500,Brooklyn,44.746070161172085,32.14197795949427,23.688149573316537
"123-Melrose-St,-Apt-631,-Brooklyn,-NY-11206",36047039100,Brooklyn,35.85862061463888,30.675287281305547,35.64195394797221
"175-S-4th-St,-Apt-3,-Brooklyn,-NY-11211",36047052300,Brooklyn,31.97420761148716,28.290874278153822,33.25754094482049
"276-Grand-Concourse,-Apt-1214,-Bronx,-NY-10451",36005005100,Bronx,33.57077481438737,36.38744148105404,46.35410814772071
"123-Melrose-St,-Apt-549,-Brooklyn,-NY-11206",36047039100,Brooklyn,35.85862061463888,30.675287281305547,35.64195394797221
"2363-Bedford-Ave,-Unit-119,-Brooklyn,-NY-11226",36047079202,Brooklyn,50.753144619031936,39.21717152045533,30.53647795236527
"435-Central-Ave,-Apt-4B,-Brooklyn,-NY-11221",36047041500,Brooklyn,45.05104140352887,40.54149888186672,44.3343747368622
"301-Sullivan-Pl,-Apt-3R,-Brooklyn,-NY-11225",36047032100,Brooklyn,47.7131359629928,28.529802629659464,20.996469296326133
"953-Dean-St,-Apt-615,-Brooklyn,-NY-11238",36047030500,Brooklyn,45.14037876199564,28.95704542866231,19.923712095328977
"175-S-4th-St,-Apt-4,-Brooklyn,-NY-11211",36047052300,Brooklyn,31.9913104867127,28.307977153379365,33.27464382004603
"2809-Cortelyou-Rd,-Apt-1,-Brooklyn,-NY-11226",36047082600,Brooklyn,52.30206211773756,33.118728784404226,25.58539545107089
"138-Willoughby-St,-Unit-29C,-Brooklyn,-NY-11201",36047001502,Brooklyn,28.121142545957603,17.180773528643325,9.647440195309994
"425-Hancock-St,---3,-Brooklyn,-NY-11216",36047027500,Brooklyn,50.30509056538634,34.121757232053014,25.08842389871968
"80-Bainbridge-St,-Brooklyn,-NY-11233",36047029700,Brooklyn,45.03221021768503,28.848876884351697,24.315543551018365
"96-Steuben-St,-Unit-5H,-Brooklyn,-NY-11205",36047019100,Brooklyn,45.808039167259366,35.430583440490835,29.397250107157504
"123-Melrose-St,-Apt-846,-Brooklyn,-NY-11206",36047039100,Brooklyn,35.85862061463888,30.675287281305547,35.64195394797221
"97-Grand-Ave,-Unit-5F,-Brooklyn,-NY-11205",36047019100,Brooklyn,45.71099041386811,34.82356064806263,28.790227314729297
"2363-Bedford-Ave,-Unit-18,-Brooklyn,-NY-11226",36047079202,Brooklyn,50.753144619031936,39.21717152045533,30.53647795236527
"122-Boerum-St,-Brooklyn,-NY-11206",36047050500,Brooklyn,33.028907873543425,32.345574540210094,32.40180042188428
"953-Dean-St,-Apt-710,-Brooklyn,-NY-11238",36047030500,Brooklyn,45.14037876199564,28.95704542866231,19.923712095328977
"2363-Bedford-Ave,-Unit-5,-Brooklyn,-NY-11226",36047079202,Brooklyn,50.753144619031936,39.21717152045533,30.53647795236527
"73-Starr-St,-Apt-1B,-Brooklyn,-NY-11237",36047042700,Brooklyn,40.06195758225029,39.37862424891696,45.1178316288873
"201-25th-St,-Apt-10D,-Brooklyn,-NY-11232",36047010100,Brooklyn,40.66770957217111,26.48437623883778,16.451042905504444
"224-E-135th-St,-Unit-1114N,-Bronx,-NY-10451",36005005100,Bronx,37.68382081349197,40.50048748015864,50.46715414682531
"224-E-135th-St,-Unit-1417S,-Bronx,-NY-10451",36005005100,Bronx,37.68382081349197,40.50048748015864,50.46715414682531
"110-S-2nd-St,-Apt-3,-Brooklyn,-NY-11249",36047055100,Brooklyn,33.19334341729615,32.51001008396282,37.97667675062949
"953-Dean-St,-Apt-362,-Brooklyn,-NY-11238",36047030500,Brooklyn,45.14037876199564,28.95704542866231,19.923712095328977
"20-Terrace-Pl,---H,-Brooklyn,-NY-11218",36047150200,Brooklyn,51.050618546857386,40.36728521352405,31.33395188019072
"123-Melrose-St,-Apt-315,-Brooklyn,-NY-11206",36047039100,Brooklyn,35.85862061463888,30.675287281305547,35.64195394797221
"289-21st-St,-Apt-2L,-Brooklyn,-NY-11215",36047014500,Brooklyn,49.211960781360624,35.02862744802729,23.85294195113164
"2363-Bedford-Ave,-Unit-111,-Brooklyn,-NY-11226",36047079202,Brooklyn,50.753144619031936,39.21717152045533,30.53647795236527
"123-Melrose-St,-Apt-770,-Brooklyn,-NY-11206",36047039100,Brooklyn,35.85862061463888,30.675287281305547,35.64195394797221
"105-Wilson-Ave,-Apt-2L,-Brooklyn,-NY-11237",36047042700,Brooklyn,39.80885671729063,39.1255233839573,44.707273741355216
"585-Argyle-Rd,-Apt-3A,-Brooklyn,-NY-11230",36047052000,Brooklyn,43.892729131563065,35.70939579822973,22.6760624648964
"120-4th-Pl,-Apt-A1,-Brooklyn,-NY-11231",36047007700,Brooklyn,38.95468576636886,28.27135243303553,19.2380190997022
"196-Willoughby-St,-Apt-31D,-Brooklyn,-NY-11201",36047003101,Brooklyn,28.50911032040501,17.443947515911123,9.910614182577786
"461-Dean-St,-Apt-19C,-Brooklyn,-NY-11217",36047012902,Brooklyn,32.93474294888512,18.015147307063035,10.481813973729702
"2230-Cropsey-Ave,-Apt-908,-Brooklyn,-NY-11214",36047029400,Brooklyn,66.06838540724128,57.38505207390794,48.85171874057461
"22-44-Jackson-Ave,-Ph-8,-Queens,-NY-11101",36081001901,Queens,17.766130141787112,32.11461259161181,37.61321005345295
"1243-Atlantic-Ave,-Apt-4B,-Brooklyn,-NY-11216",36047024700,Brooklyn,40.5066048689916,24.323271535658264,18.789938202324933
"6921-6th-Ave,-Unit-3,-Brooklyn,-NY-11209",36047013400,Brooklyn,53.86784905033678,41.07161354865097,33.53828021531764
"138-Willoughby-St,-Unit-26C,-Brooklyn,-NY-11201",36047001502,Brooklyn,28.121142545957603,17.180773528643325,9.647440195309994
"570-Vanderbilt-Ave,-Apt-4R,-Brooklyn,-NY-11238",36047016300,Brooklyn,38.09928396914688,27.754410406629464,18.88261730248021
"1534-Bryan-Ave,-Bronx,-NY-10460",36005015700,Bronx,55.07152908492682,61.388195751593486,65.85486241826015
"51-28-30th-Ave,-Apt-1A,-Queens,-NY-11377",36081029500,Queens,35.21844573991505,46.47941993861903,53.9460866052857
"1-Bell-Slip,-Apt-25N,-Brooklyn,-NY-11222",36047056302,Brooklyn,26.314226391942192,37.630893058608855,41.58318956178729
"545-Vanderbilt-Ave,-Apt-25I,-Brooklyn,-NY-11238",36047019900,Brooklyn,40.392036291629886,24.20870295829655,15.175369624963215
"2276-Atlantic-Ave,-Brooklyn,-NY-11233",36047036501,Brooklyn,47.30270101334316,34.97708332082038,27.72387629134636
"253-Eldert-St,-Unit-3,-Brooklyn,-NY-11207",36047043700,Brooklyn,44.883100025737455,43.77260587903785,38.35258990003695
"333-4th-St,-Apt-4E,-Brooklyn,-NY-11215",36047013500,Brooklyn,46.75130071619298,33.56796738285964,21.03463404952631
"89-Dekalb-Ave,-Apt-19J,-Brooklyn,-NY-11201",36047003101,Brooklyn,28.240536110095192,14.524299245338268,6.990965912004935
"59-Pineapple-St,-Apt-4A,-Brooklyn,-NY-11201",36047000100,Brooklyn,27.409969314242986,11.72663598090965,6.693302647576317
"2385-3rd-Ave,-Unit-C534,-Bronx,-NY-10451",36005005100,Bronx,40.52627586593031,43.34294253259698,49.30960919926364
"89-Dekalb-Ave,-Apt-25E,-Brooklyn,-NY-11201",36047003101,Brooklyn,28.240536110095192,14.524299245338268,6.990965912004935
"657-96th-St-E,-Unit-1,-Brooklyn,-NY-11236",36047092800,Brooklyn,67.89919732520652,46.21586399187319,37.18253065853985
"111-Willoughby-St,-Apt-23D,-Brooklyn,-NY-11201",36047001502,Brooklyn,30.281926687807275,16.49532149968566,8.355865328818698
"111-Willoughby-St,-Apt-14D,-Brooklyn,-NY-11201",36047001502,Brooklyn,30.281926687807275,16.49532149968566,8.355865328818698
"98-10-63rd-Rd,-Unit-2006,-Queens,-NY-11374",36081071900,Queens,41.16444487944349,55.48111154611015,62.94777821277682
"505-State-St,-Apt-15J,-Brooklyn,-NY-11217",36047003900,Brooklyn,30.85429848969021,15.543002109479945,8.009668776146613
"860-Lorimer-St,-Apt-4E,-Brooklyn,-NY-11222",36047056900,Brooklyn,28.966825454689022,33.70694398236895,32.25015878802236
"282-Montauk-Ave,-Apt-1,-Brooklyn,-NY-11208",36047119400,Brooklyn,53.14743384464381,42.64170584796444,36.430767177977145
"964-E-100th-St,-Brooklyn,-NY-11236",36047098800,Brooklyn,60.00878064888395,54.32544731555061,41.29211398221728
"98-10-63rd-Rd,-Unit-1811,-Queens,-NY-11374",36081071900,Queens,41.16444487944349,55.48111154611015,62.94777821277682
"111-Willoughby-St,-Apt-25D,-Brooklyn,-NY-11201",36047001502,Brooklyn,30.281926687807275,16.49532149968566,8.355865328818698
"228-Monroe-St,-Apt-4,-Brooklyn,-NY-11216",36047024900,Brooklyn,42.58197624829883,29.54714760692782,24.013814273594488
"181-Front-St,-Unit-9M,-Brooklyn,-NY-11201",36047002100,Brooklyn,28.147847052495536,19.65324363887097,13.431180385828869
"115-Stanwix-St,-Apt-605,-Brooklyn,-NY-11206",36047039100,Brooklyn,36.87696189497229,34.10895197250283,39.0756186391695
"98-10-63rd-Rd,-Unit-2010,-Queens,-NY-11374",36081071900,Queens,41.16444487944349,55.48111154611015,62.94777821277682
"27-17-42nd-Rd,-Apt-6G,-Queens,-NY-11101",36081001902,Queens,18.184527464971705,32.550671640716104,38.517338307382765
"1512-Nostrand-Ave,-Unit-2,-Brooklyn,-NY-11226",36047082400,Brooklyn,50.65091607507288,31.467582741739538,23.93424940840621
"3942-Monticello-Ave,-Unit-2,-Bronx,-NY-10466",36005042600,Bronx,73.18551382495312,78.00218049161978,86.96884715828645
"8-Palmetto-St,-Apt-610,-Brooklyn,-NY-11221",36047039700,Brooklyn,35.82864174896811,35.14530841563477,35.11197508230144
"54-Crown-St,-Apt-220,-Brooklyn,-NY-11225",36047021300,Brooklyn,43.96957212889824,26.078672002479543,18.54533866914621
"1034-Rutland-Rd,-Apt-2,-Brooklyn,-NY-11212",36047088400,Brooklyn,54.26941063565593,32.58607730232259,24.05274396898926
"180-Franklin-Ave,-Apt-411,-Brooklyn,-NY-11205",36047023500,Brooklyn,42.376839154026165,32.70070474782664,26.66737141449331
"345-Prospect-Pl,-Unit-2,-Brooklyn,-NY-11238",36047020500,Brooklyn,41.10305247067603,29.24491794542553,21.7115846120922
"54-Crown-St,-Apt-737,-Brooklyn,-NY-11225",36047021300,Brooklyn,43.96957212889824,26.078672002479543,18.54533866914621
"181-Front-St,-Apt-2C,-Brooklyn,-NY-11201",36047002100,Brooklyn,28.15130783797057,19.65748956996477,13.434641171303904
"1333-Broadway,-Ph-2002,-Brooklyn,-NY-11221",36047039700,Brooklyn,35.34452038220129,34.66118704886796,34.62785371553462
"211-Mcguinness-Blvd,-Apt-525,-Brooklyn,-NY-11222",36047057500,Brooklyn,28.710178094771948,41.02684476143862,34.993511428105286
"475-Clermont-Ave,-Apt-714,-Brooklyn,-NY-11238",36047019900,Brooklyn,39.703242787680026,25.04982102598384,16.277842026564237
"640-W-237th-St,-Apt-6D,-Bronx,-NY-10463",36005030701,Bronx,62.43050202176735,72.74716868843402,79.71383535510068
"3708-Dyre-Ave,-Bronx,-NY-10466",36005048401,Bronx,65.90601469217,70.72268135883668,79.68934802550334
"1756-Ocean-Ave,-Apt-6D,-Brooklyn,-NY-11230",36047053800,Brooklyn,51.99267456130861,43.30934122797528,36.276007894641936
"94-27-83-St,-Unit-3,-Queens,-NY-11416",36081003400,Queens,62.27314630745335,46.58981297412002,42.55647964078669
"94-27-83rd-St,-Queens,-NY-11416",36081003400,Queens,62.28119879796724,46.59786546463391,42.564532131300574
"45-02-Ditmars-Blvd,-Unit-126,-Queens,-NY-11105",36081013700,Queens,46.21173183358599,56.02839850025266,61.995065166919325
"1698-Park-Pl,-Brooklyn,-NY-11233",36047036300,Brooklyn,58.88682465636732,39.70349132303398,31.788564168824088
"1410-Jefferson-Ave,-Unit-1,-Brooklyn,-NY-11237",36047043700,Brooklyn,42.348802245789145,41.665468912455815,39.63213557912248
"150-Noll-St,-Unit-G3,-Brooklyn,-NY-11206",36047042500,Brooklyn,35.59049194259243,34.9071586092591,40.37382527592577
"1574-Eastern-Pkwy,-Brooklyn,-NY-11233",36047036300,Brooklyn,62.33778210849072,42.32156961782449,33.788236284491155
"85-Livingston-St,-Apt-4N,-Brooklyn,-NY-11201",36047000900,Brooklyn,30.36376590564547,10.709479585027603,2.1761462516942705
"480-Humboldt-St,-Apt-11A,-Brooklyn,-NY-11211",36047047700,Brooklyn,31.970178096135296,31.28684476280197,36.75351142946863
"1954-Bergen-St,-Brooklyn,-NY-11233",36047030300,Brooklyn,54.37162464509898,41.11716141797746,32.083828084644125
"247-N-7th-St,---2-_501,-Brooklyn,-NY-11211",36047051900,Brooklyn,26.028801261267454,25.34546792793412,30.812134594600785
"319-Ramona-Ave,-Unit-1,-Staten-Island,-NY-10312",36085020804,Staten Island,107.07117611506288,91.38784278172952,91.3545094483962
"65-4th-Pl,---2,-Brooklyn,-NY-11231",36047006500,Brooklyn,39.76099899801726,29.077665664683924,20.04433233135059
"9611-Church-Ave,-Brooklyn,-NY-11212",36047089000,Brooklyn,61.21844255968313,39.5351092263498,30.501775893016468
"40-Bruckner-Blvd,-Unit-D809,-Bronx,-NY-10454",36005001901,Bronx,42.04802866747357,47.262593704551456,53.229260371218125
"40-Bruckner-Blvd,-Unit-D537,-Bronx,-NY-10454",36005001901,Bronx,42.04802866747357,47.262593704551456,53.229260371218125
"40-Bruckner-Blvd,-Unit-D508,-Bronx,-NY-10454",36005001901,Bronx,42.04802866747357,47.262593704551456,53.229260371218125
"2413-3rd-Ave,-Apt-1302,-Bronx,-NY-10451",36005005100,Bronx,40.468687824108,43.28535449077467,49.94238551019721
"597-E-4th-St,-Unit-1ST,-Brooklyn,-NY-11218",36047049000,Brooklyn,51.92405836878636,41.24072503545303,34.70739170211969
"282-4th-Ave,-Unit-5A,-Brooklyn,-NY-11215",36047011901,Brooklyn,40.42131257968292,27.237979246349592,14.70464591301626
"247-N-7th-St,---1-_205,-Brooklyn,-NY-11211",36047051900,Brooklyn,26.028801261267454,25.34546792793412,30.812134594600785
"3315-Hull-Ave,-Apt-5G,-Bronx,-NY-10467",36005042902,Bronx,50.122101611931086,67.93876827859775,77.40543494526443
"70-09-45th-Ave,-Unit-B4,-Queens,-NY-11377",36081048302,Queens,31.923762472699757,47.74042913936641,53.70709580603308
"214-Mother-Gaston-Blvd,-Apt-3,-Brooklyn,-NY-11233",36047036502,Brooklyn,48.54504439612348,35.99504439612348,31.61242123544213
"1494-Ocean-Ave,-Brooklyn,-NY-11230",36047076200,Brooklyn,49.545650334183584,40.86231700085025,33.82898366751692
"382-Rockaway-Pkwy,-Apt-2F,-Brooklyn,-NY-11212",36047089000,Brooklyn,57.17890863418426,35.49557530085092,26.462241967517592
"282-4th-Ave,-Unit-2A,-Brooklyn,-NY-11215",36047011901,Brooklyn,40.42131257968292,27.237979246349592,14.70464591301626
"105-Rogers-Ave,-Apt-3A,-Brooklyn,-NY-11216",36047031701,Brooklyn,47.37975116127328,28.19641782793995,20.66308449460661
"35-2nd-St,-Unit-3,-Brooklyn,-NY-11231",36047007700,Brooklyn,35.8705362905775,25.187202957244164,16.153869623910833
"2775-Pond-Pl,-Unit-PONDPLACE1,-Bronx,-NY-10458",36005040502,Bronx,42.73836297743369,60.55502964410036,70.02169631076703
"104-Fleet-Pl,-Unit-8C,-Brooklyn,-NY-11201",36047001502,Brooklyn,29.135896862290885,18.94662735925329,11.413294025919962
"24-50-38th-St,-Unit-F2,-Queens,-NY-11103",36081006502,Queens,37.73266425848886,47.54933092515553,53.51599759182219
"1585-New-York-Ave,-Brooklyn,-NY-11210",36047078400,Brooklyn,58.03145480136996,38.84812146803663,31.314788134703296
"975-Nostrand-Ave,-Apt-341,-Brooklyn,-NY-11225",36047031900,Brooklyn,47.744660627514826,28.56132729418149,21.02799396084816
"1100-Myrtle-Ave,-Unit-1017,-Brooklyn,-NY-11206",36047028700,Brooklyn,32.41541508239031,27.23208174905698,32.19874841572365
"1-Bell-Slip,-Apt-8F,-Brooklyn,-NY-11222",36047056302,Brooklyn,26.314226391942192,37.630893058608855,41.58318956178729
"308-Eckford-St,-Apt-5H,-Brooklyn,-NY-11222",36047057500,Brooklyn,27.972557747799375,40.28922441446604,34.25589108113271
"104-Fleet-Pl,-Unit-11D,-Brooklyn,-NY-11201",36047001502,Brooklyn,29.135896862290885,18.94662735925329,11.413294025919962
"104-Fleet-Pl,-Unit-13C,-Brooklyn,-NY-11201",36047001502,Brooklyn,29.135896862290885,18.94662735925329,11.413294025919962
"298-Humboldt-St,-Apt-2R,-Brooklyn,-NY-11211",36047049500,Brooklyn,27.96290616717939,27.279572833846057,32.74623950051272
"104-Fleet-Pl,-Unit-30C,-Brooklyn,-NY-11201",36047001502,Brooklyn,29.135896862290885,18.94662735925329,11.413294025919962
"104-Fleet-Pl,-Unit-10E,-Brooklyn,-NY-11201",36047001502,Brooklyn,29.135896862290885,18.94662735925329,11.413294025919962
"104-Fleet-Pl,-Unit-10F,-Brooklyn,-NY-11201",36047001502,Brooklyn,29.135896862290885,18.94662735925329,11.413294025919962
"104-Fleet-Pl,-Unit-4A,-Brooklyn,-NY-11201",36047001502,Brooklyn,29.135896862290885,18.94662735925329,11.413294025919962
"104-Fleet-Pl,-Unit-7C,-Brooklyn,-NY-11201",36047001502,Brooklyn,29.135896862290885,18.94662735925329,11.413294025919962
"104-Fleet-Pl,-Unit-21A,-Brooklyn,-NY-11201",36047001502,Brooklyn,29.135896862290885,18.94662735925329,11.413294025919962
"1-Bell-Slip,-Apt-15L,-Brooklyn,-NY-11222",36047056302,Brooklyn,26.314226391942192,37.630893058608855,41.58318956178729
"393-Weirfield-St,-Apt-702,-Brooklyn,-NY-11237",36047043900,Brooklyn,38.90630744519958,38.22297411186625,36.18964077853291
"104-Fleet-Pl,-Unit-6C,-Brooklyn,-NY-11201",36047001502,Brooklyn,29.135896862290885,18.94662735925329,11.413294025919962
"52-4th-Ave,-Unit-1003,-Brooklyn,-NY-11217",36047003900,Brooklyn,28.80100663836868,16.11572938200869,8.582396048675356
"104-Fleet-Pl,-Unit-10C,-Brooklyn,-NY-11201",36047001502,Brooklyn,29.135896862290885,18.94662735925329,11.413294025919962
"104-Fleet-Pl,-Unit-18B,-Brooklyn,-NY-11201",36047001502,Brooklyn,29.135896862290885,18.94662735925329,11.413294025919962
"104-Fleet-Pl,-Unit-6A,-Brooklyn,-NY-11201",36047001502,Brooklyn,29.135896862290885,18.94662735925329,11.413294025919962
"1-Eagle-St,-Unit-1-3109,-Brooklyn,-NY-11222",36047056302,Brooklyn,31.45670358420424,42.7733702508709,40.73688636944234
"2-Blue-Slip,-Apt-4B,-Brooklyn,-NY-11222",36047056302,Brooklyn,28.925726271184203,40.24239293785087,40.99312018437492
"645-Park-Pl,-Apt-7D,-Brooklyn,-NY-11216",36047021900,Brooklyn,44.74238355267968,25.55905021934635,18.02571688601301
"2-Blue-Slip,-Apt-5M,-Brooklyn,-NY-11222",36047056302,Brooklyn,28.925726271184203,40.24239293785087,40.99312018437492
"1100-Myrtle-Ave,-Unit-417,-Brooklyn,-NY-11206",36047028700,Brooklyn,32.41541508239031,27.23208174905698,32.19874841572365
"1100-Myrtle-Ave,-Unit-1025,-Brooklyn,-NY-11206",36047028700,Brooklyn,32.41541508239031,27.23208174905698,32.19874841572365
"1-Blue-Slip,-Slip-0PHA,-Brooklyn,-NY-11222",36047056302,Brooklyn,27.35978950103654,38.67645616770321,41.49344998243138
"60-Wharf-Dr,-Apt-802,-Brooklyn,-NY-11222",36047056100,Brooklyn,35.351869752735,39.021179036532615,41.56188615316166
"1100-Myrtle-Ave,-Unit-906,-Brooklyn,-NY-11206",36047028700,Brooklyn,32.41541508239031,27.23208174905698,32.19874841572365
"2760-Bainbridge-Ave,-Unit-2,-Bronx,-NY-10458",36005040502,Bronx,41.568746855193766,59.38541352186043,68.85208018852708
"88-Withers-St,-Apt-4B,-Brooklyn,-NY-11211",36047050100,Brooklyn,29.290248914114997,28.60691558078166,33.84007986317519
"2775-Pond-Pl,-Bronx,-NY-10458",36005040502,Bronx,42.674263577549866,60.490930244216536,69.95759691088321
"3126-Coney-Island-Ave,-Apt-D7,-Brooklyn,-NY-11235",36047036200,Brooklyn,56.06773039369708,47.88439706036375,34.351063727030414
"60-Wharf-Dr,-Apt-932,-Brooklyn,-NY-11222",36047056100,Brooklyn,35.351869752735,39.021179036532615,41.56188615316166
"131-Columbia-St,-Apt-A2,-Brooklyn,-NY-11231",36047004700,Brooklyn,45.637847611460806,27.40713681465354,18.87380348132021
"1100-Myrtle-Ave,-Unit-925,-Brooklyn,-NY-11206",36047028700,Brooklyn,32.41541508239031,27.23208174905698,32.19874841572365
"4392-Carpenter-Ave,-Apt-2,-Bronx,-NY-10466",36005041800,Bronx,72.1774550701783,71.49412173684497,81.46078840351164
"103-10-92nd-St,-Queens,-NY-11417",36081005400,Queens,60.183372261221926,44.50003892788859,40.46670559455526
"1-Blue-Slip,-Apt-26N,-Brooklyn,-NY-11222",36047056302,Brooklyn,30.174624667809173,41.49129133447584,40.12848404583445
"1100-Myrtle-Ave,-Unit-922,-Brooklyn,-NY-11206",36047028700,Brooklyn,32.41541508239031,27.23208174905698,32.19874841572365
"1100-Myrtle-Ave,-Unit-1008,-Brooklyn,-NY-11206",36047028700,Brooklyn,32.41541508239031,27.23208174905698,32.19874841572365
"1100-Myrtle-Ave,---1017,-Brooklyn,-NY-11206",36047028700,Brooklyn,32.41541508239031,27.23208174905698,32.19874841572365
"1100-Myrtle-Ave,---417,-Brooklyn,-NY-11206",36047028700,Brooklyn,32.41541508239031,27.23208174905698,32.19874841572365
"1100-Myrtle-Ave,---922,-Brooklyn,-NY-11206",36047028700,Brooklyn,32.41541508239031,27.23208174905698,32.19874841572365
"504-Sackett-St,-Apt-1407,-Brooklyn,-NY-11231",36047007500,Brooklyn,41.65856512483869,29.614682785642795,20.51045748355036
"1329-E-17th-St,-Apt-4B,-Brooklyn,-NY-11230",36047053800,Brooklyn,48.28880404281559,39.60547070948225,32.57213737614891
"267-6th-St,-Apt-10E,-Brooklyn,-NY-11215",36047013700,Brooklyn,41.96200573506371,28.77867240173038,16.245339068397048
"926-Broadway,-Apt-2A,-Brooklyn,-NY-11206",36047028700,Brooklyn,30.77279312770185,25.58945979436852,30.556126461035184
"1100-Myrtle-Ave,---1008,-Brooklyn,-NY-11206",36047028700,Brooklyn,32.41541508239031,27.23208174905698,32.19874841572365
"1100-Myrtle-Ave,---906,-Brooklyn,-NY-11206",36047028700,Brooklyn,32.41541508239031,27.23208174905698,32.19874841572365
"1333-Broadway,-Unit-1206,-Brooklyn,-NY-11221",36047039700,Brooklyn,35.34452038220129,34.66118704886796,34.62785371553462
"217-S-4th-St,-Apt-3B,-Brooklyn,-NY-11211",36047052300,Brooklyn,29.72263656788823,26.039303234554897,31.005969901221565
"1100-Myrtle-Ave,---1025,-Brooklyn,-NY-11206",36047028700,Brooklyn,32.41541508239031,27.23208174905698,32.19874841572365
"500-Degraw-St,-Apt-203,-Brooklyn,-NY-11217",36047007500,Brooklyn,41.0025583640262,28.25638689986801,20.72305356653468
"1100-Myrtle-Ave,---925,-Brooklyn,-NY-11206",36047028700,Brooklyn,32.41541508239031,27.23208174905698,32.19874841572365
"2-Blue-Slip,-Apt-33E,-Brooklyn,-NY-11222",36047056302,Brooklyn,28.925726271184203,40.24239293785087,40.99312018437492
"52-4th-Ave,-Unit-704,-Brooklyn,-NY-11217",36047003900,Brooklyn,28.80100663836868,16.11572938200869,8.582396048675356
"111-Willoughby-St,-Apt-24D,-Brooklyn,-NY-11201",36047001502,Brooklyn,30.281926687807275,16.49532149968566,8.355865328818698
"3733-Richmond-Ave,-Unit-2R,-Staten-Island,-NY-10312",36085014604,Staten Island,95.84422851835308,80.16089518501977,80.12756185168642
"2905-W-17th-St,-Unit-8D,-Brooklyn,-NY-11224",36047032600,Brooklyn,66.03505607253791,52.351722739204575,42.81838940587125
"2905-W-17th-St,-Unit-1B,-Brooklyn,-NY-11224",36047032600,Brooklyn,66.03505607253791,52.351722739204575,42.81838940587125
"1515-Surf-Ave,-Apt-356,-Brooklyn,-NY-11224",36047034800,Brooklyn,64.39286182977851,50.70952849644518,41.17619516311185
"3817-Ave-I,-Unit-3,-Brooklyn,-NY-11210",36047077600,Brooklyn,66.4199269294546,47.23659359612128,39.70326026278794
"5-Lincoln-Ave,-Unit-E952,-Bronx,-NY-10454",36005001901,Bronx,41.11754466858168,43.93421133524835,49.90087800191501
"2905-W-17th-St,-Unit-1A,-Brooklyn,-NY-11224",36047032600,Brooklyn,66.03505607253791,52.351722739204575,42.81838940587125
"2721-44th-Dr,-Apt-1302,-Queens,-NY-11101",36081001902,Queens,18.612546910116343,33.43520252028359,36.89588024344968
"2102-Holland-Ave,-Apt-1D,-Bronx,-NY-10462",36005022404,Bronx,61.76575765307413,63.57516733109565,73.54183399776232
"104-60-Queens-Blvd,-Unit-6Y,-Queens,-NY-11375",36081071305,Queens,32.93950589977313,48.7561725664398,54.72283923310647
"251-Douglass-St,-Unit-824,-Brooklyn,-NY-11217",36047012700,Brooklyn,37.53667465755032,24.83914772318009,17.30581438984676
"2905-W-17th-St,-Unit-8B,-Brooklyn,-NY-11224",36047032600,Brooklyn,66.03505607253791,52.351722739204575,42.81838940587125
"251-Douglass-St,-Unit-826,-Brooklyn,-NY-11217",36047012700,Brooklyn,37.53667465755032,24.83914772318009,17.30581438984676
"130-2nd-St,-Apt-6L,-Brooklyn,-NY-11231",36047007700,Brooklyn,40.2558783952469,29.57254506191357,20.53921172858024
"20-Terrace-Pl,---F,-Brooklyn,-NY-11218",36047150200,Brooklyn,51.050618546857386,40.36728521352405,31.33395188019072
"688-Manhattan-Ave,-Apt-2L,-Brooklyn,-NY-11222",36047056900,Brooklyn,25.982590873908418,35.29925754057509,29.265924207241756
"316-19th-St,-Apt-1,-Brooklyn,-NY-11215",36047014700,Brooklyn,50.22751831477069,37.04418498143736,24.510851648104023
"75-Dupont-St,-Apt-501,-Brooklyn,-NY-11222",36047056301,Brooklyn,27.19083376940093,38.5075004360676,39.29377493393843
"75-Dupont-St,-Apt-330,-Brooklyn,-NY-11222",36047056301,Brooklyn,27.19083376940093,38.5075004360676,39.29377493393843
"75-Dupont-St,-Apt-610,-Brooklyn,-NY-11222",36047056301,Brooklyn,27.19083376940093,38.5075004360676,39.29377493393843
"65-Dupont-St,-Apt-303,-Brooklyn,-NY-11222",36047056301,Brooklyn,27.54244247229697,38.85910913896364,38.911721286390325
"313-Macon-St,-Brooklyn,-NY-11216",36047027500,Brooklyn,47.80638085545552,31.623047522122192,22.589714188788857
"251-Douglass-St,-Unit-910,-Brooklyn,-NY-11217",36047012700,Brooklyn,37.53667465755032,24.83914772318009,17.30581438984676
"2905-W-17th-St,-Unit-6F,-Brooklyn,-NY-11224",36047032600,Brooklyn,66.03505607253791,52.351722739204575,42.81838940587125
"1100-Myrtle-Ave,-Unit-911,-Brooklyn,-NY-11206",36047028700,Brooklyn,32.41541508239031,27.23208174905698,32.19874841572365
"540-Waverly-Ave,-Apt-6E,-Brooklyn,-NY-11238",36047019900,Brooklyn,40.14802965924483,23.964696325911493,14.931362992578158
"18-India-St,-Apt-3210S,-Brooklyn,-NY-11222",36047056500,Brooklyn,32.75228031797027,45.06894698463693,39.0356136513036
"504-Sackett-St,-Apt-508,-Brooklyn,-NY-11231",36047007500,Brooklyn,41.65856512483869,29.614682785642795,20.51045748355036
"1515-Surf-Unit-Ave,-Ph-1E,-Brooklyn,-NY-11224",36047034800,Brooklyn,64.39286182977851,50.70952849644518,41.17619516311185
"310-Lenox-Rd,-Apt-6K,-Brooklyn,-NY-11226",36047081800,Brooklyn,51.29120998139642,32.10787664806309,24.574543314729755
"146-Bayview-Ln,-Unit-2,-Staten-Island,-NY-10309",36085019800,Staten Island,116.50019462544566,100.81686129211234,100.783527958779
"104-60-Queens-Blvd,-Unit-06Y,-Queens,-NY-11375",36081071305,Queens,32.93950589977313,48.7561725664398,54.72283923310647
"1100-Myrtle-Ave,---911,-Brooklyn,-NY-11206",36047028700,Brooklyn,32.41541508239031,27.23208174905698,32.19874841572365
"315-Lincoln-Pl,-Apt-4P,-Brooklyn,-NY-11238",36047021500,Brooklyn,40.57631484592621,24.892981512592883,17.359648179259548
"317-E-96th-St,-Apt-2R,-Brooklyn,-NY-11212",36047089000,Brooklyn,56.84907074908531,35.16573741575198,26.13240408241864
"333-Schermerhorn-St,-Apt-42H,-Brooklyn,-NY-11217",36047003700,Brooklyn,31.724980334733896,13.34751417934217,5.8141808460088376
"2905-W-17th-St,-Unit-3A,-Brooklyn,-NY-11224",36047032600,Brooklyn,66.03505607253791,52.351722739204575,42.81838940587125
"2103-Dean-St,-Unit-1,-Brooklyn,-NY-11233",36047030300,Brooklyn,53.56026698923062,37.724743251381256,28.69140991804792
"2905-W-17th-St,-Unit-3C,-Brooklyn,-NY-11224",36047032600,Brooklyn,66.03505607253791,52.351722739204575,42.81838940587125
"144A-Sumpter-St,-Apt-3,-Brooklyn,-NY-11233",36047037900,Brooklyn,49.43893105938066,33.315985552428835,24.282652219095503
"860-Lorimer-St,-Unit-Tha,-Brooklyn,-NY-11222",36047056900,Brooklyn,29.079708623332237,33.565642362124855,32.36304195666557
"21-30-44th-Dr,-Unit-5B,-Queens,-NY-11101",36081000702,Queens,12.943324821656915,28.759991488323585,34.72665815499025
"968-60th-St,-Apt-407,-Brooklyn,-NY-11219",36047011800,Brooklyn,53.12971825826107,34.44638492492774,26.91305159159441
"82-Jefferson-St,-Apt-1A,-Brooklyn,-NY-11206",36047039100,Brooklyn,36.321859088954746,31.138525755621416,36.10519242228808
"2833-Brighton-3rd-St,-Apt-4C,-Brooklyn,-NY-11235",36047036600,Brooklyn,61.90235477923999,53.719021445906655,40.18568811257333
"348-Lafayette-Ave,-Brooklyn,-NY-11238",36047023100,Brooklyn,36.44537171641277,26.26203838307944,20.228705049746107
"348-Lafayette-Ave,-Apt-2,-Brooklyn,-NY-11238",36047023100,Brooklyn,36.41429796078902,26.23096462745569,20.19763129412236
"2905-W-17th-St,-Unit-6A,-Brooklyn,-NY-11224",36047032600,Brooklyn,66.03505607253791,52.351722739204575,42.81838940587125
"2905-W-17th-St,-Unit-5C,-Brooklyn,-NY-11224",36047007700,Brooklyn,38.34899008880757,27.66565675547423,18.632323422140896
"2905-W-17th-St,-Unit-2A,-Brooklyn,-NY-11224",36047032600,Brooklyn,66.03505607253791,52.351722739204575,42.81838940587125
"4525-Monticello-Ave,-Bronx,-NY-10466",36005044200,Bronx,80.27609961343165,85.08465641501668,91.059432946765
"2905-W-17th-St,-Unit-5A,-Brooklyn,-NY-11224",36047007700,Brooklyn,38.34899008880757,27.66565675547423,18.632323422140896
"2905-W-17th-St,-Unit-6C,-Brooklyn,-NY-11224",36047032600,Brooklyn,66.03505607253791,52.351722739204575,42.81838940587125
"715-Flushing-Ave,-Apt-4A,-Brooklyn,-NY-11206",36047050700,Brooklyn,33.097764132955305,32.41443079962197,30.615025089645563
"324-Eldert-St,-Unit-2B,-Brooklyn,-NY-11237",36047043700,Brooklyn,40.9510380912528,40.26770475791946,38.23437142458613
"52-4th-Ave,-Unit-506,-Brooklyn,-NY-11217",36047003900,Brooklyn,28.80100663836868,16.11572938200869,8.582396048675356
"52-4th-Ave,-Unit-705,-Brooklyn,-NY-11217",36047003900,Brooklyn,28.80100663836868,16.11572938200869,8.582396048675356
"255-Amboy-St,-Brooklyn,-NY-11212",36047089800,Brooklyn,58.19944460614883,36.51611127281549,27.48277793948216
"1647-Eighth-Ave,-Unit-2B,-Brooklyn,-NY-11215",36047016900,Brooklyn,45.98110136313623,35.2977680298029,26.264434696469568
"19-Wyckoff-St,-Unit-23,-Brooklyn,-NY-11201",36047006901,Brooklyn,34.02797027856875,19.60764635601393,11.074313022680595
"5-Lincoln-Ave,-Unit-S2314,-Bronx,-NY-10454",36005001901,Bronx,41.11754466858168,43.93421133524835,49.90087800191501
"33-39-71st-St,-Unit-2,-Queens,-NY-11372",36081029100,Queens,31.89487683760602,46.71154350427268,52.67821017093935
"1658-Prospect-Pl,-Apt-1,-Brooklyn,-NY-11233",36047036300,Brooklyn,57.56066223368225,39.80092744205685,32.26759410872352
"1503-Eighth-Ave,-Unit-3L,-Brooklyn,-NY-11215",36047016900,Brooklyn,44.95526409795475,34.271930764621416,25.238597431288085
"2785-Ocean-Pkwy,-Unit-E3,-Brooklyn,-NY-11235",36047036600,Brooklyn,62.33589479624811,54.15256146291478,40.61922812958144
"150-Noll-St,-Unit-N5,-Brooklyn,-NY-11206",36047042500,Brooklyn,35.59049194259243,34.9071586092591,40.37382527592577
"211-Mcguinness-Blvd,-Apt-818,-Brooklyn,-NY-11222",36047057500,Brooklyn,28.710178094771948,41.02684476143862,34.993511428105286
"23-Barnes-Ave,-Bronx,-NY-10467",36005046204,Bronx,78.43442534007916,83.25109200674584,92.21775867341248
"586-Gerard-Ave,-Unit-2B,-Bronx,-NY-10451",36005006301,Bronx,38.533669593911526,42.85033626057819,46.98107643737969
"586-Gerard-Ave,-Unit-4C,-Bronx,-NY-10451",36005006301,Bronx,38.533669593911526,42.85033626057819,46.98107643737969
"586-Gerard-Ave,-Unit-2R,-Bronx,-NY-10451",36005006301,Bronx,38.533669593911526,42.85033626057819,46.98107643737969
"586-Gerard-Ave,-Unit-2E,-Bronx,-NY-10451",36005006301,Bronx,38.533669593911526,42.85033626057819,46.98107643737969
"586-Gerard-Ave,-Unit-2Q,-Bronx,-NY-10451",36005006301,Bronx,38.533669593911526,42.85033626057819,46.98107643737969
"54-Crown-St,-Apt-1209,-Brooklyn,-NY-11225",36047021300,Brooklyn,43.96957212889824,26.078672002479543,18.54533866914621
"43-33-46th-St,-Apt-A10,-Queens,-NY-11104",36081025301,Queens,25.69444145459205,37.01110812125872,42.97777478792538
"130-30th-St,-Unit-2,-Brooklyn,-NY-11232",36047010100,Brooklyn,40.42609078241541,28.74275744908208,21.209424115748742
"54-Crown-St,-Apt-1035,-Brooklyn,-NY-11225",36047021300,Brooklyn,43.96957212889824,26.078672002479543,18.54533866914621
"131-1-2-Noble-St,---1,-Brooklyn,-NY-11222",36047056500,Brooklyn,28.20613331441808,40.522799981084745,34.489466647751414
"126-Sandford-St,-Unit-414,-Brooklyn,-NY-11205",36047123700,Brooklyn,38.05222001024975,33.368886676916425,27.33555334358309
"286-5th-Ave,-Apt-4D,-Brooklyn,-NY-11215",36047013500,Brooklyn,42.94408597894595,29.760752645612616,17.22741931227928
"568-Baltic-St,-Apt-1R,-Brooklyn,-NY-11217",36047012700,Brooklyn,34.54227338709377,21.85894005376044,14.325606720427109
"54-Crown-St,-Apt-238,-Brooklyn,-NY-11225",36047021300,Brooklyn,43.96957212889824,26.078672002479543,18.54533866914621
"54-Crown-St,-Apt-305,-Brooklyn,-NY-11225",36047021300,Brooklyn,43.96957212889824,26.078672002479543,18.54533866914621
"94-E-31st-St,-Unit-1,-Brooklyn,-NY-11226",36047082400,Brooklyn,52.47903466512694,33.2957013317936,25.762367998460267
"211-Lafayette-Ave,-Apt-13,-Brooklyn,-NY-11238",36047019700,Brooklyn,38.39386560693371,25.21053227360038,18.299546602615504
"312-Decatur-St,-Unit-3,-Brooklyn,-NY-11233",36047029700,Brooklyn,43.87508513373568,27.69175180040235,23.158418467069016
"717-Manhattan-Ave,-Apt-3A,-Brooklyn,-NY-11222",36047056100,Brooklyn,27.559169620837583,36.87583628750426,30.84250295417092
"286-5th-Ave,-Apt-3D,-Brooklyn,-NY-11215",36047013500,Brooklyn,42.94408597894595,29.760752645612616,17.22741931227928
"174-Bay-25th-St,-Apt-C4,-Brooklyn,-NY-11214",36047028600,Brooklyn,60.66797849670688,51.98464516337355,43.45131183004022
"16-Dupont-St,-Apt-7G,-Brooklyn,-NY-11222",36047056302,Brooklyn,30.41723779254921,41.73390445921588,39.96911538877124
"2385-3rd-Ave,-Unit-C1631,-Bronx,-NY-10451",36005005100,Bronx,40.52627586593031,43.34294253259698,49.30960919926364
"5-Lincoln-Ave,-Unit-W2502,-Bronx,-NY-10454",36005001901,Bronx,41.11754466858168,43.93421133524835,49.90087800191501
"1619-Pacific-St,-Brooklyn,-NY-11213",36047031100,Brooklyn,49.39817319729478,33.214839863961444,24.476655790490728
"5-Lincoln-Ave,-Unit-N1441,-Bronx,-NY-10454",36005001901,Bronx,41.11754466858168,43.93421133524835,49.90087800191501
"54-Noll-St,-Apt-676,-Brooklyn,-NY-11206",36047039100,Brooklyn,36.73934658369822,31.55601325036489,36.52267991703156
"841-Dekalb-Ave,-Apt-1R,-Brooklyn,-NY-11221",36047028100,Brooklyn,41.51756014454237,36.83422681120904,30.800893477875707
"180-Montague-St,-Apt-3D,-Brooklyn,-NY-11201",36047000900,Brooklyn,30.388464849213427,12.525790999934811,3.9924576666014775
"126-Sandford-St,---201,-Brooklyn,-NY-11205",36047123700,Brooklyn,37.86696692032301,33.18363358698967,27.15030025365634
"126-Sandford-St,---411,-Brooklyn,-NY-11205",36047123700,Brooklyn,37.86696692032301,33.18363358698967,27.15030025365634
"2385-3rd-Ave,-Unit-C2231,-Bronx,-NY-10451",36005005100,Bronx,40.52627586593031,43.34294253259698,49.30960919926364
"2339-Nostrand-Ave,-Apt-4F,-Brooklyn,-NY-11210",36047074200,Brooklyn,62.94132837140032,43.75799503806699,36.224661704733656
"5-Lincoln-Ave,-Unit-E2621,-Bronx,-NY-10454",36005001901,Bronx,41.11754466858168,43.93421133524835,49.90087800191501
"70-Remsen-St,-Apt-2F,-Brooklyn,-NY-11201",36047000501,Brooklyn,32.543267938315,16.85993460498166,9.199963061906129
"67-Prince-St,-Unit-812,-Brooklyn,-NY-11201",36047001501,Brooklyn,34.17276938760733,21.750902758955657,13.217569425622322
"54-Noll-St,-Apt-660,-Brooklyn,-NY-11206",36047039100,Brooklyn,36.73934658369822,31.55601325036489,36.52267991703156
"123-Hope-St,-Apt-6G,-Brooklyn,-NY-11211",36047051300,Brooklyn,28.327189088034466,27.64385575470113,27.66692815058938
"25-20-47th-St,-Unit-1,-Queens,-NY-11103",36081014500,Queens,43.31801850335548,53.63468517002215,61.10135183668881
"67-Prince-St,-Unit-804,-Brooklyn,-NY-11201",36047001501,Brooklyn,34.17276938760733,21.750902758955657,13.217569425622322
"98-10-63rd-Rd,-Unit-304,-Queens,-NY-11374",36081071900,Queens,41.16444487944349,55.48111154611015,62.94777821277682
"209-Veronica-Pl,-Apt-4B,-Brooklyn,-NY-11226",36047079202,Brooklyn,54.488842655281225,35.43233012841458,27.89899679508125
"389-Jerome-St,-Brooklyn,-NY-11207",36047115000,Brooklyn,50.71161345354691,43.02828012021358,33.99494678688025
"360-Wythe-Ave,-Unit-415,-Brooklyn,-NY-11249",36047055100,Brooklyn,35.59806092047357,34.914727587140234,40.3813942538069
"5-Lincoln-Ave,-Unit-W2405,-Bronx,-NY-10454",36005001901,Bronx,41.11754466858168,43.93421133524835,49.90087800191501
"151-Leonard-St,-Unit-4,-Brooklyn,-NY-11206",36047051100,Brooklyn,33.8169030709145,33.13356973758116,30.293347323094515
"715-41st-St,-Apt-1L,-Brooklyn,-NY-11232",36047009001,Brooklyn,47.52987927109133,37.77667450757,30.243341174236672
"1111-E-94th-St,-Unit-2,-Brooklyn,-NY-11236",36047096800,Brooklyn,58.7967012792715,53.11336794593817,40.08003461260484
"439-83rd-St,-Unit-1A,-Brooklyn,-NY-11209",36047013800,Brooklyn,52.98527309340468,40.30193976007135,33.76860642673801
"45-50-Pearson-St,-Unit-12G,-Queens,-NY-11101",36081001901,Queens,18.72351888365228,32.788845565175265,37.197896529088574
"111-Lawrence-St,-Apt-26J,-Brooklyn,-NY-11201",36047001100,Brooklyn,29.739163248201077,14.818106326786884,6.284772993453553
"448-Ashford-St,-Unit-2ND,-Brooklyn,-NY-11207",36047116200,Brooklyn,53.36422616440421,45.68089283107088,36.64755949773755
"180-Bainbridge-St,-Unit-417,-Brooklyn,-NY-11233",36047029700,Brooklyn,42.84788406486732,26.664550731533986,22.131217398200647
"200-Montague-St,-Apt-14E,-Brooklyn,-NY-11201",36047000900,Brooklyn,29.38324424963316,12.071283642178797,3.5379503088454625
"972-Bushwick-Ave,-Apt-2E,-Brooklyn,-NY-11221",36047039500,Brooklyn,38.696145273212736,35.096682909229784,37.97947860654607
"439-83rd-St,-Unit-1B,-Brooklyn,-NY-11209",36047013800,Brooklyn,52.98527309340468,40.30193976007135,33.76860642673801
"18-Monitor-St,---DG2,-Brooklyn,-NY-11222",36047047700,Brooklyn,34.4237120263466,33.74037869301326,39.20704535967993
"1130-E-42nd-St,-Brooklyn,-NY-11210",36047073400,Brooklyn,72.5677627253589,53.38442939202557,45.85109605869223
"3446-Corlear-Ave,-Unit-1,-Bronx,-NY-10463",36005028700,Bronx,50.13710129776208,60.45376796442874,67.4204346310954
"650-Greene-Ave,-Apt-1A,-Brooklyn,-NY-11221",36047026300,Brooklyn,44.92452838269955,39.56272558852564,33.85071762342115
"33-Harper-Ct,-Unit-1,-Bronx,-NY-10466",36005048401,Bronx,71.48713032106784,76.30379698773451,85.27046365440118
"16-Dupont-St,-Apt-5I,-Brooklyn,-NY-11222",36047056302,Brooklyn,30.41723779254921,41.73390445921588,39.96911538877124
"16-Dupont-St,-Apt-35B,-Brooklyn,-NY-11222",36047056302,Brooklyn,30.41723779254921,41.73390445921588,39.96911538877124
"17-Hanover-Pl,-Apt-14H,-Brooklyn,-NY-11201",36047003700,Brooklyn,28.78704954963192,14.12352873531083,6.590195401977495
"240-3rd-Ave,-Apt-6E,-Brooklyn,-NY-11217",36047011901,Brooklyn,40.04376922270512,27.356581610512176,15.23187857179748
"572-5th-Ave,-Apt-4D,-Brooklyn,-NY-11215",36047014102,Brooklyn,44.19671316942622,31.013379836092888,18.480046502759556
"5-09-48th-Ave,-Unit-3H,-Queens,-NY-11101",36081000701,Queens,18.85510165231847,30.171768318985137,36.138434985651806
"7-Dekalb-Ave,-Apt-17F,-Brooklyn,-NY-11201",36047001502,Brooklyn,26.85550770718873,16.313803491717827,8.780470158384496
"17-Hanover-Pl,-Apt-19E,-Brooklyn,-NY-11201",36047003700,Brooklyn,28.78704954963192,14.12352873531083,6.590195401977495
"2304-Strauss-St,-Unit-3,-Brooklyn,-NY-11212",36047089600,Brooklyn,59.61398526332877,37.93065192999544,28.897318596662103
"667-Morris-Park-Ave,-Bronx,-NY-10462",36005023600,Bronx,59.274705339287216,61.12667806766212,71.09334473432878
"2304-Strauss-St,-Unit-1,-Brooklyn,-NY-11212",36047089600,Brooklyn,59.59871297804651,37.91537964471318,28.88204631137984
"1153-Commonwealth-Ave,-Unit-2,-Bronx,-NY-10472",36005007000,Bronx,52.21875139110632,59.535418057772986,68.50208472443965
"730-E-217th-St,-Unit-1,-Bronx,-NY-10467",36005039000,Bronx,68.65093385734795,67.9676005240146,77.93426719068128
"17-Hanover-Pl,-Apt-26I,-Brooklyn,-NY-11201",36047003700,Brooklyn,28.78704954963192,14.12352873531083,6.590195401977495
"17-Hanover-Pl,-Apt-27H,-Brooklyn,-NY-11201",36047003700,Brooklyn,28.78704954963192,14.12352873531083,6.590195401977495
"52-4th-Ave,-Unit-501,-Brooklyn,-NY-11217",36047003900,Brooklyn,28.80100663836868,16.11572938200869,8.582396048675356
"17-Hanover-Pl,-Apt-22F,-Brooklyn,-NY-11201",36047003700,Brooklyn,28.78704954963192,14.12352873531083,6.590195401977495
"138-Willoughby-St,-Unit-24C,-Brooklyn,-NY-11201",36047001502,Brooklyn,28.121142545957603,17.180773528643325,9.647440195309994
"135-E-46th-St,-Unit-1,-Brooklyn,-NY-11203",36047087600,Brooklyn,60.22727390490683,41.04394057157349,33.51060723824016
"324-Eldert-St,-Unit-1A,-Brooklyn,-NY-11237",36047043700,Brooklyn,40.9510380912528,40.26770475791946,38.23437142458613
"150-Powers-St,-Brooklyn,-NY-11211",36047049500,Brooklyn,29.045750268785117,28.36241693545178,33.829083602118445
"324-Eldert-St,-Unit-3A,-Brooklyn,-NY-11237",36047043700,Brooklyn,40.9510380912528,40.26770475791946,38.23437142458613
"324-Eldert-St,-Unit-2A,-Brooklyn,-NY-11237",36047043700,Brooklyn,40.9510380912528,40.26770475791946,38.23437142458613
"324-Eldert-St,-Unit-1B,-Brooklyn,-NY-11237",36047043700,Brooklyn,40.9510380912528,40.26770475791946,38.23437142458613
"597-Grand-Ave,-Apt-1H,-Brooklyn,-NY-11238",36047030500,Brooklyn,44.746070161172085,32.14197795949427,23.688149573316537
"2407-Barker-Ave,-Bronx,-NY-10467",36005033202,Bronx,66.0212375305897,65.33790419725636,75.30457086392305
"500-Degraw-St,-Apt-606,-Brooklyn,-NY-11217",36047007500,Brooklyn,41.0025583640262,28.25638689986801,20.72305356653468
"324-Eldert-St,-Unit-3B,-Brooklyn,-NY-11237",36047043700,Brooklyn,40.9510380912528,40.26770475791946,38.23437142458613
"65-Dupont-St,-Apt-426,-Brooklyn,-NY-11222",36047056301,Brooklyn,27.54244247229697,38.85910913896364,38.911721286390325
"126-Sandford-St,---606,-Brooklyn,-NY-11205",36047123700,Brooklyn,37.86696692032301,33.18363358698967,27.15030025365634
"184-Kent-Ave,-Apt-B314,-Brooklyn,-NY-11249",36047055500,Brooklyn,33.274990369385904,32.59165703605257,38.05832370271924
"969-55th-St,-Unit-2ND,-Brooklyn,-NY-11219",36047011600,Brooklyn,53.547068188447696,40.65540043866984,33.12206710533651
"264-Webster-Ave,-Apt-205,-Brooklyn,-NY-11230",36047048200,Brooklyn,52.99375074294712,44.81041740961378,31.77708407628045
"126-Sandford-St,---1006,-Brooklyn,-NY-11205",36047123700,Brooklyn,38.05222001024975,33.368886676916425,27.33555334358309
"132-Battery-Ave,-Unit-1,-Brooklyn,-NY-11209",36047015200,Brooklyn,59.05947489841498,46.376141565081646,39.84280823174832
"126-Sandford-St,---1004,-Brooklyn,-NY-11205",36047123700,Brooklyn,37.86696692032301,33.18363358698967,27.15030025365634
"1057-Atlantic-Unit-Ave,-Ph-16,-Brooklyn,-NY-11238",36047022700,Brooklyn,42.59697315383234,26.413639820499004,17.380306487165672
"950-Flatbush-Ave,-Brooklyn,-NY-11226",36047051002,Brooklyn,44.249681638579446,35.56634830524612,24.03301497191278
"126-Sandford-St,-Unit-1006,-Brooklyn,-NY-11205",36047123700,Brooklyn,38.05222001024975,33.368886676916425,27.33555334358309
"912-Broadway,---3L,-Brooklyn,-NY-11206",36047028700,Brooklyn,31.97947410158716,26.796140768253828,31.762807434920493
"619-E-7th-St,-Apt-2,-Brooklyn,-NY-11218",36047049000,Brooklyn,52.11594156192291,43.43260822858958,31.69160220773241
"21-08-30th-Ave,-Unit-6F,-Queens,-NY-11102",36081007900,Queens,38.17662777658119,47.99329444324785,53.95996110991452
"32-15-35th-St,-Unit-F6,-Queens,-NY-11106",36081005900,Queens,29.35679255690322,39.67345922356989,47.14012589023656
"44-28-Purves-St,-Unit-17H,-Queens,-NY-11101",36081001902,Queens,19.26456730480601,34.125773110775235,37.54790063813935
"23-61-23rd-St,-Unit-1G,-Queens,-NY-11105",36081009700,Queens,41.595563633632565,51.41223030029924,57.378896966965904
"557-Van-Nest-Ave,-Unit-2,-Bronx,-NY-10460",36005024000,Bronx,54.64789657715775,57.46456324382441,67.43122991049107
"1042-Atlantic-Unit-Ave,-Ph-2E,-Brooklyn,-NY-11238",36047030500,Brooklyn,44.0552298181716,27.87189648483827,18.83856315150494
"499-President-St,-Apt-914,-Brooklyn,-NY-11215",36047011901,Brooklyn,41.83308955330858,28.64975621997525,16.116422886641917
"459-Putnam-Ave,-Apt-4,-Brooklyn,-NY-11221",36047026700,Brooklyn,50.28348637072808,34.10015303739475,26.799354212601752
"1192-Bedford-Ave,-Apt-4A,-Brooklyn,-NY-11216",36047022700,Brooklyn,44.10636138486402,27.92302805153069,18.889694718197354
"1042-Atlantic-Ave,-Apt-8B,-Brooklyn,-NY-11238",36047030500,Brooklyn,44.0552298181716,27.87189648483827,18.83856315150494
"1042-Atlantic-Ave,-Ph-2E,-Brooklyn,-NY-11238",36047030500,Brooklyn,44.0552298181716,27.87189648483827,18.83856315150494
"505-State-St,-Apt-11G,-Brooklyn,-NY-11217",36047003900,Brooklyn,30.85429848969021,15.543002109479945,8.009668776146613
"308-Beach-86th-St,-Apt-1,-Queens,-NY-11693",36081094202,Queens,84.34114466628446,61.65781133295114,61.62447799961781
"3-Court-Sq,-Apt-3509,-Queens,-NY-11101",36081001903,Queens,14.574129248738991,30.293565895822866,36.26023256248953
"679-E-241st-St,-Unit-2,-Bronx,-NY-10470",36005041400,Bronx,72.03600491725766,78.35267158392432,82.81933825059099
"50-Commercial-St,---4A,-Brooklyn,-NY-11222",36047005900,Brooklyn,49.65659374861095,38.97326041527762,29.939927081944287
"27-28-Thomson-Ave,-Unit-238,-Queens,-NY-11101",36081001901,Queens,18.658691007231763,33.60749719705735,36.9420243405651
"548-Rockaway-Ave,-Unit-2,-Brooklyn,-NY-11212",36047092400,Brooklyn,57.77789154876629,38.774897491283824,30.241564157950496
"50-Commercial-St,---4E,-Brooklyn,-NY-11222",36047005900,Brooklyn,49.65659374861095,38.97326041527762,29.939927081944287
"308-Beach-86th-St,-Apt-2,-Queens,-NY-11693",36081094202,Queens,84.34114466628446,61.65781133295114,61.62447799961781
"50-Commercial-St,---2D,-Brooklyn,-NY-11222",36047005900,Brooklyn,49.65659374861095,38.97326041527762,29.939927081944287
"50-Commercial-St,---5C,-Brooklyn,-NY-11222",36047005900,Brooklyn,49.65659374861095,38.97326041527762,29.939927081944287
"50-Commercial-St,---4C,-Brooklyn,-NY-11222",36047005900,Brooklyn,49.65659374861095,38.97326041527762,29.939927081944287
"6402-23rd-Ave,-Brooklyn,-NY-11204",36047043600,Brooklyn,60.98076705340175,42.828596203423245,35.295262870089914
"800-Flatbush-Ave,-Apt-906,-Brooklyn,-NY-11226",36047050803,Brooklyn,40.46611487843596,31.782781545102623,23.55002384190524
"408-Lefferts-Ave,---5H,-Brooklyn,-NY-11225",36047080600,Brooklyn,48.36941290528374,29.186079571950405,21.65274623861707
"1366-Balcom-Ave,-Apt-1A,-Bronx,-NY-10461",36005019400,Bronx,60.40462480284869,68.72129146951536,72.68795813618203
"3121-Sedgwick-Ave,-Bronx,-NY-10463",36005027700,Bronx,52.41230630026157,62.72897296692824,69.69563963359491
"11-Ocean-Pkwy,-Unit-1103,-Brooklyn,-NY-11218",36047012902,Brooklyn,34.76460992512482,21.272989580694837,13.739656247361498
"408-Lefferts-Ave,---3E,-Brooklyn,-NY-11225",36047080600,Brooklyn,48.36941290528374,29.186079571950405,21.65274623861707
"2735-Cropsey-Ave-Apt-B,-Brooklyn,-NY-11214",36047031401,Brooklyn,65.32278238107911,56.63944904774577,48.10611571441244
"388-Bridge-St,-Apt-42A,-Brooklyn,-NY-11201",36047001100,Brooklyn,30.446096012686137,15.46635608880667,6.936858088649084
"21-India-St,-Apt-29B,-Brooklyn,-NY-11222",36047056302,Brooklyn,33.05728682445112,45.37395349111778,39.34062015778445
"1515-Surf-Ave,-Apt-521,-Brooklyn,-NY-11224",36047034800,Brooklyn,64.39286182977851,50.70952849644518,41.17619516311185
"1522-Dwight-Pl,-Bronx,-NY-10465",36005027401,Bronx,66.88224969674388,75.19891636341055,79.16558303007722
"12-Halsey-Unit-St,-Ph-201,-Brooklyn,-NY-11216",36047024500,Brooklyn,40.75890947083816,24.575576137504825,19.042242804171494
"239-N-9th-St,-Apt-W227,-Brooklyn,-NY-11211",36047051900,Brooklyn,26.855034722706435,26.1717013893731,31.63836805603977
"111-Willoughby-St,-Apt-24G,-Brooklyn,-NY-11201",36047001502,Brooklyn,30.281926687807275,16.49532149968566,8.355865328818698
"40-Bruckner-Blvd,-Unit-D919D,-Bronx,-NY-10454",36005001901,Bronx,42.04802866747357,47.262593704551456,53.229260371218125
"147-14th-St,-Apt-3,-Brooklyn,-NY-11215",36047011700,Brooklyn,42.24646569134352,31.5631323580102,19.85541367648352
"40-Bruckner-Blvd,-Unit-D826D,-Bronx,-NY-10454",36005001901,Bronx,42.04802866747357,47.262593704551456,53.229260371218125
"111-Willoughby-St,-Apt-29B,-Brooklyn,-NY-11201",36047001502,Brooklyn,30.281926687807275,16.49532149968566,8.355865328818698
"180-Franklin-Ave,-Apt-303,-Brooklyn,-NY-11205",36047023500,Brooklyn,42.376839154026165,32.70070474782664,26.66737141449331
"34-Berry-St,-Apt-4U,-Brooklyn,-NY-11249",36047055700,Brooklyn,29.404089584033976,28.72075625070064,34.18742291736731
"111-Willoughby-St,-Apt-27C,-Brooklyn,-NY-11201",36047001502,Brooklyn,30.281926687807275,16.49532149968566,8.355865328818698
"3238-Ely-Ave,-Bronx,-NY-10469",36005046208,Bronx,66.10006589552587,70.91673256219254,79.8833992288592
"353-Monroe-St,-Unit-1,-Brooklyn,-NY-11221",36047026500,Brooklyn,48.09741126032132,35.04684902224416,29.51351568891083
"331-76th-St,-Unit-1,-Brooklyn,-NY-11209",36047006600,Brooklyn,49.10497990891127,36.42164657557794,29.888313242244603
"461-Dean-St,-Apt-25A,-Brooklyn,-NY-11217",36047012902,Brooklyn,32.93474294888512,18.015147307063035,10.481813973729702
"238-Wyona-St,-Unit-2,-Brooklyn,-NY-11207",36047114400,Brooklyn,48.39926189631013,40.7159285629768,31.682595229643464
"178-Gelston-Ave,-Unit-1,-Brooklyn,-NY-11209",36047016000,Brooklyn,53.31429291429588,40.63095958096255,34.097626247629215
"1129-Rogers-Ave,-Unit-3,-Brooklyn,-NY-11226",36047082800,Brooklyn,55.8811220721778,36.69778873884446,29.16445540551113
"4295-Webster-Ave,-Apt-L7,-Bronx,-NY-10470",36005045102,Bronx,79.32851388053588,78.64518054720254,88.61184721386921
"844-Hancock-St,-Brooklyn,-NY-11233",36047037700,Brooklyn,41.35235127587047,36.48314377526431,33.465725117494586
"40-Bruckner-Blvd,-Unit-D203,-Bronx,-NY-10454",36005001901,Bronx,42.04802866747357,47.262593704551456,53.229260371218125
"120-Nassau-St,-Apt-28F,-Brooklyn,-NY-11201",36047001300,Brooklyn,31.38884669211571,16.706427631721056,12.498392244170342
"22-44-Jackson-Ave,-Unit-4909,-Queens,-NY-11101",36081001901,Queens,17.766130141787112,32.11461259161181,37.61321005345295
"291-Bonner-Pl,-Apt-2,-Bronx,-NY-10456",36005017300,Bronx,49.69683428728301,55.26689397131775,59.23356063798442
"612-Jerome-St,-Unit-B,-Brooklyn,-NY-11207",36047112400,Brooklyn,59.49205465966764,38.34501323412641,29.31167990079308
"1101-President-St,-Apt-1414,-Brooklyn,-NY-11225",36047032300,Brooklyn,44.53577519404329,25.35244186070996,17.819108527376624
"2413-3rd-Ave,-Apt-1802,-Bronx,-NY-10451",36005005100,Bronx,40.468687824108,43.28535449077467,49.94238551019721
"1-Lenox-Rd,-Apt-5A,-Brooklyn,-NY-11226",36047079602,Brooklyn,40.23915671075037,31.555823377417035,24.50168444981025
"111-Lawrence-St,-Apt-40C,-Brooklyn,-NY-11201",36047001100,Brooklyn,29.739163248201077,14.818106326786884,6.284772993453553
"533-Washington-Ave-Unit-Gdn,-Brooklyn,-NY-11238",36047020100,Brooklyn,40.37024078179215,24.18690744845881,15.15357411512548
"86-Court-St,-Apt-2,-Brooklyn,-NY-11201",36047000900,Brooklyn,31.745204293824468,12.30036034712174,3.767027013788408
"50-Commercial-St,---3D,-Brooklyn,-NY-11222",36047005900,Brooklyn,49.65659374861095,38.97326041527762,29.939927081944287
"533-Washington-Ave,-Apt-2A,-Brooklyn,-NY-11238",36047020100,Brooklyn,40.365972040090405,24.182638706757075,15.149305373423744
"2413-3rd-Ave,-Apt-1906,-Bronx,-NY-10451",36005005100,Bronx,40.468687824108,43.28535449077467,49.94238551019721
"3641-Johnson-Ave,-Bronx,-NY-10463",36005029700,Bronx,59.23327535324438,69.54994201991104,76.51660868657771
"1174-Sherman-Ave,-Apt-3,-Bronx,-NY-10456",36005018101,Bronx,42.9123550984688,51.72902176513547,57.31177876898816
"910-E-226th-St,-Bronx,-NY-10466",36005040400,Bronx,74.76474719847661,74.08141386514328,84.04808053180994
"443-55th-St,-Apt-2,-Brooklyn,-NY-11220",36047007600,Brooklyn,45.07437310858834,32.39103977525501,25.088381509026984
"1057-Atlantic-Unit-Ave,-Ph-18,-Brooklyn,-NY-11238",36047022700,Brooklyn,42.59697315383234,26.413639820499004,17.380306487165672
"343-Bradford-St,-Unit-2,-Brooklyn,-NY-11207",36047115800,Brooklyn,48.95403667524942,41.27070334191608,32.23737000858275
"274-17th-St,-Unit-1,-Brooklyn,-NY-11215",36047014300,Brooklyn,46.65451562275142,33.47118228941808,20.93784895608475
"301-Sullivan-Pl,-Unit-F2,-Brooklyn,-NY-11225",36047032100,Brooklyn,47.71491697851686,28.531583645183524,20.998250311850192
"25-16-37th-Ave,-Unit-5E,-Queens,-NY-11101",36081005100,Queens,28.44528854078602,40.50263926336415,46.46930593003082
"257-Newkirk-Ave,-Unit-3,-Brooklyn,-NY-11230",36047048200,Brooklyn,52.66009794498039,44.47676461164705,31.44343127831372
"47-05-Center-Blvd,-Unit-2904,-Queens,-NY-11109",36081000102,Queens,21.084989616272512,32.40165628293918,38.36832294960585
"25-16-37th-Ave,-Unit-4A,-Queens,-NY-11101",36081005100,Queens,28.44528854078602,40.50263926336415,46.46930593003082
"470-Dean-St,-Apt-404,-Brooklyn,-NY-11217",36047012902,Brooklyn,33.86492031381878,18.97486486237831,11.441531529044978
"16-Dupont-St,-Apt-32E,-Brooklyn,-NY-11222",36047056302,Brooklyn,30.41723779254921,41.73390445921588,39.96911538877124
"19-25-22nd-Rd,-Queens,-NY-11105",36081010100,Queens,43.84272931275319,53.659395979419855,59.62606264608653
"184-Herkimer-St,-Apt-2,-Brooklyn,-NY-11216",36047024700,Brooklyn,41.58806043963097,25.404727106297635,19.871393772964304
"975-Nostrand-Ave,-Apt-832,-Brooklyn,-NY-11225",36047031900,Brooklyn,47.744660627514826,28.56132729418149,21.02799396084816
"975-Nostrand-Ave,-Apt-712,-Brooklyn,-NY-11225",36047031900,Brooklyn,47.744660627514826,28.56132729418149,21.02799396084816
"250-Water-St,-Unit-2,-Brooklyn,-NY-11201",36047002100,Brooklyn,30.73505309736196,22.423754871433857,16.01838643069529
"1918-Cortelyou-Rd,-Unit-2,-Brooklyn,-NY-11226",36047051400,Brooklyn,45.12190765121385,36.43857431788052,29.405240984547184
"1255-Bushwick-Ave,-Apt-1B,-Brooklyn,-NY-11207",36047040100,Brooklyn,44.04258227595863,33.3592489426253,38.32591560929197
"52-4th-Ave,-Unit-1103,-Brooklyn,-NY-11217",36047003900,Brooklyn,28.80100663836868,16.11572938200869,8.582396048675356
"3105-Roberts-Ave,-Bronx,-NY-10461",36005026602,Bronx,60.16685126589821,68.48351793256488,72.45018459923155
"52-4th-Ave,-Unit-703,-Brooklyn,-NY-11217",36047003900,Brooklyn,28.80100663836868,16.11572938200869,8.582396048675356
"1350-E-5th-St,-Apt-1H,-Brooklyn,-NY-11230",36047044800,Brooklyn,59.68868781564165,49.00535448230832,42.47202114897498
"120-Norwood-Ave,-Unit-3,-Brooklyn,-NY-11208",36047117400,Brooklyn,46.52991384787536,45.40216176126133,36.31324718120869
"505-State-St,-Apt-38A,-Brooklyn,-NY-11217",36047003900,Brooklyn,30.85429848969021,15.543002109479945,8.009668776146613
"1042-Atlantic-Unit-Ave,-Ph-2I,-Brooklyn,-NY-11238",36047030500,Brooklyn,44.0552298181716,27.87189648483827,18.83856315150494
"2342-Atlantic-Ave,-Brooklyn,-NY-11233",36047036502,Brooklyn,45.22722824277098,32.68094739687915,29.147614063545817
"18-India-St,-Apt-710N,-Brooklyn,-NY-11222",36047056500,Brooklyn,32.75228031797027,45.06894698463693,39.0356136513036
"98-Front-St,-Apt-8S,-Brooklyn,-NY-11201",36047002100,Brooklyn,29.43751955470342,17.253233829165875,14.720852888036752
"1042-Atlantic-Ave,-Ph-2I,-Brooklyn,-NY-11238",36047030500,Brooklyn,44.0552298181716,27.87189648483827,18.83856315150494
"180-Bainbridge-St,-Apt-311,-Brooklyn,-NY-11233",36047029700,Brooklyn,43.22410067217967,27.04076733884633,22.507434005513
"597-E-4th-St,-Unit-2,-Brooklyn,-NY-11218",36047049000,Brooklyn,51.92405836878636,41.24072503545303,34.70739170211969
"251-Douglass-Unit-St,-Ph-3,-Brooklyn,-NY-11217",36047012700,Brooklyn,37.53667465755032,24.83914772318009,17.30581438984676
"22-44-Jackson-Ave,-Ph-3,-Queens,-NY-11101",36081001901,Queens,17.766130141787112,32.11461259161181,37.61321005345295
"1042-Atlantic-Ave,-Apt-4K,-Brooklyn,-NY-11238",36047030500,Brooklyn,44.0552298181716,27.87189648483827,18.83856315150494
"788-Willoughby-Ave,-Apt-609,-Brooklyn,-NY-11206",36047028700,Brooklyn,34.79128440924938,29.60795107591605,34.57461774258272
"1524-Sheepshead-Bay-Rd,-Apt-12E,-Brooklyn,-NY-11235",36047060600,Brooklyn,51.05269972516797,42.86936639183464,29.336033058501304
"906-E-New-York-Ave,-Apt-6E,-Brooklyn,-NY-11203",36047088001,Brooklyn,53.586755195350754,34.403421862017424,26.87008852868409
"955-Sterling-Pl,-Apt-518,-Brooklyn,-NY-11213",36047034100,Brooklyn,47.55923430701902,32.89034244483062,25.357009111497288
"1256-Ocean-Ave,-Apt-5D,-Brooklyn,-NY-11230",36047076400,Brooklyn,49.65156682643247,40.96823349309913,28.98785217464445
"955-Sterling-Pl,-Apt-415,-Brooklyn,-NY-11213",36047034100,Brooklyn,47.55923430701902,32.89034244483062,25.357009111497288
"180-Bainbridge-St,-Apt-401,-Brooklyn,-NY-11233",36047029700,Brooklyn,43.22402635992769,27.04069302659435,22.50735969326102
"833-Saint-Johns-Pl,-Apt-3F,-Brooklyn,-NY-11216",36047031702,Brooklyn,44.4777596962996,29.230730915670915,21.697397582337583
"17-Hanover-Pl,-Apt-22H,-Brooklyn,-NY-11201",36047003700,Brooklyn,28.78704954963192,14.12352873531083,6.590195401977495
"514-Jamaica-Ave,-Apt-2R,-Brooklyn,-NY-11208",36047117202,Brooklyn,51.20557703584197,44.57809039037527,40.9889103691753
"883-E-165th-St,-Apt-4G,-Bronx,-NY-10459",36005013100,Bronx,46.46526273346699,52.78192940013366,57.24859606680033
"22-Tehama-St,-Apt-1,-Brooklyn,-NY-11218",36047049800,Brooklyn,48.1470961673148,37.46376283398147,28.43042950064813
"226-Pennsylvania-Ave,-Unit-2,-Brooklyn,-NY-11207",36047114400,Brooklyn,47.70667486473508,40.02334153140175,30.990008198068413
"126-Sandford-St,---5131,-Brooklyn,-NY-11205",36047123700,Brooklyn,37.86696692032301,33.18363358698967,27.15030025365634
"511-Thatford-Ave,-Brooklyn,-NY-11212",36047092000,Brooklyn,58.47858802889128,41.335527275357,32.80219394202366
"1379-Bronx-River-Ave,-Bronx,-NY-10472",36005005600,Bronx,55.44564388602706,62.76231055269373,71.28429026653603
"3553-Holland-Ave,-Bronx,-NY-10467",36005038000,Bronx,65.3187025282424,64.63536919490906,74.60203586157574
"2835-Webb-Ave,-Apt-3A,-Bronx,-NY-10468",36005026702,Bronx,51.35944706252992,65.5552849543527,69.96250528015275
"126-Sandford-St,---4041,-Brooklyn,-NY-11205",36047123700,Brooklyn,37.86696692032301,33.18363358698967,27.15030025365634
"1927-Kings-Hwy,---1,-Brooklyn,-NY-11229",36047055000,Brooklyn,52.46969965333058,44.28636631999724,30.75303298666391
"6264-Amboy-Rd,-Apt-2D,-Staten-Island,-NY-10309",36085022601,Staten Island,104.50858994768178,88.82525661434846,88.79192328101513
"3972-Bronx-Blvd,-Bronx,-NY-10466",36005040800,Bronx,70.67623621320482,69.99290287987148,79.95956954653815
"146-S-4th-St,-Apt-4E,-Brooklyn,-NY-11211",36047054900,Brooklyn,33.356064004103594,29.67273067077026,34.639397337436925
"445-Gerard-Ave,-Unit-W327,-Bronx,-NY-10451",36005006301,Bronx,38.66885847715871,42.50343880093268,46.62575779050477
"120-Nassau-St,-Apt-15F,-Brooklyn,-NY-11201",36047001300,Brooklyn,31.38884669211571,16.706427631721056,12.498392244170342
"861-Castle-Hill-Ave,-Bronx,-NY-10473",36005009800,Bronx,66.11391947133471,74.43058613800139,78.39725280466806
"17-Hanover-Pl,-Apt-21F,-Brooklyn,-NY-11201",36047003700,Brooklyn,28.78704954963192,14.12352873531083,6.590195401977495
"180-Montague-St,-Apt-3A,-Brooklyn,-NY-11201",36047000900,Brooklyn,30.388464849213427,12.525790999934811,3.9924576666014775
"17-Hanover-Pl,-Apt-20I,-Brooklyn,-NY-11201",36047003700,Brooklyn,28.78704954963192,14.12352873531083,6.590195401977495
"104-40-Queens-Blvd,-Unit-9N,-Queens,-NY-11375",36081071305,Queens,34.5677024238338,50.38436909050047,56.35103575716713
"1765-W-9th-St,-Unit-1,-Brooklyn,-NY-11223",36047042600,Brooklyn,60.667372364876506,41.98403903154317,34.45070569820984
"776-Franklin-Ave,-Apt-2A,-Brooklyn,-NY-11238",36047021700,Brooklyn,40.3918543381503,21.208521004816973,13.675187671483638
"123-Melrose-St,-Apt-772,-Brooklyn,-NY-11206",36047039100,Brooklyn,35.85862061463888,30.675287281305547,35.64195394797221
"81-Bay-7th-St,-Unit-2,-Brooklyn,-NY-11228",36047017000,Brooklyn,66.8655522911787,58.18221895784537,49.64888562451203
"2413-3rd-Ave,-Apt-2405,-Bronx,-NY-10451",36005005100,Bronx,40.468687824108,43.28535449077467,49.94238551019721
"123-Melrose-St,-Apt-764,-Brooklyn,-NY-11206",36047039100,Brooklyn,35.85862061463888,30.675287281305547,35.64195394797221
"2384-Valentine-Ave,-Bronx,-NY-10458",36005039902,Bronx,39.27388781578089,57.09055448244756,66.28993120216211
"23-05-24th-Ave---B,-Queens,-NY-11102",36081009700,Queens,40.60396167875959,50.42062834542626,56.38729501209293
"81-Bay-7th-St,-Unit-1,-Brooklyn,-NY-11228",36047017000,Brooklyn,66.8655522911787,58.18221895784537,49.64888562451203
"104-40-Queens-Blvd,-Unit-10B,-Queens,-NY-11375",36081071305,Queens,34.5677024238338,50.38436909050047,56.35103575716713
"55-Willoughby-St,-Unit-2E,-Brooklyn,-NY-11201",36047001100,Brooklyn,28.626148845484057,13.772895316056273,5.2395619827229405
"55-Willoughby-St,-Unit-32E,-Brooklyn,-NY-11201",36047001100,Brooklyn,28.626148845484057,13.772895316056273,5.2395619827229405
"55-Willoughby-St,-Apt-3D,-Brooklyn,-NY-11201",36047001100,Brooklyn,28.626148845484057,13.772895316056273,5.2395619827229405
"65-Dupont-St,-Apt-812,-Brooklyn,-NY-11222",36047056301,Brooklyn,27.54244247229697,38.85910913896364,38.911721286390325
"3922-Amundson-Ave,-Bronx,-NY-10466",36005045600,Bronx,70.57667954470122,75.3933462113679,84.36001287803455
"111-Willoughby-St,-Ph-I,-Brooklyn,-NY-11201",36047001502,Brooklyn,30.281926687807275,16.49532149968566,8.355865328818698
"45-Hoyt-St,-Apt-25F,-Brooklyn,-NY-11201",36047003700,Brooklyn,31.363842128194896,15.784291614924188,8.250958281590853
"273-76th-St,-Unit-1,-Brooklyn,-NY-11209",36047006600,Brooklyn,51.13138590498984,38.4480525716565,31.914719238323173
"22-18-Jackson-Ave,-Unit-1010,-Queens,-NY-11101",36081001901,Queens,18.0620502101105,32.20758484771911,36.80911942433895
"655-Union-St,-Apt-10A,-Brooklyn,-NY-11215",36047011901,Brooklyn,37.7717355504621,24.588402217128767,12.055068883795434
"2945-Wickham-Ave,-Unit-1,-Bronx,-NY-10469",36005035600,Bronx,70.14090894566313,74.95757561232979,83.92424227899646
"3000-Valentine-Ave,-Apt-2E,-Bronx,-NY-10458",36005041300,Bronx,41.48552249371126,59.30218916037792,68.10575526027979
"22-51-45th-St,-Unit-2K,-Queens,-NY-11105",36081013700,Queens,45.7669503434886,55.58361701015527,61.550283676821934
"742-New-Lots-Ave,-Unit-2F,-Brooklyn,-NY-11207",36047112000,Brooklyn,59.9700450034682,38.28671167013487,29.253378336801536
"2413-3rd-Ave,-Apt-1207,-Bronx,-NY-10451",36005005100,Bronx,40.468687824108,43.28535449077467,49.94238551019721
"591-Vanderbilt-Ave,-Unit-4,-Brooklyn,-NY-11238",36047020300,Brooklyn,38.948950872625815,28.046025254605954,19.01269192127262
"1097-Park-Pl,-Unit-1,-Brooklyn,-NY-11213",36047034300,Brooklyn,50.30311248268938,36.53500847678608,25.58644581602272
"4225-Hill-Ave,-Bronx,-NY-10466",36005044800,Bronx,86.04998917312683,85.36665583979351,95.33332250646018
"20-Oliver-St,-Brooklyn,-NY-11209",36047005202,Brooklyn,62.74625624344744,50.0629229101141,43.529589576780765
"8701-5th-Ave,-Brooklyn,-NY-11209",36047016000,Brooklyn,52.92316339181675,40.23983005848342,33.70649672515008
"3216-Seymour-Ave,-Unit-2,-Bronx,-NY-10469",36005036400,Bronx,65.0596242487337,69.87629091540038,78.84295758206704
"251-Douglass-St,-Apt-1019,-Brooklyn,-NY-11217",36047012700,Brooklyn,37.53667465755032,24.83914772318009,17.30581438984676
"251-Douglass-St,-Unit-909,-Brooklyn,-NY-11217",36047012700,Brooklyn,37.53667465755032,24.83914772318009,17.30581438984676
"59-Corbin-Ave,-Staten-Island,-NY-10308",36085014606,Staten Island,97.96522346823753,82.28189013490419,82.24855680157086
"354-90th-St,-Brooklyn,-NY-11209",36047005800,Brooklyn,54.031945883917885,41.34861255058456,34.81527921725122
"251-Douglass-St,-Unit-310,-Brooklyn,-NY-11217",36047012700,Brooklyn,37.53667465755032,24.83914772318009,17.30581438984676
"1793-Bedford-Ave,-Apt-3L,-Brooklyn,-NY-11225",36047032700,Brooklyn,41.34569328815562,32.66235995482229,22.12902662148896
"12-Halsey-St,-Apt-831,-Brooklyn,-NY-11216",36047024500,Brooklyn,40.75890947083816,24.575576137504825,19.042242804171494
"909-Greene-Ave,-Unit-2BROOKLYN,-Brooklyn,-NY-11221",36047029100,Brooklyn,42.94447418109577,32.26114084776244,42.2278075144291
"1181-Sackett-Ave,-Bronx,-NY-10461",36005028600,Bronx,65.92266478240505,74.23933144907171,78.20599811573838
"2454-E-15th-St,-Unit-4A,-Brooklyn,-NY-11235",36047059000,Brooklyn,57.20148854005655,49.01815520672322,35.48482187338989
"645-Park-Pl,-Apt-8A,-Brooklyn,-NY-11216",36047021900,Brooklyn,44.74238355267968,25.55905021934635,18.02571688601301
"25-16-37th-Ave,-Unit-4E,-Queens,-NY-11101",36081005100,Queens,28.44528854078602,40.50263926336415,46.46930593003082
"25-16-37th-Ave,-Unit-4C,-Queens,-NY-11101",36081005100,Queens,28.44528854078602,40.50263926336415,46.46930593003082
"98-10-63rd-Rd,-Unit-1308,-Queens,-NY-11374",36081071900,Queens,41.16444487944349,55.48111154611015,62.94777821277682
"372-Clinton-Ave,---5,-Brooklyn,-NY-11238",36047019700,Brooklyn,38.41713582729415,25.233802493960813,18.53282797228616
"25-16-37th-Ave,-Unit-3B,-Queens,-NY-11101",36081005100,Queens,28.44528854078602,40.50263926336415,46.46930593003082
"98-10-63rd-Rd,-Unit-1804,-Queens,-NY-11374",36081071900,Queens,41.16444487944349,55.48111154611015,62.94777821277682
"98-10-63rd-Rd,-Unit-2107,-Queens,-NY-11374",36081071900,Queens,41.16444487944349,55.48111154611015,62.94777821277682
"98-10-63rd-Rd,-Unit-1901,-Queens,-NY-11374",36081071900,Queens,41.16444487944349,55.48111154611015,62.94777821277682
"98-10-63rd-Rd,-Unit-1913,-Queens,-NY-11374",36081071900,Queens,41.16444487944349,55.48111154611015,62.94777821277682
"1463-New-York-Ave,-Apt-5B,-Brooklyn,-NY-11210",36047078200,Brooklyn,58.28748159534556,39.10414826201223,31.570814928678896
"74A-4th-Ave,-Apt-3,-Brooklyn,-NY-11217",36047012700,Brooklyn,30.347121029511936,17.611635848562514,10.07830251522918
"1515-Surf-Ave,-Apt-2229,-Brooklyn,-NY-11224",36047034800,Brooklyn,64.39286182977851,50.70952849644518,41.17619516311185
"1515-Surf-Unit-Ave,-Ph-1C,-Brooklyn,-NY-11224",36047034800,Brooklyn,64.39286182977851,50.70952849644518,41.17619516311185
"17-Hanover-Pl,-Apt-15J,-Brooklyn,-NY-11201",36047003700,Brooklyn,28.78704954963192,14.12352873531083,6.590195401977495
"53-Broadway,-Apt-507,-Brooklyn,-NY-11249",36047054900,Brooklyn,37.16972186089065,33.48638852755732,38.45305519422399
"17-Hanover-Pl,-Apt-25H,-Brooklyn,-NY-11201",36047003700,Brooklyn,28.78704954963192,14.12352873531083,6.590195401977495
"17-Hanover-Pl,-Apt-28F,-Brooklyn,-NY-11201",36047003700,Brooklyn,28.78704954963192,14.12352873531083,6.590195401977495
"3900-Greystone-Ave,-Apt-61C,-Bronx,-NY-10463",36005033500,Bronx,55.06833068691416,65.38499735358083,72.35166402024748
"17-Hanover-Pl,-Apt-20E,-Brooklyn,-NY-11201",36047003700,Brooklyn,28.78704954963192,14.12352873531083,6.590195401977495
"55-Willoughby-St,-Unit-41C,-Brooklyn,-NY-11201",36047001100,Brooklyn,28.626148845484057,13.772895316056273,5.2395619827229405
"17-Hanover-Pl,-Apt-26H,-Brooklyn,-NY-11201",36047003700,Brooklyn,28.78704954963192,14.12352873531083,6.590195401977495
"850-New-Lots-Ave,-Apt-2R,-Brooklyn,-NY-11208",36047112000,Brooklyn,58.83317544456539,43.60548570562512,34.57215237229179
"22-44-Jackson-Ave,-Unit-4907,-Queens,-NY-11101",36081001901,Queens,17.766130141787112,32.11461259161181,37.61321005345295
"206-Saint-Marks-Ave,-Unit-4C,-Brooklyn,-NY-11238",36047016300,Brooklyn,35.521963107035006,26.457459777340567,16.305296440368334
"46-30-Center-Blvd,-Unit-406,-Queens,-NY-11109",36081000102,Queens,23.01531923312097,34.33198589978763,40.2986525664543
"54-Crown-Unit-St,-Ph-16,-Brooklyn,-NY-11225",36047021300,Brooklyn,43.96957212889824,26.078672002479543,18.54533866914621
"1-Eagle-St,-Unit-1-2909,-Brooklyn,-NY-11222",36047056302,Brooklyn,31.45670358420424,42.7733702508709,40.73688636944234
"1043-E-14th-St,-Apt-1,-Brooklyn,-NY-11230",36047053400,Brooklyn,46.35863813636501,37.67530480303167,30.641971469698344
"4907-4th-Ave,-Apt-3C,-Brooklyn,-NY-11220",36047007800,Brooklyn,44.90067592150454,32.217342588171206,25.684009254837875
"1-Eagle-St,-Unit-2PH4H,-Brooklyn,-NY-11222",36047056302,Brooklyn,31.45670358420424,42.7733702508709,40.73688636944234
"1100-Myrtle-Ave,-Unit-1003,-Brooklyn,-NY-11206",36047028700,Brooklyn,32.41541508239031,27.23208174905698,32.19874841572365
"247-N-7th-St,---1-_403,-Brooklyn,-NY-11211",36047051900,Brooklyn,26.028801261267454,25.34546792793412,30.812134594600785
"47-Wyckoff-St,-Unit-1,-Brooklyn,-NY-11201",36047006901,Brooklyn,32.501301158416105,19.962798104929924,11.429464771596594
"27-11-Astoria-Blvd,-Queens,-NY-11102",36081006900,Queens,34.22415640490784,44.04082307157451,50.00748973824117
"3900-Greystone-Ave,-Apt-43E,-Bronx,-NY-10463",36005033500,Bronx,55.06833068691416,65.38499735358083,72.35166402024748
"858-E-175th-St,-Bronx,-NY-10460",36005036700,Bronx,53.60501088931798,59.92167755598464,64.38834422265131
"3900-Greystone-Ave,-Apt-53C,-Bronx,-NY-10463",36005033500,Bronx,55.06833068691416,65.38499735358083,72.35166402024748
"1101-President-St,-Apt-512,-Brooklyn,-NY-11225",36047032300,Brooklyn,44.53577519404329,25.35244186070996,17.819108527376624
"52-Adrian-Ave,-Unit-2,-Bronx,-NY-10463",36061030900,Manhattan,47.524703098936165,57.84136976560284,64.8080364322695
"470-Dean-St,-Apt-703,-Brooklyn,-NY-11217",36047012902,Brooklyn,33.86492031381878,18.97486486237831,11.441531529044978
"55-Willoughby-St,-Apt-38B,-Brooklyn,-NY-11201",36047001100,Brooklyn,28.626148845484057,13.772895316056273,5.2395619827229405
"54-Crown-St,-Ph-16,-Brooklyn,-NY-11225",36047021300,Brooklyn,43.96957212889824,26.078672002479543,18.54533866914621
"54-Crown-St,-Ph-12,-Brooklyn,-NY-11225",36047021300,Brooklyn,43.96957212889824,26.078672002479543,18.54533866914621
"1101-President-St,-Apt-1401,-Brooklyn,-NY-11225",36047032300,Brooklyn,44.53577519404329,25.35244186070996,17.819108527376624
"428-Wythe-Ave,-Apt-501,-Brooklyn,-NY-11249",36047054900,Brooklyn,38.190963221798576,34.50762988846524,39.47429655513191
"1100-Myrtle-Ave,---1021,-Brooklyn,-NY-11206",36047028700,Brooklyn,32.41541508239031,27.23208174905698,32.19874841572365
"42-62-Hunter-St,-Unit-7C,-Queens,-NY-11101",36081001902,Queens,18.749787416589317,33.34108825956723,39.3077549262339
"55-Willoughby-St,-Unit-35B,-Brooklyn,-NY-11201",36047001100,Brooklyn,28.626148845484057,13.772895316056273,5.2395619827229405
"55-Willoughby-St,-Unit-35E,-Brooklyn,-NY-11201",36047001100,Brooklyn,28.626148845484057,13.772895316056273,5.2395619827229405
"55-Willoughby-St,-Unit-35F,-Brooklyn,-NY-11201",36047001100,Brooklyn,28.626148845484057,13.772895316056273,5.2395619827229405
"187-Bay-31st-St,-Unit-1,-Brooklyn,-NY-11214",36047029400,Brooklyn,62.885437865001,54.20210453166767,45.668771198334326
"1100-Myrtle-Ave,-Unit-503,-Brooklyn,-NY-11206",36047028700,Brooklyn,32.41541508239031,27.23208174905698,32.19874841572365
"6806-Bliss-Ter,-Brooklyn,-NY-11220",36047003400,Brooklyn,58.20421241582887,45.52087908249553,38.9875457491622
"111-Lawrence-St,-Apt-20K,-Brooklyn,-NY-11201",36047001100,Brooklyn,29.739163248201077,14.818106326786884,6.284772993453553
"762-Brady-Ave,-Unit-Ground,-Bronx,-NY-10462",36005022404,Bronx,61.705518001662846,61.02218466832951,70.98885133499617
"3870-Sedgwick-Ave,-Unit-1C,-Bronx,-NY-10463",36005040900,Bronx,55.831612760359086,66.14827942702576,73.11494609369241
"130-S-2nd-St,-Unit-3A,-Brooklyn,-NY-11231",36047007700,Brooklyn,40.2558783952469,29.57254506191357,20.53921172858024
"1100-Myrtle-Ave,-Unit-1023,-Brooklyn,-NY-11206",36047028700,Brooklyn,32.41541508239031,27.23208174905698,32.19874841572365
"1333-Broadway,-Ph-1,-Brooklyn,-NY-11221",36047039700,Brooklyn,35.34452038220129,34.66118704886796,34.62785371553462
"76-Valdemar-Ave,-Unit-2,-Staten-Island,-NY-10309",36085020804,Staten Island,103.67695955487868,87.99362622154534,87.96029288821201
"387-Manhattan-Ave,-Apt-2D,-Brooklyn,-NY-11211",36047050100,Brooklyn,31.269592389420325,30.58625905608699,35.98229905240058
"1285-Herkimer-St,-Unit-1A,-Brooklyn,-NY-11233",36047030100,Brooklyn,45.92151391184701,33.499763379863495,24.46643004653016
"222C-Hoyt-St,-Unit-Commercialc,-Brooklyn,-NY-11231",36047006902,Brooklyn,35.813917049544784,25.13058371621145,16.097250382878116
"1436-Nostrand-Ave,-Unit-2,-Brooklyn,-NY-11226",36047082000,Brooklyn,48.8130655746397,29.629732241306368,22.096398907973036
"43-Rochester-Ave-Gdn,-Unit-1,-Brooklyn,-NY-11233",36047029900,Brooklyn,45.56574944447205,29.382416111138717,24.849082777805386
"1100-Myrtle-Ave,---1023,-Brooklyn,-NY-11206",36047028700,Brooklyn,32.41541508239031,27.23208174905698,32.19874841572365
"55-Berry-St,-Apt-4F,-Brooklyn,-NY-11249",36047051700,Brooklyn,27.68931282985012,27.005979496516783,32.47264616318345
"3585-Greystone-Ave,-Apt-4C,-Bronx,-NY-10463",36005029500,Bronx,53.88874295467911,64.20540962134578,71.17207628801245
"540-Fulton-St,-Apt-29K,-Brooklyn,-NY-11201",36047003700,Brooklyn,28.5457946399495,13.060386065641588,5.527052732308254
"1077-Teller-Ave,-Bronx,-NY-10456",36005017500,Bronx,49.73026644290897,58.54693310957564,63.30874360198811
"80-Dekalb-Ave,-Brooklyn,-NY-11201",36047003300,Brooklyn,28.52597367191533,13.999716463839086,6.466383130505751
"54-Crown-St,-Apt-1617,-Brooklyn,-NY-11225",36047021300,Brooklyn,43.96957212889824,26.078672002479543,18.54533866914621
"65-Dupont-St,-Apt-114,-Brooklyn,-NY-11222",36047056301,Brooklyn,27.54244247229697,38.85910913896364,38.911721286390325
"1115-Dorchester-Rd,-Apt-4F,-Brooklyn,-NY-11218",36047052600,Brooklyn,46.13732560730332,37.45399227396999,27.591545989487773
"65-Dupont-St,-Apt-310,-Brooklyn,-NY-11222",36047056301,Brooklyn,27.54244247229697,38.85910913896364,38.911721286390325
"148-09-Northern-Blvd,-Apt-2E,-Queens,-NY-11354",36081116301,Queens,53.851826098406704,70.66849276507337,74.63515943174004
"461-Dean-St,-Apt-31G,-Brooklyn,-NY-11217",36047012902,Brooklyn,32.93474294888512,18.015147307063035,10.481813973729702
"98-10-63rd-Rd,-Unit-2011,-Queens,-NY-11374",36081071900,Queens,41.16444487944349,55.48111154611015,62.94777821277682
"196-Willoughby-St,-Unit-33B,-Brooklyn,-NY-11201",36047003101,Brooklyn,28.50911032040501,17.443947515911123,9.910614182577786
"2-26-50th-Ave,-Unit-4A,-Queens,-NY-11101",36081000101,Queens,20.496637956602104,31.81330462326877,37.77997128993544
"85-Livingston-St,-Brooklyn,-NY-11201",36047000900,Brooklyn,30.36376590564547,10.709479585027603,2.1761462516942705
"3240-Netherland-Ave,-Apt-1C,-Bronx,-NY-10463",36005029700,Bronx,58.13363336354712,68.45030003021378,75.41696669688045
"229-Parkville-Ave,-Unit-4A,-Brooklyn,-NY-11230",36047048200,Brooklyn,53.35226266762107,45.16892933428774,32.1355960009544
"1119-Ocean-Pkwy,-Apt-3G,-Brooklyn,-NY-11230",36047045200,Brooklyn,57.52665646253527,48.84332312920194,41.80998979586861
"60-Duffield-St,-Apt-9C,-Brooklyn,-NY-11201",36047001501,Brooklyn,35.17558891123132,20.395402491798656,11.86206915846532
"385-Chauncey-St,-Unit-1F,-Brooklyn,-NY-11233",36047037900,Brooklyn,48.22512524961215,36.290691142959545,27.25735780962621
"776-Franklin-Ave,---3F,-Brooklyn,-NY-11238",36047021700,Brooklyn,40.3918543381503,21.208521004816973,13.675187671483638
"949-E-213th-St,-Fl-2,-Bronx,-NY-10469",36005038200,Bronx,74.48503782134125,73.80170448800793,83.7683711546746
"286-5th-Ave,-Apt-1B,-Brooklyn,-NY-11215",36047013500,Brooklyn,42.94408597894595,29.760752645612616,17.22741931227928
"1260-Evergreen-Ave,-Unit-1,-Bronx,-NY-10472",36005005400,Bronx,50.47209238076345,57.78875904743011,66.75542571409679
"283-Pacific-St,-Unit-4,-Brooklyn,-NY-11201",36047004300,Brooklyn,34.990618855376724,17.41094279526335,8.877609461930014
"375-Dean-St,-Apt-1306,-Brooklyn,-NY-11217",36047012901,Brooklyn,28.56721831748613,15.53061712563524,7.997283792301908
"1559-Eastern-Pkwy,-Unit-2,-Brooklyn,-NY-11233",36047036300,Brooklyn,61.454836924382256,42.229714406535095,33.69638107320176
"375-Dean-St,-Apt-807,-Brooklyn,-NY-11217",36047012901,Brooklyn,28.56721831748613,15.53061712563524,7.997283792301908
"375-Dean-St,-Apt-1406,-Brooklyn,-NY-11217",36047012901,Brooklyn,28.56721831748613,15.53061712563524,7.997283792301908
"505-State-St,-Apt-16H,-Brooklyn,-NY-11217",36047003900,Brooklyn,30.85429848969021,15.543002109479945,8.009668776146613
"108-17-72nd-Ave,-Unit-3D,-Queens,-NY-11375",36081073700,Queens,30.32346528745849,46.14013195412516,52.10679862079182
"375-Dean-St,-Apt-804,-Brooklyn,-NY-11217",36047012901,Brooklyn,28.56721831748613,15.53061712563524,7.997283792301908
"1152-1156-Colgate-Ave,-Bronx,-NY-10472",36005005200,Bronx,49.58195522755975,56.89862189422641,65.86528856089308
"395-Carroll-St,-Brooklyn,-NY-11231",36047007500,Brooklyn,41.243127401116254,30.559794067782924,20.24495444816996
"181-Park-Ave,-Brooklyn,-NY-11205",36047021100,Brooklyn,42.36540232827759,29.93318481101052,22.39985147767719
"1228-Flatbush-Ave,-Unit-2,-Brooklyn,-NY-11226",36047051601,Brooklyn,50.85406798384297,42.17073465050964,33.18843357253629
"523A-Hancock-St,-Unit-3,-Brooklyn,-NY-11233",36047029500,Brooklyn,50.53833574376552,34.35500241043219,29.346000212675342
"6-Brevoort-Pl,-Apt-3,-Brooklyn,-NY-11216",36047024700,Brooklyn,43.09299112814672,26.90965779481338,17.87632446148005
"1353-Castle-Hill-Ave,-Bronx,-NY-10462",36005022200,Bronx,51.70517528012304,60.021841946789706,63.988508613456375
"1651-Bogart-Ave,-Bronx,-NY-10462",36005024400,Bronx,72.33433688393328,71.79850280620407,81.76516947287072
"150-4th-Ave,-Apt-7A,-Brooklyn,-NY-11217",36047012700,Brooklyn,35.35970642900093,22.567235699230764,15.033902365897433
"897-New-York-Ave,-Unit-1R,-Brooklyn,-NY-11203",36047081800,Brooklyn,52.41468291543356,33.23134958210023,25.69801624876689
"1815-Putnam-Ave,-Apt-C3,-Queens,-NY-11385",36081055100,Queens,42.20106188942406,41.51772855609072,43.80843610541235
"123-Linden-Blvd,-Apt-24G,-Brooklyn,-NY-11226",36047082200,Brooklyn,46.76426755631756,36.16921173360251,28.635878400269178
"1665-Brooklyn-Ave,-Apt-3B,-Brooklyn,-NY-11210",36047078400,Brooklyn,61.82392073897685,42.64058740564352,35.107254072310184
"255-18th-St,-Apt-105,-Brooklyn,-NY-11215",36047014300,Brooklyn,45.963869774066566,32.78053644073324,20.2472031073999
"16-Dupont-St,-Apt-4F,-Brooklyn,-NY-11222",36047056302,Brooklyn,30.41723779254921,41.73390445921588,39.96911538877124
"836-Bergen-St,-Unit-207,-Brooklyn,-NY-11238",36047030500,Brooklyn,47.58110691301535,31.397773579682013,22.36444024634868
"30-St-James-Pl,-Unit-COMMERCIAL1,-Brooklyn,-NY-11205",36047019700,Brooklyn,38.54973785602062,25.366404522687283,19.33307118935395
"1270-New-York-Ave,-Apt-503,-Brooklyn,-NY-11203",36047083000,Brooklyn,56.29062051629638,37.10728718296305,29.573953849629717
"1154-Gates-Ave,-Apt-1L,-Brooklyn,-NY-11221",36047039900,Brooklyn,38.177525527357226,37.49419219402389,37.46085886069056
"282-E-32nd-St,-Apt-3D,-Brooklyn,-NY-11226",36047082600,Brooklyn,53.43816414448701,34.254830811153674,26.721497477820343
"1538-New-York-Ave,-Apt-5F,-Brooklyn,-NY-11210",36047078602,Brooklyn,58.94824620213959,39.76491286880626,32.23157953547293
"19-E-31st-St,-Apt-4B,-Brooklyn,-NY-11226",36047082400,Brooklyn,50.00259362073834,30.819260287405005,23.28592695407167
"282-E-32nd-St,-Apt-2A,-Brooklyn,-NY-11226",36047082600,Brooklyn,53.43816414448701,34.254830811153674,26.721497477820343
"595-Myrtle-Ave,-Apt-4A,-Brooklyn,-NY-11205",36047019100,Brooklyn,44.24078879494541,34.05745546161208,28.024122128278744
"2-26-50th-Ave,-Unit-7A,-Queens,-NY-11101",36081000101,Queens,20.496637956602104,31.81330462326877,37.77997128993544
"38-Nostrand-Ave,-Apt-2,-Brooklyn,-NY-11205",36047123700,Brooklyn,35.81297942317294,33.62964608983961,27.59631275650628
"180-Franklin-Ave,-Apt-103,-Brooklyn,-NY-11205",36047023500,Brooklyn,42.376839154026165,32.70070474782664,26.66737141449331
"25-16-37th-Ave,-Unit-4B,-Queens,-NY-11101",36081005100,Queens,28.44528854078602,40.50263926336415,46.46930593003082
"25-16-37th-Ave,-Unit-3A,-Queens,-NY-11101",36081005100,Queens,28.44528854078602,40.50263926336415,46.46930593003082
"1734-Nostrand-Ave,-Unit-3B,-Brooklyn,-NY-11226",36047082600,Brooklyn,52.43229764282459,33.24896430949126,25.715630976157925
"25-16-37th-Ave,-Unit-2E,-Queens,-NY-11101",36081005100,Queens,28.44528854078602,40.50263926336415,46.46930593003082
"88-Linden-Blvd,-Apt-5A,-Brooklyn,-NY-11226",36047082200,Brooklyn,46.01511234494341,37.16920438954657,27.411310679238472
"25-16-37th-Ave,-Unit-4D,-Queens,-NY-11101",36081005100,Queens,28.44528854078602,40.50263926336415,46.46930593003082
"25-16-37th-Ave,-Unit-3C,-Queens,-NY-11101",36081005100,Queens,28.44528854078602,40.50263926336415,46.46930593003082
"518-86th-St,-Fl-3,-Brooklyn,-NY-11209",36047016000,Brooklyn,53.088486505978686,40.40515317264535,33.87181983931202
"97-Glenmore-Retail-Ave,---1,-Brooklyn,-NY-11212",36047090800,Brooklyn,51.35907455360364,38.89104963025455,35.35771629692122
"180-Franklin-Ave,-Apt-209,-Brooklyn,-NY-11205",36047023500,Brooklyn,42.376839154026165,32.70070474782664,26.66737141449331
"45-E-95th-St,-Unit-1F,-Brooklyn,-NY-11212",36047088400,Brooklyn,54.31291716341969,32.69228649755147,24.158953164218136
"97-Glenmore-Retail-Ave,---3,-Brooklyn,-NY-11212",36047090800,Brooklyn,51.35907455360364,38.89104963025455,35.35771629692122
"68-Gold-St,-Apt-3K,-Brooklyn,-NY-11201",36047002100,Brooklyn,31.470725598444638,23.103119049491564,16.754058931777966
"527-Grand-Ave,-Apt-901,-Brooklyn,-NY-11238",36047030500,Brooklyn,46.29336752763019,30.265899991884638,21.232566658551303
"891-Bergen-St,-Apt-1L,-Brooklyn,-NY-11238",36047030500,Brooklyn,46.72284847715251,30.53951514381918,21.506181810485845
"63-Duffield-St,-Apt-2R,-Brooklyn,-NY-11201",36047001501,Brooklyn,35.737255430626256,20.37007493659522,11.836741603261888
"620-Parkside-Ave,-Apt-1B,-Brooklyn,-NY-11226",36047082000,Brooklyn,48.23893294171821,30.314427084307127,22.781093750973795
"1635-Prospect-Pl,-Apt-1,-Brooklyn,-NY-11233",36047035900,Brooklyn,56.22956652944743,38.95421780088815,31.420884467554817
"876-Bergen-St,-Apt-6F,-Brooklyn,-NY-11238",36047030500,Brooklyn,47.28198806345952,30.517042848239274,21.68364355966851
"424-E-162nd-St,-Apt-2W,-Bronx,-NY-10451",36005014100,Bronx,53.31643552437664,57.133102191043314,64.09976885770998
"2008-Fulton-St,-Apt-B1,-Brooklyn,-NY-11233",36047030100,Brooklyn,49.47178339245907,34.27647305214386,25.24313971881053
"68-Halsey-St,-Apt-2,-Brooklyn,-NY-11216",36047024500,Brooklyn,38.86964246549281,22.68630913215948,17.152975798826148
"1283-Nostrand-Ave,-Apt-2R,-Brooklyn,-NY-11226",36047080400,Brooklyn,47.58603455499898,28.40270122166565,20.86936788833232
"1042-President-St,-Apt-5F,-Brooklyn,-NY-11225",36047032500,Brooklyn,42.60779309880109,23.42445976546776,15.891126432134424
"43-Kingston-Ave,-Apt-1A,-Brooklyn,-NY-11213",36047027100,Brooklyn,45.22994894815255,29.04661561481921,20.01328228148588
"1499-Bedford-Ave,-Apt-5G,-Brooklyn,-NY-11216",36047021900,Brooklyn,43.31034684136903,24.127013508035706,16.593680174702367
"375-Myrtle-Ave,-Unit-5E,-Brooklyn,-NY-11205",36047018700,Brooklyn,40.48454852106897,26.690741535704756,19.157408202371418
"845-55th-St,-Apt-3B,-Brooklyn,-NY-11220",36047010602,Brooklyn,57.59121771237205,39.80493710835215,32.27160377501881
"50-Commercial-St,---3F,-Brooklyn,-NY-11222",36047005900,Brooklyn,49.65659374861095,38.97326041527762,29.939927081944287
"47-05-Center-Blvd,-Unit-805,-Queens,-NY-11109",36081000102,Queens,21.51169685239385,32.82836351906052,38.79503018572719
"23-10-41st-Ave,-Unit-17A,-Queens,-NY-11101",36081003301,Queens,22.423569603619278,34.07076311403581,40.03742978070248
"175-Kent-Ave,-Apt-617,-Brooklyn,-NY-11249",36047055500,Brooklyn,31.589569239035065,30.90623590570173,36.3729025723684
"130-2nd-St,-Apt-3A,-Brooklyn,-NY-11231",36047007700,Brooklyn,40.2558783952469,29.57254506191357,20.53921172858024
"492-Linwood-St,-Unit-3,-Brooklyn,-NY-11208",36047116600,Brooklyn,49.89022787896541,42.20689454563208,33.173561212298736
"475-Clermont-Ave,-Apt-215,-Brooklyn,-NY-11238",36047019900,Brooklyn,39.703242787680026,25.04982102598384,16.277842026564237
"205-76th-St,-Apt-2,-Brooklyn,-NY-11209",36047006600,Brooklyn,53.85278007799924,41.16944674466591,34.636113411332566
"1512-Nostrand-Ave,-Unit-1,-Brooklyn,-NY-11226",36047082400,Brooklyn,50.65091607507288,31.467582741739538,23.93424940840621
"196-W-9th-St,-Brooklyn,-NY-11231",36047007700,Brooklyn,39.51483972606732,28.83150639273398,19.79817305940065
"1020-Rogers-Ave,---7E,-Brooklyn,-NY-11226",36047079202,Brooklyn,54.18109081557351,34.99775748224018,27.464424148906843
"645-Park-Pl,-Apt-4J,-Brooklyn,-NY-11216",36047021900,Brooklyn,44.74238355267968,25.55905021934635,18.02571688601301
"540-9th-St,-Apt-3,-Brooklyn,-NY-11215",36047016700,Brooklyn,42.1692231512603,31.485889817926967,22.452556484593632
"91-E-54th-St,-Unit-2R,-Brooklyn,-NY-11203",36047086600,Brooklyn,64.50277502326077,42.81944168992744,34.286108356594106
"9611-Church-Ave,-Unit-3F,-Brooklyn,-NY-11212",36047089000,Brooklyn,61.39933938787452,39.71600605454118,30.68267272120785
"5627-2nd-St,-Apt-3304,-Queens,-NY-11101",36081000101,Queens,26.7913135045197,38.10798017118636,44.07464683785303
"22-44-Jackson-Ave,-Unit-4701,-Queens,-NY-11101",36081001901,Queens,17.766130141787112,32.11461259161181,37.61321005345295
"1730-Harrison-Ave,-Apt-4N,-Bronx,-NY-10453",36005021502,Bronx,44.898000087241805,53.14193830748061,57.10860497414728
"660-Williams-Ave,-Unit-1,-Brooklyn,-NY-11207",36047113200,Brooklyn,51.99578348264536,43.4797031656906,33.27911681597869
"3900-Greystone-Ave,-Apt-32F,-Bronx,-NY-10463",36005033500,Bronx,55.06833068691416,65.38499735358083,72.35166402024748
"54-Lott-St,-Apt-3,-Brooklyn,-NY-11226",36047079400,Brooklyn,49.1929870888519,36.01052865982006,28.47719532648673
"1515-Surf-Ave,-Apt-927,-Brooklyn,-NY-11224",36047034800,Brooklyn,64.39286182977851,50.70952849644518,41.17619516311185
"3870-Sedgwick-Ave,-Unit-3D,-Bronx,-NY-10463",36005040900,Bronx,55.84253231241722,66.15919897908388,73.12586564575055
"3870-Sedgwick-Ave,-Unit-2F,-Bronx,-NY-10463",36005040900,Bronx,55.98817566955595,66.30484233622262,73.27150900288929
"3870-Sedgwick-Ave,-Unit-6B,-Bronx,-NY-10463",36005040900,Bronx,55.84253231241722,66.15919897908388,73.12586564575055
"3870-Sedgwick-Ave,-Unit-5A,-Bronx,-NY-10463",36005040900,Bronx,55.84253231241722,66.15919897908388,73.12586564575055
"247-N-7th-St,---2-_708,-Brooklyn,-NY-11211",36047051900,Brooklyn,26.028801261267454,25.34546792793412,30.812134594600785
"1042-Atlantic-Ave,-Unit-901,-Brooklyn,-NY-11238",36047030500,Brooklyn,44.0552298181716,27.87189648483827,18.83856315150494
"37-Bridge-St,-Ph-B,-Brooklyn,-NY-11201",36047002100,Brooklyn,30.912162350830663,22.5357628045215,16.195495684163994
"142-W-175th-St,-Unit-1,-Bronx,-NY-10453",36005020501,Bronx,53.58227253764802,59.02420068241513,62.9908673490818
"54-Noll-St,-Apt-844,-Brooklyn,-NY-11206",36047039100,Brooklyn,36.73934658369822,31.55601325036489,36.52267991703156
"54-Noll-St,-Apt-437,-Brooklyn,-NY-11206",36047039100,Brooklyn,36.73934658369822,31.55601325036489,36.52267991703156
"880-Atlantic-Ave,-Apt-7L,-Brooklyn,-NY-11238",36047020300,Brooklyn,41.32149258060533,25.138159247272,16.104825913938665
"30-07-Astoria-Blvd,-Queens,-NY-11102",36081006900,Queens,30.911101883201905,40.72776854986857,46.69443521653524
"65-Dupont-St,-Apt-112,-Brooklyn,-NY-11222",36047056301,Brooklyn,27.54244247229697,38.85910913896364,38.911721286390325
"88-Linden-Blvd,-Apt-8E,-Brooklyn,-NY-11226",36047082200,Brooklyn,46.01511234494341,37.16920438954657,27.411310679238472
"550-Jamaica-Ave,-Unit-1,-Brooklyn,-NY-11208",36047117202,Brooklyn,50.78232247288019,45.568622583286086,40.56565580621352
"2736-Fenton-Ave,-Bronx,-NY-10469",36005036000,Bronx,65.523068137361,70.33973480402766,79.30640147069433
"550-Jamaica-Ave,-Unit-2,-Brooklyn,-NY-11208",36047117202,Brooklyn,50.78232247288019,45.568622583286086,40.56565580621352
"22-51-45th-St,-Unit-4J,-Queens,-NY-11105",36081013700,Queens,45.7669503434886,55.58361701015527,61.550283676821934
"1-Blue-Slip,-Apt-1A,-Brooklyn,-NY-11222",36047056302,Brooklyn,27.35978950103654,38.67645616770321,41.49344998243138
"4-87-Seneca-Ave-Unit-G,-Queens,-NY-11385",36081054500,Queens,41.6280804158104,40.94474708247707,44.887753042172456
"146-S-4th-St,-Apt-6F,-Brooklyn,-NY-11211",36047054900,Brooklyn,33.356064004103594,29.67273067077026,34.639397337436925
"225-Victory-Blvd,-Unit-2ND,-Staten-Island,-NY-10301",36085001100,Staten Island,85.30104730088584,67.01771396755251,68.03438063421918
"3000-Ocean-Pkwy,-Brooklyn,-NY-11235",36047035602,Brooklyn,59.54009811317594,50.8567647798426,36.32343144650927
"104-40-Queens-Blvd,-Unit-3D,-Queens,-NY-11375",36081071305,Queens,34.5677024238338,50.38436909050047,56.35103575716713
"3616-Clarendon-Rd,-Unit-2,-Brooklyn,-NY-11203",36047083200,Brooklyn,59.49978610113256,40.31645276779922,32.78311943446589
"1524-Sheepshead-Bay-Rd,-Apt-18J,-Brooklyn,-NY-11235",36047060600,Brooklyn,51.05269972516797,42.86936639183464,29.336033058501304
"104-40-Queens-Blvd,-Unit-03D,-Queens,-NY-11375",36081071305,Queens,34.5677024238338,50.38436909050047,56.35103575716713
"699-Hinsdale-St,-Apt-1,-Brooklyn,-NY-11207",36047109800,Brooklyn,52.46379782818601,46.15810252577443,33.74713116151934
"235-E-91st-St,-Unit-1,-Brooklyn,-NY-11212",36047088200,Brooklyn,60.13191756804432,38.448584234710985,29.91525090137765
"247-N-7th-St,-Apt-615,-Brooklyn,-NY-11211",36047051900,Brooklyn,26.088284009226125,25.404950675892792,30.871617342559457
"1524-Sheepshead-Bay-Rd,-Apt-17K,-Brooklyn,-NY-11235",36047060600,Brooklyn,51.05269972516797,42.86936639183464,29.336033058501304
"1222-Flatbush-Ave,-Unit-1,-Brooklyn,-NY-11226",36047051601,Brooklyn,50.771711916861015,42.08837858352768,33.32572006536227
"122-Westervelt-Ave,-Unit-1,-Staten-Island,-NY-10301",36085000700,Staten Island,82.01920113914962,63.73586780581629,64.75253447248295
"1410-Lincoln-Pl,-Unit-Ph,-Brooklyn,-NY-11213",36047034901,Brooklyn,46.29886952112364,27.115536187790305,19.58220285445697
"404-Logan-St,-Unit-1,-Brooklyn,-NY-11208",36047119200,Brooklyn,53.56642835751016,39.46737254173926,35.93403920840593
"179-Newport-St,-Apt-2,-Brooklyn,-NY-11212",36047091600,Brooklyn,58.235335106907336,36.552001773574005,28.01866844024067
"44-Decatur-St,-Unit-2,-Brooklyn,-NY-11216",36047026900,Brooklyn,43.65980153295104,27.476468199617692,18.443134866284364
"44-Decatur-St,-Unit-1,-Brooklyn,-NY-11216",36047026900,Brooklyn,43.65980153295104,27.476468199617692,18.443134866284364
"7910-4th-Ave,-Unit-5R,-Brooklyn,-NY-11209",36047006400,Brooklyn,50.4513241851359,37.767990851802566,31.234657518469238
"690-Halsey-St,-Unit-2,-Brooklyn,-NY-11233",36047038300,Brooklyn,44.90935257401796,34.72038903775821,30.18705570442488
"1072-Deans-St,-Unit-1072,-Brooklyn,-NY-11216",36047022100,Brooklyn,45.17582920839708,28.99249587506374,22.411808952557408
"1042-Atlantic-Ave,-Ph-2G,-Brooklyn,-NY-11238",36047030500,Brooklyn,44.0552298181716,27.87189648483827,18.83856315150494
"584-New-Jersey-Ave,-Brooklyn,-NY-11207",36047112600,Brooklyn,57.0724524753006,36.55488523502426,27.521551901690927
"1042-Atlantic-Ave,-Ph-1H,-Brooklyn,-NY-11238",36047030500,Brooklyn,44.0552298181716,27.87189648483827,18.83856315150494
"1042-Atlantic-Unit-Ave,-Ph-2G,-Brooklyn,-NY-11238",36047030500,Brooklyn,44.0552298181716,27.87189648483827,18.83856315150494
"586-Gerard-Ave,-Unit-5R,-Bronx,-NY-10451",36005006301,Bronx,38.533669593911526,42.85033626057819,46.98107643737969
"98-10-63rd-Rd,-Unit-1105,-Queens,-NY-11374",36081071900,Queens,41.16444487944349,55.48111154611015,62.94777821277682
"98-10-63rd-Rd,-Unit-402,-Queens,-NY-11374",36081071900,Queens,41.16444487944349,55.48111154611015,62.94777821277682
"98-10-63rd-Rd,-Unit-1502,-Queens,-NY-11374",36081071900,Queens,41.16444487944349,55.48111154611015,62.94777821277682
"2385-3rd-Ave,-Unit-C1934,-Bronx,-NY-10451",36005005100,Bronx,40.52627586593031,43.34294253259698,49.30960919926364
"2385-3rd-Ave,-Unit-C1734,-Bronx,-NY-10451",36005005100,Bronx,40.52627586593031,43.34294253259698,49.30960919926364
"2385-3rd-Ave,-Unit-A2416,-Bronx,-NY-10451",36005005100,Bronx,40.52627586593031,43.34294253259698,49.30960919926364
"175-72nd-St,-Unit-2,-Brooklyn,-NY-11209",36047003600,Brooklyn,54.69832461601708,42.01499128268374,35.48165794935041
"1333-Broadway,-Unit-1106,-Brooklyn,-NY-11221",36047039700,Brooklyn,35.35533890061084,34.67200556727751,34.63867223394417
"1333-Broadway,-Unit-609,-Brooklyn,-NY-11221",36047039700,Brooklyn,35.449330528481184,34.765997195147854,34.73266386181452
"1333-Broadway,-Unit-1205,-Brooklyn,-NY-11221",36047039700,Brooklyn,35.449330528481184,34.765997195147854,34.73266386181452
"1333-Broadway,-Unit-501,-Brooklyn,-NY-11221",36047039700,Brooklyn,35.449330528481184,34.765997195147854,34.73266386181452
"1333-Broadway,-Unit-605,-Brooklyn,-NY-11221",36047039700,Brooklyn,35.449330528481184,34.765997195147854,34.73266386181452
"1333-Broadway,-Unit-604,-Brooklyn,-NY-11221",36047039700,Brooklyn,35.449330528481184,34.765997195147854,34.73266386181452
"1333-Broadway,-Unit-1104,-Brooklyn,-NY-11221",36047039700,Brooklyn,35.449330528481184,34.765997195147854,34.73266386181452
"1333-Broadway,-Unit-1602,-Brooklyn,-NY-11221",36047039700,Brooklyn,35.35533890061084,34.67200556727751,34.63867223394417
"1333-Broadway,-Unit-1105,-Brooklyn,-NY-11221",36047039700,Brooklyn,35.449330528481184,34.765997195147854,34.73266386181452
"4815-6th-Ave,-Unit-1,-Brooklyn,-NY-11220",36047009800,Brooklyn,49.04217215281653,36.3588388194832,29.82550548614987
"55-Willoughby-St,-Unit-28C,-Brooklyn,-NY-11201",36047001100,Brooklyn,28.626148845484057,13.772895316056273,5.2395619827229405
"405-Halsey-St,-Unit-2,-Brooklyn,-NY-11233",36047027500,Brooklyn,50.98364062406541,34.80030729073208,26.053191020897284
"1984-Daly-Ave,-Unit-2,-Bronx,-NY-10460",36005036300,Bronx,56.15984478280655,61.97651144947322,66.94317811613989
"1468-Minford-Pl,-Bronx,-NY-10460",36005015500,Bronx,53.42444982841727,59.741116495083936,64.2077831617506
"14-Saint-Andrews-Pl,-Apt-2,-Brooklyn,-NY-11216",36047027100,Brooklyn,46.36374561526737,30.180412281934032,21.1470789486007
"2741-Stillwell-Ave,-Brooklyn,-NY-11224",36047034800,Brooklyn,66.77980777680396,53.09647444347063,43.5631411101373
"10113-Flatlands-Ave,-Brooklyn,-NY-11236",36047097400,Brooklyn,58.0891887744166,52.40585544108327,39.37252210774993
"880-Atlantic-Ave,-Apt-8D,-Brooklyn,-NY-11238",36047020300,Brooklyn,41.32149258060533,25.138159247272,16.104825913938665
"137-Nevins-St,-Unit-Commercial,-Brooklyn,-NY-11217",36047003900,Brooklyn,34.11087676665388,19.50036895270039,11.967035619367058
"500-Degraw-St,-Apt-221,-Brooklyn,-NY-11217",36047007500,Brooklyn,41.0025583640262,28.25638689986801,20.72305356653468
"89-Dekalb-Ave,-Apt-28G,-Brooklyn,-NY-11201",36047003101,Brooklyn,28.240536110095192,14.524299245338268,6.990965912004935
"586-Gerard-Ave,-Bronx,-NY-10451",36005006301,Bronx,38.533669593911526,42.85033626057819,46.98107643737969
"380-Saint-Marks-Pl,-Unit-1,-Staten-Island,-NY-10301",36085000300,Staten Island,74.32286313854938,56.03952980521605,57.05619647188272
"618-Rathbun-Ave,-Unit-2,-Staten-Island,-NY-10312",36085020804,Staten Island,107.57332732359342,91.88999399026008,91.85666065692676
"29-18-Hoyt-Ave-S,-Queens,-NY-11102",36081006900,Queens,30.78103498306979,40.59770164973646,46.564368316403126
"902-Rogers-Ave,-Apt-3F,-Brooklyn,-NY-11226",36047079400,Brooklyn,52.03527618784537,34.7558008263841,27.22246749305077
"19-23-Foster-Rd,-Staten-Island,-NY-10309",36085020804,Staten Island,101.48344399401326,85.80011066067992,85.76677732734659
"207-Prospect-Park-SW,---Pmu,-Brooklyn,-NY-11218",36047050401,Brooklyn,47.56609698787866,36.88276365454533,27.849430321212
"23-02-29th-St,-Queens,-NY-11105",36081011500,Queens,34.37463757044273,44.1913042371094,50.15797090377607
"1204-Bay-St,-Unit-1,-Staten-Island,-NY-10305",36085000800,Staten Island,97.89752755052356,82.21419421719021,82.18086088385688
"91-Bruckner-Blvd,-Apt-105,-Bronx,-NY-10454",36005001902,Bronx,43.10327296387191,48.41993963053858,55.38660629720525
"86-Notre-Dame-Ave,-Unit-1,-Staten-Island,-NY-10308",36085014604,Staten Island,98.06790790951896,82.38457457618561,82.35124124285228
"297-Clifton-Pl,-Apt-2,-Brooklyn,-NY-11216",36047024300,Brooklyn,36.15361680612315,27.97028347278982,21.936950139456485
"3550-Palmer-Ave,-Apt-2,-Bronx,-NY-10466",36005048401,Bronx,68.153448629113,72.97011529577966,81.93678196244633
"1269-Remsen-Ave,-Unit-2,-Brooklyn,-NY-11236",36047096600,Brooklyn,65.94440287020522,60.26106953687189,47.22773620353856
"5-Lincoln-Ave,-Unit-W1705,-Bronx,-NY-10454",36005001901,Bronx,41.11754466858168,43.93421133524835,49.90087800191501
"34-35-44th-St,-Queens,-NY-11101",36081015900,Queens,29.14100209336443,39.4576687600311,46.924335426697766
"504-Sackett-St,-Apt-1601,-Brooklyn,-NY-11231",36047007500,Brooklyn,41.65856512483869,29.614682785642795,20.51045748355036
"445-Gerard-Ave,-Unit-W1006,-Bronx,-NY-10451",36005006301,Bronx,38.66885847715871,42.50343880093268,46.62575779050477
"319-Broadway,-Brooklyn,-NY-11211",36047052700,Brooklyn,26.22744904069633,22.544115707363,27.510782374029663
"280-Targee-St,-Apt-1,-Staten-Island,-NY-10304",36085002900,Staten Island,99.72282216447428,84.03948883114093,84.0061554978076
"2050-Strauss-St,-Unit-2,-Brooklyn,-NY-11212",36047089800,Brooklyn,56.0664268490201,34.38309351568676,25.34976018235343
"5-E10-St,-Unit-1,-Brooklyn,-NY-11218",36047050600,Brooklyn,47.88906630071147,39.20573296737814,27.672399634044805
"420-Kent-Ave,-Ste-7,-Brooklyn,-NY-11249",36047054700,Brooklyn,40.29140888200359,36.60807554867026,41.57474221533692
"1270-Bay-St,-Staten-Island,-NY-10305",36085000800,Staten Island,100.89489792637733,85.21156459304397,85.17823125971064
"54-Crown-Unit-St,-Ph-13,-Brooklyn,-NY-11225",36047021300,Brooklyn,43.96957212889824,26.078672002479543,18.54533866914621
"5-E10-St,-Unit-2,-Brooklyn,-NY-11218",36047050600,Brooklyn,47.88906630071147,39.20573296737814,27.672399634044805
"54-Crown-St,-Ph-13,-Brooklyn,-NY-11225",36047021300,Brooklyn,43.96957212889824,26.078672002479543,18.54533866914621
"54-Crown-St,-Ph-9,-Brooklyn,-NY-11225",36047021300,Brooklyn,43.96957212889824,26.078672002479543,18.54533866914621
"54-Crown-St,-Apt-1412,-Brooklyn,-NY-11225",36047021300,Brooklyn,43.96957212889824,26.078672002479543,18.54533866914621
"54-Crown-St,-Apt-1121,-Brooklyn,-NY-11225",36047021300,Brooklyn,43.96957212889824,26.078672002479543,18.54533866914621
"6343-Amboy-Rd,-Unit-3,-Staten-Island,-NY-10309",36085022601,Staten Island,101.50653655925557,85.82320322592223,85.7898698925889
"180-Montague-St,-Apt-4G,-Brooklyn,-NY-11201",36047000900,Brooklyn,30.388464849213427,12.525790999934811,3.9924576666014775
"349-E-193rd-St,-Bronx,-NY-10458",36005039901,Bronx,43.26204400618005,61.07871067284671,70.22732747824611
"207-Ocean-Pkwy,-Ste-1J,-Brooklyn,-NY-11218",36047049400,Brooklyn,51.6950217100409,42.592552783347934,33.559219450014595
"137-Meserole-St,-Apt-1,-Brooklyn,-NY-11206",36047050500,Brooklyn,32.7544695979133,32.07113626457997,33.02686102586728
"531-82nd-St,-Brooklyn,-NY-11209",36047013800,Brooklyn,55.2498462089279,42.56651287559456,36.03317954226123
"229-Parkville-Ave,-Unit-2H,-Brooklyn,-NY-11230",36047048200,Brooklyn,53.46123969453577,45.27790636120244,32.24457302786911
"3546-Huguenot-Ave,-Unit-2ND,-Bronx,-NY-10475",36005045600,Bronx,78.0311903896661,82.84785705633276,91.81452372299944
"272-New-Jersey-Ave,-Brooklyn,-NY-11207",36047114400,Brooklyn,46.85765257644256,39.17431924310923,30.140985909775896
"1449-Longfellow-Ave,-Bronx,-NY-10459",36005012300,Bronx,51.96589348523536,58.282560151902025,62.74922681856869
"841-E-216th-St,-Bronx,-NY-10467",36005039000,Bronx,72.2369116307935,71.55357829746018,81.52024496412683
"225-Thomas-S-Boyland-St,---3,-Brooklyn,-NY-11233",36047030100,Brooklyn,48.16074379161358,35.19126702614732,26.157933692813987
"55-Paseo-Pl,-Apt-304,-Brooklyn,-NY-11217",36047012901,Brooklyn,34.991499650299446,21.68147331567144,14.1481399823381
"55-Paseo-Pl,-Apt-322,-Brooklyn,-NY-11217",36047012901,Brooklyn,34.991499650299446,21.68147331567144,14.1481399823381
"55-Paseo-Pl,-Apt-233,-Brooklyn,-NY-11217",36047012901,Brooklyn,34.99021746407318,21.68020853436177,14.146875201028438
"1216-Nostrand-Ave,-Unit-3,-Brooklyn,-NY-11225",36047080200,Brooklyn,47.60582050747755,28.422487174144223,20.889153840810888
"601-E-19th-St,-Apt-4B,-Brooklyn,-NY-11226",36047051800,Brooklyn,46.311285107466894,38.12795177413356,25.094618440800225
"532-Neptune-Ave,-Brooklyn,-NY-11224",36047035400,Brooklyn,66.29895796330894,55.6156246299756,43.29237082929836
"3480-Seymour-Ave,-Apt-1B,-Bronx,-NY-10469",36005038600,Bronx,74.52498785570853,79.3416545223752,88.30832118904186
"47-18-39th-Pl,-Unit-1,-Queens,-NY-11104",36081018900,Queens,28.06254890734556,39.37921557401223,45.34588224067889
"5-Lincoln-Ave,-Unit-N847,-Bronx,-NY-10454",36005001901,Bronx,41.11754466858168,43.93421133524835,49.90087800191501
"118-Winter-Ave,-Unit-1ST,-Staten-Island,-NY-10301",36085001100,Staten Island,85.13479256402663,66.8514592306933,67.86812589735996
"37-34-33-St,-Unit-7F,-Queens,-NY-11101",36081005500,Queens,24.73814065327971,35.05480731994638,42.521473986613046
"91-Bruckner-Blvd,-Bronx,-NY-10454",36005001902,Bronx,43.10327296387191,48.41993963053858,55.38660629720525
"72-Willoughby-St,-Apt-4E,-Brooklyn,-NY-11201",36047001100,Brooklyn,29.870123533115443,15.22829271118031,6.6949593778469785
"70-Howard-Ave,-Brooklyn,-NY-11221",36047037500,Brooklyn,40.46741555347276,35.23046655422492,34.52058194926231
"240-3rd-Ave,-Apt-6D,-Brooklyn,-NY-11217",36047011901,Brooklyn,40.04376922270512,27.356581610512176,15.23187857179748
"315-87th-St,-Brooklyn,-NY-11209",36047006000,Brooklyn,51.64990226383584,38.9665689305025,32.433235597169165
"498-Court-St,---3,-Brooklyn,-NY-11231",36047006500,Brooklyn,41.06001426934238,30.376680936009056,21.343347602675724
"55-Paseo-Pl,-Apt-305,-Brooklyn,-NY-11217",36047012901,Brooklyn,34.99021746407318,21.68020853436177,14.146875201028438
"55-Paseo-Pl,-Apt-502,-Brooklyn,-NY-11217",36047012901,Brooklyn,34.99021746407318,21.68020853436177,14.146875201028438
"55-Paseo-Pl,-Ph-6,-Brooklyn,-NY-11217",36047012901,Brooklyn,34.990737097332286,21.68073970472329,14.147406371389955
"5-Lincoln-Ave,-Unit-W2302,-Bronx,-NY-10454",36005001901,Bronx,41.11754466858168,43.93421133524835,49.90087800191501
"412-Evergreen-Ave,-Apt-4C,-Brooklyn,-NY-11221",36047039500,Brooklyn,40.35054557299548,35.66206354994447,39.63387890632882
"5-Lincoln-Ave,-Unit-W1C,-Bronx,-NY-10454",36005001901,Bronx,41.11754466858168,43.93421133524835,49.90087800191501
"310-Clarkson-Ave,-Apt-605,-Brooklyn,-NY-11226",36047081800,Brooklyn,48.74578427788154,29.56245094454821,22.029117611214875
"310-Clarkson-Ave,-Apt-819,-Brooklyn,-NY-11226",36047081800,Brooklyn,48.74578427788154,29.56245094454821,22.029117611214875
"8-Palmetto-St,-Apt-305,-Brooklyn,-NY-11221",36047039700,Brooklyn,35.82864174896811,35.14530841563477,35.11197508230144
"46-09-11th-St,-Unit-5A,-Queens,-NY-11101",36081000702,Queens,19.014048302919136,33.55836864912537,36.46106532266924
"1042-Atlantic-Ave,-Apt-4P,-Brooklyn,-NY-11238",36047030500,Brooklyn,44.0552298181716,27.87189648483827,18.83856315150494
"146-S-4th-St,-Apt-4G,-Brooklyn,-NY-11211",36047054900,Brooklyn,33.356064004103594,29.67273067077026,34.639397337436925
"3407-Ave-I,-Brooklyn,-NY-11210",36047077600,Brooklyn,61.8617436353945,42.67841030206116,35.14507696872783
"91-Bruckner-Blvd,-Apt-710,-Bronx,-NY-10454",36005001902,Bronx,43.10327296387191,48.41993963053858,55.38660629720525
"1718-Melville-St,-Bronx,-NY-10460",36005024000,Bronx,54.18602078330085,57.00268744996752,66.9693541166342
"459-77th-St,-Unit-3,-Brooklyn,-NY-11209",36047013600,Brooklyn,49.3393741027503,36.65604076941697,30.122707436083637
"8608-3rd-Ave,-Brooklyn,-NY-11209",36047006000,Brooklyn,52.68561742801494,40.00228409468161,33.46895076134828
"1756-Bushwick-Ave,-Brooklyn,-NY-11207",36047114201,Brooklyn,42.60263497137494,36.29859839637854,32.38596830470827
"1100-Myrtle-Ave,---1402,-Brooklyn,-NY-11206",36047028700,Brooklyn,32.41541508239031,27.23208174905698,32.19874841572365
"409-Eastern-Pkwy,-Apt-610,-Brooklyn,-NY-11216",36047021900,Brooklyn,42.22888655015959,23.045553216826253,15.51221988349292
"31-Herkimer-St,-Unit-1,-Brooklyn,-NY-11216",36047024700,Brooklyn,39.35952132434833,23.176187991015,17.642854657681664
"2377-Belmont-Ave,-Bronx,-NY-10458",36005039100,Bronx,54.34219193525028,72.15885860191695,81.62552526858362
"462-3rd-Ave,-Unit-Storefront,-Brooklyn,-NY-11215",36047012100,Brooklyn,40.01503792774179,29.33170459440845,17.55530297696463
"122-Thomas-S-Boyland-St,-Apt-3,-Brooklyn,-NY-11233",36047037100,Brooklyn,43.1122946266933,36.76961907979621,27.736285746462865
"697-Dekalb-Ave,-Apt-4R,-Brooklyn,-NY-11216",36047026100,Brooklyn,36.751868331349215,32.068534998015885,26.03520166468255
"1584-Fulton-St,---A,-Brooklyn,-NY-11213",36047027100,Brooklyn,47.26390661105338,31.08057327772004,22.04723994438671
"800-Flatbush-Ave,-Apt-722,-Brooklyn,-NY-11226",36047050803,Brooklyn,40.46611487843596,31.782781545102623,23.55002384190524
"663-E-94th-St,-Unit-1,-Brooklyn,-NY-11236",36047092800,Brooklyn,68.8810132230099,47.19767988967658,38.16434655634325
"663-E-94th-St,-Unit-3,-Brooklyn,-NY-11236",36047092800,Brooklyn,68.8810132230099,47.19767988967658,38.16434655634325
"2108-Regent-Pl,-Brooklyn,-NY-11226",36047051001,Brooklyn,46.84625368908158,38.16292035574825,26.629587022414917
"3410-De-Reimer-Ave,-Apt-6A,-Bronx,-NY-10475",36005046209,Bronx,65.58614861435952,70.4028152810262,79.36948194769285
"386-Chauncey-St,-Unit-2,-Brooklyn,-NY-11233",36047037100,Brooklyn,45.381990991818064,37.77604487081606,28.742711537482727
"386-Chauncey-St,-Unit-1,-Brooklyn,-NY-11233",36047037100,Brooklyn,45.15324576507635,37.66018805254269,28.98800277067208
"25-13-23rd-St,-Unit-2B,-Queens,-NY-11102",36081006900,Queens,38.96887328996346,48.78553995663013,54.7522066232968
"11-39-49th-Ave,-Unit-406,-Queens,-NY-11101",36081000701,Queens,17.290849784521317,28.607516451187983,34.57418311785465
"11-39-49th-Ave,-Unit-415,-Queens,-NY-11101",36081000701,Queens,17.41536535427277,28.732032020939435,34.698698687606104
"11-39-49th-Ave,-Unit-413,-Queens,-NY-11101",36081000701,Queens,17.290849784521317,28.607516451187983,34.57418311785465
"27-17-42nd-Rd,-Unit-15F,-Queens,-NY-11101",36081001902,Queens,18.184527464971705,32.550671640716104,38.517338307382765
"601-E-226th-St,-Unit-2,-Bronx,-NY-10466",36005040800,Bronx,70.86106048014018,70.17772714680684,80.14439381347351
"188-15th-St,-Apt-201,-Brooklyn,-NY-11215",36047014102,Brooklyn,43.87447221566275,30.691138882329412,18.15780554899608
"28-08-38th-Ave,-Unit-6D,-Queens,-NY-11101",36081003100,Queens,25.724309791008125,37.558128427350425,43.52479509401709
"137-Beach-126th-St,-Apt-1,-Queens,-NY-11694",36081093401,Queens,102.6435039318369,79.96017059850357,79.92683726517024
"240-3rd-Ave,-Apt-9AS,-Brooklyn,-NY-11217",36047011901,Brooklyn,40.04376922270512,27.356581610512176,15.23187857179748
"240-3rd-Ave,-Apt-5P,-Brooklyn,-NY-11217",36047011901,Brooklyn,40.04376922270512,27.356581610512176,15.23187857179748
"62-Box-St,-Unit-6A,-Brooklyn,-NY-11222",36047057901,Brooklyn,24.097392477653614,35.414059144320284,40.49253586114224
"187-Washington-Ave,-Unit-1,-Brooklyn,-NY-11205",36047019500,Brooklyn,44.83380663668904,31.650473303355707,25.61713997002237
"28-16-42nd-Rd,-Unit-13E,-Queens,-NY-11101",36081001902,Queens,17.64714148762073,32.4638081542874,38.93047482095406
"333-Beach-66-St,-Unit-1,-Queens,-NY-11692",36081096400,Queens,81.6857323270155,66.00239899368216,65.96906566034883
"1441-Broadway,-Apt-5B,-Queens,-NY-11106",36081007700,Queens,38.52323321147252,48.33989987813918,54.30656654480585
"1441-Broadway,-Apt-6B,-Queens,-NY-11106",36081007700,Queens,38.52323321147252,48.33989987813918,54.30656654480585
"540-Waverly-Ave,-Apt-5Q,-Brooklyn,-NY-11238",36047019900,Brooklyn,40.14802965924483,23.964696325911493,14.931362992578158
"816-Barbey-St,-Unit-2,-Brooklyn,-NY-11207",36047110400,Brooklyn,65.56951060593785,43.88617727260451,34.85284393927118
"82-77-116th-St,-Unit-1A,-Queens,-NY-11418",36081013400,Queens,45.2898471848118,61.10651385147846,60.798605055569375
"14-27-28th-Ave,-Queens,-NY-11102",36081008300,Queens,40.9948575141046,50.81152418077126,56.778190847437926
"21-07-Astoria-Blvd,-Unit-4E,-Queens,-NY-11102",36081006900,Queens,39.75660101569152,49.573267682358185,55.53993434902485
"45-30-Pearson-St,-Unit-12E,-Queens,-NY-11101",36081001901,Queens,17.498838466848884,31.5721130175238,36.25779478302821
"110-Grafton-St,-Brooklyn,-NY-11212",36047090000,Brooklyn,54.9601501574106,33.276816824077265,24.74348349074393
"249-Willoughby-Ave,-Apt-12E,-Brooklyn,-NY-11205",36047019300,Brooklyn,41.28155945339165,31.09822612005831,25.064892786724972
"409-Eastern-Pkwy,-Apt-311,-Brooklyn,-NY-11216",36047021900,Brooklyn,42.22888655015959,23.045553216826253,15.51221988349292
"393-Classon-Ave,-Unit-CML1,-Brooklyn,-NY-11238",36047023300,Brooklyn,36.79651421891083,26.61318088557749,20.57984755224416
"50-11-Queens-Blvd,-Unit-505,-Queens,-NY-11377",36081025302,Queens,28.17827844753309,39.49494511419975,45.46161178086642
"1441-Broadway,-Apt-7C,-Queens,-NY-11106",36081007700,Queens,38.52323321147252,48.33989987813918,54.30656654480585
"1441-Broadway,---A,-Queens,-NY-11106",36081007700,Queens,38.52323321147252,48.33989987813918,54.30656654480585
"1441-Broadway,-Apt-6C,-Queens,-NY-11106",36081007700,Queens,38.52323321147252,48.33989987813918,54.30656654480585
"11-39-49th-Ave,-Unit-703,-Queens,-NY-11101",36081000701,Queens,17.290849784521317,28.607516451187983,34.57418311785465
"11-39-49th-Ave,-Unit-838,-Queens,-NY-11101",36081000701,Queens,17.290849784521317,28.607516451187983,34.57418311785465
"11-39-49th-Ave,-Unit-409,-Queens,-NY-11101",36081000701,Queens,17.290849784521317,28.607516451187983,34.57418311785465
"11-39-49th-Ave,-Unit-519,-Queens,-NY-11101",36081000701,Queens,17.41536535427277,28.732032020939435,34.698698687606104
"11-39-49th-Ave,-Ph-6,-Queens,-NY-11101",36081000701,Queens,17.290849784521317,28.607516451187983,34.57418311785465
"737-Sheffield-Ave,-Apt-1R,-Brooklyn,-NY-11207",36047110400,Brooklyn,58.592511031103214,45.02064172459848,35.987308391265145
"2181-Strauss-St,-Apt-1R,-Brooklyn,-NY-11212",36047089800,Brooklyn,55.036992641917095,33.353659308583765,24.32032597525043
"293-Saratoga-Ave,-Apt-1,-Brooklyn,-NY-11233",36047030300,Brooklyn,51.95362654751636,38.62511724627574,29.59178391294241
"1869-Carter-Ave,-Apt-1,-Bronx,-NY-10457",36005023100,Bronx,39.420758087610494,57.23742475427717,66.70409142094383
"60-Wharf-Dr,-Apt-4012,-Brooklyn,-NY-11222",36047056100,Brooklyn,35.351869752735,39.021179036532615,41.56188615316166
"14-27-28th-Ave,-Unit-407,-Queens,-NY-11102",36081008300,Queens,40.9948575141046,50.81152418077126,56.778190847437926
"500-Degraw-St,-Apt-2109,-Brooklyn,-NY-11217",36047007100,Brooklyn,39.92125615844497,27.209048399585736,19.034085865819502
"500-Degraw-St,-Apt-219,-Brooklyn,-NY-11217",36047007100,Brooklyn,39.92125615844497,27.209048399585736,19.034085865819502
"240-N-7th-St,-Brooklyn,-NY-11211",36047051900,Brooklyn,24.500389940344707,23.817056607011374,29.28372327367804
"27-28-Thomson-Ave,-Unit-531,-Queens,-NY-11101",36081001901,Queens,18.658691007231763,33.60749719705735,36.9420243405651
"50-11-Queens-Blvd,-Unit-203,-Queens,-NY-11377",36081025302,Queens,28.17827844753309,39.49494511419975,45.46161178086642
"28-8-38th-Ave,-Unit-4G,-Queens,-NY-11101",36081003100,Queens,25.725365706551784,37.55683254082609,43.52349920749276
"28-8-38th-Ave,-Unit-5D,-Queens,-NY-11101",36081003100,Queens,25.725365706551784,37.55683254082609,43.52349920749276
"290-Jefferson-Ave,-Brooklyn,-NY-11216",36047026700,Brooklyn,45.110271244246256,28.92693791091292,23.393604577579588
"1135-E-224th-St,-Unit-2,-Bronx,-NY-10466",36005038600,Bronx,76.6085630029175,81.42522966958418,90.39189633625084
"35-64-85th-St,-Unit-2E,-Queens,-NY-11372",36081028100,Queens,28.30734341017007,45.62401007683673,53.5906767435034
"3180-Fish-Ave-Unit-Fish-Ave,-Apt-3,-Bronx,-NY-10469",36005036400,Bronx,63.08458402039354,67.90125068706021,76.86791735372688
"341-Herkimer-St,-Unit-3A,-Brooklyn,-NY-11216",36047027100,Brooklyn,44.247131038616224,28.06379770528289,19.03046437194956
"1441-Broadway,-Apt-5C,-Queens,-NY-11106",36081007700,Queens,38.52323321147252,48.33989987813918,54.30656654480585
"1441-Broadway,-Apt-4B,-Queens,-NY-11106",36081007700,Queens,38.52323321147252,48.33989987813918,54.30656654480585
"1441-Broadway,-Queens,-NY-11106",36081007700,Queens,38.52346037076536,48.34012703743202,54.30679370409869
"50-Varet-St,-Apt-4E,-Brooklyn,-NY-11206",36047049100,Brooklyn,33.90454206781534,33.22120873448201,33.19840955495037
"28-8-38th-Ave,-Queens,-NY-11101",36081003100,Queens,25.725365706551784,37.55683254082609,43.52349920749276
"33-25-Junction-Blvd,---E,-Queens,-NY-11372",36081037502,Queens,39.23836951884837,56.55503618551504,61.15636657752223
"160-Parkside-Ave,-Apt-10G,-Brooklyn,-NY-11226",36047050804,Brooklyn,38.790827743123806,30.107494409790476,23.074161076457138
"307-Atlantic-Ave,-Unit-3L,-Brooklyn,-NY-11201",36047004300,Brooklyn,34.63092080335393,16.652564584073065,8.119231250739732
"42-62-Hunter-St,-Unit-5B,-Queens,-NY-11101",36081001902,Queens,18.749787416589317,33.34108825956723,39.3077549262339
"132-77-Metropolitan-Ave,-Unit-7B,-Queens,-NY-11418",36081021602,Queens,36.67057700963794,51.98724367630461,55.95391034297128
"28-8-38th-Ave,-Unit-5E,-Queens,-NY-11101",36081003100,Queens,25.725365706551784,37.55683254082609,43.52349920749276
"735-Hancock-St,-Apt-4,-Brooklyn,-NY-11233",36047038300,Brooklyn,42.67249287214641,36.91878128950062,32.38544795616728
"1584-Fulton-St,-Apt-4A,-Brooklyn,-NY-11213",36047027100,Brooklyn,47.26390661105338,31.08057327772004,22.04723994438671
"42-62-Hunter-St,-Unit-11A,-Queens,-NY-11101",36081001902,Queens,18.749787416589317,33.34108825956723,39.3077549262339
"286-5th-Ave,-Apt-1D,-Brooklyn,-NY-11215",36047013500,Brooklyn,42.94408597894595,29.760752645612616,17.22741931227928
"1441-Broadway,-Apt-3B,-Queens,-NY-11106",36081007700,Queens,38.52323321147252,48.33989987813918,54.30656654480585
"1441-Broadway,-Apt-2D,-Queens,-NY-11106",36081007700,Queens,38.52323321147252,48.33989987813918,54.30656654480585
"1441-Broadway,-Apt-1A,-Queens,-NY-11106",36081007700,Queens,38.52323321147252,48.33989987813918,54.30656654480585
"3480-Seymour-Ave,-Apt-2B,-Bronx,-NY-10469",36005038600,Bronx,74.52498785570853,79.3416545223752,88.30832118904186
"3480-Seymour-Ave,-Unit-3C,-Bronx,-NY-10469",36005038600,Bronx,74.53846482779929,79.35513149446595,88.32179816113262
"3480-Seymour-Ave,-Unit-6A,-Bronx,-NY-10469",36005038600,Bronx,74.53846482779929,79.35513149446595,88.32179816113262
"3480-Seymour-Ave,-Apt-1A,-Bronx,-NY-10469",36005038600,Bronx,74.52498785570853,79.3416545223752,88.30832118904186
"3480-Seymour-Ave,-Apt-3A,-Bronx,-NY-10469",36005038600,Bronx,74.52498785570853,79.3416545223752,88.30832118904186
"42-62-Hunter-St,-Unit-5C,-Queens,-NY-11101",36081001902,Queens,18.749787416589317,33.34108825956723,39.3077549262339
"22-18-Jackson-Ave,-Unit-705,-Queens,-NY-11101",36081001901,Queens,18.0620502101105,32.20758484771911,36.80911942433895
"28-8-38th-Ave,-Unit-3H,-Queens,-NY-11101",36081003100,Queens,25.725365706551784,37.55683254082609,43.52349920749276
"4545-Center-Blvd,-Apt-3810,-Queens,-NY-11109",36081000102,Queens,24.768088605162824,36.08475527182949,42.05142193849616
"28-08-38th-Ave,-Unit-4D,-Queens,-NY-11101",36081003100,Queens,25.724309791008125,37.558128427350425,43.52479509401709
"4545-Center-Blvd,-Apt-2706,-Queens,-NY-11109",36081000102,Queens,24.76658599190626,36.08325265857293,42.04991932523959
"317-7th-St,-Unit-2,-Brooklyn,-NY-11215",36047013700,Brooklyn,42.42349925471561,29.240165921382275,16.706832588048943
"27-28-Thomson-Ave,-Unit-345,-Queens,-NY-11101",36081001901,Queens,18.658691007231763,33.60749719705735,36.9420243405651
"308-Prospect-Ave,-Apt-1L,-Brooklyn,-NY-11215",36047014902,Brooklyn,48.641033618629066,35.45770028529573,22.9243669519624
"180-Franklin-Ave,-Apt-316,-Brooklyn,-NY-11205",36047023500,Brooklyn,42.507222465013946,32.90548165757173,26.872148324238392
"1755-York-Ave,-Apt-32H,-New-York,-NY-10128",36061015200,Manhattan,27.34237386360518,41.84101441095785,47.80768107762451
"330-E-75th-St,-Apt-39B,-New-York,-NY-10021",36061013400,Manhattan,19.689782246100314,34.50644891276698,41.10423896608693
"424-W-End-Ave,-Unit-405,-New-York,-NY-10024",36061016700,Manhattan,18.376137025692504,31.69280369235917,34.65947035902583
"250-E-73rd-St,-Apt-19E,-New-York,-NY-10021",36061012602,Manhattan,16.26482343349192,31.081490100158582,37.92689445452084
"205-E-92nd-St,-Apt-15H,-New-York,-NY-10128",36061015403,Manhattan,24.990285552673694,35.11551290112428,41.08217956779095
"140-Riverside-Blvd,-Apt-308,-New-York,-NY-10069",36061015502,Manhattan,23.73944994886324,36.1651538503665,38.13182051703316
"344-E-85th-St-Unit-Lf,-New-York,-NY-10028",36061014601,Manhattan,20.224048890043104,35.04071555670977,41.60828617822044
"253-W-72nd-St,-Apt-2006,-New-York,-NY-10023",36061015900,Manhattan,17.729708149324168,30.046374815990838,32.0130414826575
"1501-Lexington-Ave,-Apt-9G,-New-York,-NY-10029",36061015802,Manhattan,24.22507377999865,31.319948296083684,37.28661496275035
"250-E-73rd-St,-Apt-2D,-New-York,-NY-10021",36061012602,Manhattan,16.252016394616945,31.06868306128361,37.909828782090045
"78-Manhattan-Ave,-Apt-2A,-New-York,-NY-10025",36061018900,Manhattan,23.56797672925923,39.8846433959259,42.85131006259257
"884-W-End-Ave,-Unit-20,-New-York,-NY-10025",36061019100,Manhattan,23.12276850261764,36.43943516928432,39.40610183595098
"1735-York-Ave,-Unit-E4,-New-York,-NY-10128",36061015200,Manhattan,25.937608419766903,40.75427508643357,46.86045616380086
"400-W-113th-St,-Apt-1426,-New-York,-NY-10025",36061019701,Manhattan,29.9879602938416,43.304626960508266,46.27129362717493
"432-E-88th-St,-Apt-205,-New-York,-NY-10128",36061014402,Manhattan,23.129500509319467,37.94616717598613,44.601745105751775
"140-Riverside-Blvd,-Apt-907,-New-York,-NY-10069",36061015502,Manhattan,24.16425532387633,36.49613797404918,38.462804640715845
"204-W-108th-St,-Apt-31,-New-York,-NY-10025",36061019500,Manhattan,26.6060469210962,39.92271358776286,42.889380254429526
"1735-York-Ave,-Apt-34A,-New-York,-NY-10128",36061015200,Manhattan,25.93791404267287,40.754580709339535,46.86028052762846
"401-E-88th-St,-Apt-13C,-New-York,-NY-10128",36061014402,Manhattan,21.944210432805,36.76087709947167,43.17075207168317
"165-E-89th-St,-Apt-4I,-New-York,-NY-10128",36061014802,Manhattan,22.99335242597204,31.21175158413389,37.17841825080056
"27-W-96th-St,-Apt-5F,-New-York,-NY-10025",36061018100,Manhattan,22.02453972435636,38.34120639102302,40.97365414955234
"400-W-113th-St,-Apt-1604,-New-York,-NY-10025",36061019701,Manhattan,29.9879602938416,43.304626960508266,46.27129362717493
"525-E-72nd-St,-Apt-16B,-New-York,-NY-10021",36061012400,Manhattan,25.46121035977967,40.27787702644634,47.05867647830353
"360-E-65th-St,-Unit-007E,-New-York,-NY-10065",36061011800,Manhattan,22.132410584475046,32.32173670949997,38.78840337616664
"140-Riverside-Blvd,-Apt-1227,-New-York,-NY-10069",36061015502,Manhattan,23.73944994886324,36.1651538503665,38.13182051703316
"345-E-64th-St,-Apt-10A,-New-York,-NY-10065",36061011800,Manhattan,21.9106306378143,31.76928424002873,38.23595090669539
"250-Riverside-Dr,-Apt-91,-New-York,-NY-10025",36061018300,Manhattan,23.596852321837414,34.91351898850408,36.88018565517075
"200-Riverside-Dr,-Apt-5E,-New-York,-NY-10025",36061017900,Manhattan,23.80380301027548,35.12046967694214,37.08713634360881
"240-E-86th-St,-Unit-018E,-New-York,-NY-10028",36061014601,Manhattan,18.12910442771052,31.67065515705224,37.637321823718906
"1500-Lexington-Ave,-Apt-10Q,-New-York,-NY-10029",36061015802,Manhattan,24.70352497645912,31.205022649354127,37.1716893160208
"227-W-77th-St,-Apt-14M,-New-York,-NY-10024",36061016300,Manhattan,18.72861452797629,32.04528119464296,35.01194786130962
"260-Riverside-Dr,-Apt-9F,-New-York,-NY-10025",36061018700,Manhattan,24.64554074379877,35.96220741046544,37.92887407713211
"235-W-103rd-St,-Apt-2B,-New-York,-NY-10025",36061019100,Manhattan,22.1843013224363,35.50096798910297,38.46763465576964
"160-E-88th-St,-Apt-9B,-New-York,-NY-10128",36061014802,Manhattan,23.163335270889032,29.30876953741803,35.2754362040847
"501-E-74th-St,-Apt-15E,-New-York,-NY-10021",36061013201,Manhattan,23.06390330416911,37.88056997083577,44.84723663750244
"1735-York-Ave,-Apt-15E,-New-York,-NY-10128",36061015200,Manhattan,25.937608419766903,40.75427508643357,46.86045616380086
"295-Central-Park-W,-Apt-5F,-New-York,-NY-10024",36061017300,Manhattan,21.65520696705429,37.97187363372096,40.93854030038763
"336-E-81st-St,-Apt-5A,-New-York,-NY-10028",36061013800,Manhattan,24.05962811320297,35.32213988063321,41.28880654729987
"250-E-73rd-St,-Apt-2H,-New-York,-NY-10021",36061012602,Manhattan,16.252016394616945,31.06868306128361,37.909828782090045
"700-W-End-Ave,-Unit-Ph,-New-York,-NY-10025",36061018300,Manhattan,20.440768156233947,31.757434822900613,33.72410148956728
"55-W-92nd-St,-Apt-1B,-New-York,-NY-10025",36061017700,Manhattan,25.255814783284418,39.09556150911309,41.06222817577976
"252-E-61st-St,-Unit-S03E,-New-York,-NY-10065",36061011000,Manhattan,18.81927240156328,26.602864425692733,33.0695310923594
"605-W-112th-St,-Apt-6B,-New-York,-NY-10025",36061019900,Manhattan,25.86779922720442,39.184465893871085,42.15113256053776
"711-W-End-Ave,-Apt-7MS,-New-York,-NY-10025",36061018300,Manhattan,21.06373530892582,32.38040197559249,34.34706864225915
"135-W-96th-St,-Unit-11DD,-New-York,-NY-10025",36061018100,Manhattan,22.523909155264185,33.840575821930855,35.80724248859752
"45-Tiemann-Pl,-Apt-6N,-New-York,-NY-10027",36061021100,Manhattan,27.24434157189232,40.56100823855898,43.52767490522565
"1735-York-Ave,-Apt-5G,-New-York,-NY-10128",36061015200,Manhattan,25.93791404267287,40.754580709339535,46.86028052762846
"240-E-86th-St,-Unit-018F,-New-York,-NY-10028",36061014601,Manhattan,18.12910442771052,31.67065515705224,37.637321823718906
"225-E-73rd-St,-Unit-1A,-New-York,-NY-10021",36061012602,Manhattan,17.28027144464875,31.693219909307796,37.65988657597446
"420-E-79th-St,-Apt-16C,-New-York,-NY-10075",36061013203,Manhattan,25.325848926752357,37.28530309606708,43.25196976273375
"204-W-108th-St,-Apt-68,-New-York,-NY-10025",36061019500,Manhattan,26.6060469210962,39.92271358776286,42.889380254429526
"160-E-88th-St,-Apt-6J,-New-York,-NY-10128",36061014802,Manhattan,23.164779879020998,29.310244179853644,35.27691084652031
"252-E-61st-St,-Unit-S05H,-New-York,-NY-10065",36061011000,Manhattan,18.81927240156328,26.602864425692733,33.0695310923594
"140-Riverside-Blvd,-Apt-321,-New-York,-NY-10069",36061015502,Manhattan,23.73944994886324,36.1651538503665,38.13182051703316
"400-W-113th-St,-Apt-1402,-New-York,-NY-10025",36061019701,Manhattan,29.9879602938416,43.304626960508266,46.27129362717493
"400-W-113th-St,-Apt-1505,-New-York,-NY-10025",36061019701,Manhattan,29.9879602938416,43.304626960508266,46.27129362717493
"175-E-96th-St,-Apt-30O,-New-York,-NY-10128",36061015802,Manhattan,23.16868449430127,31.57752332653737,37.54418999320404
"415-W-120th-St,-Apt-11A,-New-York,-NY-10027",36061020701,Manhattan,28.659607399720382,42.47627406638705,48.26852247429576
"247-W-87th-St,-Unit-5E,-New-York,-NY-10024",36061017500,Manhattan,18.32124126093538,31.637907927602047,34.60457459426871
"114-W-86th-St,-Apt-15A,-New-York,-NY-10024",36061016900,Manhattan,22.741121415495893,36.05778808216256,39.02445474882923
"784-Columbus-Ave,-Apt-14C,-New-York,-NY-10025",36061018500,Manhattan,24.855430508753237,36.17209717541991,38.13876384208657
"400-W-113th-St,-Apt-721,-New-York,-NY-10025",36061019701,Manhattan,29.9879602938416,43.304626960508266,46.27129362717493
"525-E-72nd-St,-Unit-22J,-New-York,-NY-10021",36061012400,Manhattan,25.47381370508274,40.2904803717494,47.11305698940729
"160-W-71st-St,-Apt-7N,-New-York,-NY-10023",36061015700,Manhattan,16.171019999826942,28.48768666649361,30.454353333160277
"400-W-113th-St,-Apt-326,-New-York,-NY-10025",36061019701,Manhattan,28.86168056150757,42.17834722817424,45.1450138948409
"885-W-End-Ave,-Apt-12D,-New-York,-NY-10025",36061019100,Manhattan,24.065741040535173,37.38240770720184,40.3490743738685
"260-Riverside-Dr,-Apt-9B,-New-York,-NY-10025",36061018700,Manhattan,24.46282249727027,35.77948916393693,37.7461558306036
"33-W-End-Ave,-Apt-9G,-New-York,-NY-10023",36061015102,Manhattan,23.1074874063089,39.07685168479164,42.39082073964223
"525-E-72nd-St,-Apt-19D,-New-York,-NY-10021",36061012400,Manhattan,24.65798349215283,39.4746501588195,46.13365013676689
"784-Columbus-Ave,-Apt-7T,-New-York,-NY-10025",36061018500,Manhattan,24.855430508753237,36.17209717541991,38.13876384208657
"400-W-113th-St,-Apt-1621,-New-York,-NY-10025",36061019701,Manhattan,29.80300920750762,44.34412383534002,47.31079050200669
"400-W-113th-St,-Apt-929,-New-York,-NY-10025",36061019701,Manhattan,29.9879602938416,43.304626960508266,46.27129362717493
"175-W-60th-St,-Apt-31E,-New-York,-NY-10023",36061014500,Manhattan,19.77037321286998,33.743518547980365,39.05370654620332
"240-E-82nd-St,-Apt-19A,-New-York,-NY-10028",36061013800,Manhattan,22.465081622862087,34.38240963935292,40.34907630601959
"175-W-90th-St,-Apt-19E,-New-York,-NY-10024",36061017700,Manhattan,22.501614101087966,35.81828076775464,38.411758885072736
"325-E-64th-St,-Apt-612,-New-York,-NY-10065",36061011800,Manhattan,20.42036701180655,30.53687090584789,37.00353757251456
"344-E-85th-St,-Apt-3B,-New-York,-NY-10028",36061014601,Manhattan,20.00492159611653,34.821588262783195,41.45051157702277
"3157-Broadway,-Apt-5,-New-York,-NY-10027",36061021100,Manhattan,27.90942470703361,41.22609137370028,44.19275804036695
"400-W-113th-St,-Apt-1428,-New-York,-NY-10025",36061019701,Manhattan,29.9879602938416,43.304626960508266,46.27129362717493
"140-Riverside-Blvd,-Apt-925,-New-York,-NY-10069",36061015502,Manhattan,24.16425532387633,36.49613797404918,38.462804640715845
"415-W-120th-St,-Unit-05D,-New-York,-NY-10027",36061020701,Manhattan,28.659607399720382,42.47627406638705,48.26852247429576
"250-Riverside-Dr,-Unit-64A,-New-York,-NY-10025",36061018300,Manhattan,23.59853784931457,34.91520451598124,36.88187118264791
"1735-York-Ave,-Apt-31C,-New-York,-NY-10128",36061015200,Manhattan,25.937608419766903,40.75427508643357,46.86045616380086
"698-W-End-Ave,-Apt-6C,-New-York,-NY-10025",36061017900,Manhattan,20.922841117649966,32.23950778431664,34.2061744509833
"1365-York-Ave,-Apt-27A,-New-York,-NY-10021",36061012400,Manhattan,21.922701246022815,36.73936791268948,43.70603457935615
"400-W-113th-St,-Apt-1507,-New-York,-NY-10025",36061019701,Manhattan,29.9879602938416,43.304626960508266,46.27129362717493
"140-Riverside-Blvd,-Apt-602,-New-York,-NY-10069",36061015502,Manhattan,24.16425532387633,36.49613797404918,38.462804640715845
"25-E-67th-St,-Apt-9D,-New-York,-NY-10065",36061012200,Manhattan,20.774440173878705,29.353758617640157,35.32042528430682
"175-W-90th-St,-Apt-4G,-New-York,-NY-10024",36061017700,Manhattan,22.501614101087966,35.81828076775464,38.411758885072736
"401-E-88th-St,-Apt-3D,-New-York,-NY-10128",36061014402,Manhattan,21.944210432805,36.76087709947167,43.17075207168317
"175-E-96th-St,-Apt-18T,-New-York,-NY-10128",36061015802,Manhattan,23.16868449430127,31.57752332653737,37.54418999320404
"525-E-72nd-St,-Apt-16E,-New-York,-NY-10021",36061012400,Manhattan,25.46121035977967,40.27787702644634,47.05867647830353
"85-E-End-Ave,-Unit-08-9,-New-York,-NY-10028",36061013601,Manhattan,29.187537676547237,44.00420434321391,50.74680777871101
"147-W-79th-St,-Unit-6A,-New-York,-NY-10024",36061016500,Manhattan,20.28958021122912,33.606246877895785,36.57291354456245
"402-E-90th-St,-Apt-9G,-New-York,-NY-10128",36061015200,Manhattan,23.791800279110703,38.5645870856171,44.53125375228377
"525-E-72nd-St,-Apt-9G,-New-York,-NY-10021",36061012400,Manhattan,25.46121035977967,40.27787702644634,47.05867647830353
"140-Riverside-Blvd,-Apt-1607,-New-York,-NY-10069",36061015502,Manhattan,23.73944994886324,36.1651538503665,38.13182051703316
"205-W-88th-St,-Apt-15F,-New-York,-NY-10024",36061017500,Manhattan,19.695174293722324,33.01184096038899,35.97850762705566
"201-E-87th-St,-Apt-23P,-New-York,-NY-10128",36061014602,Manhattan,20.25032021016997,30.69367054558869,36.66033721225536
"400-W-113th-St,-Apt-1403,-New-York,-NY-10025",36061019701,Manhattan,29.9879602938416,43.304626960508266,46.27129362717493
"1065-2nd-Ave,-Apt-23C,-New-York,-NY-10022",36061010803,Manhattan,14.476689945962056,27.998463189819823,34.26002327929539
"100-W-31st-St,-Apt-30I,-New-York,-NY-10001",36061010100,Manhattan,9.441967240678087,22.94196724067809,27.022439282044832
"554-W-54th-St,-Unit-26L,-New-York,-NY-10019",36061013501,Manhattan,24.99060158950406,38.03999061291629,44.45313803667519
"222-E-39th-St,-Apt-24A,-New-York,-NY-10016",36061007800,Manhattan,15.096139681664662,23.895976587307874,30.362643253974543
"435-W-31st-St,-Unit-0-55,-New-York,-NY-10001",36061010300,Manhattan,19.338284935006158,27.323534862970025,33.45335213642369
"625-W-57th-St,-Apt-476,-New-York,-NY-10019",36061013502,Manhattan,27.69167436130705,41.72419710637005,46.97500769464038
"435-W-31st-St,-Unit-0-54,-New-York,-NY-10001",36061010300,Manhattan,19.338284935006158,27.323534862970025,33.45335213642369
"685-1st-Ave,-Apt-11M,-New-York,-NY-10016",36061008800,Manhattan,18.716174817795142,27.73796651636673,34.204633183033394
"685-1st-Ave,-Apt-6J,-New-York,-NY-10016",36061008800,Manhattan,18.716174817795142,27.73796651636673,34.204633183033394
"200-E-59th-St,-Apt-17C,-New-York,-NY-10022",36061010803,Manhattan,17.10528631481323,23.91785272058704,30.384519387253704
"330-E-46th-St,-Apt-1F,-New-York,-NY-10017",36061009000,Manhattan,18.532679930021324,27.456379220483637,33.9230458871503
"100-W-31st-St,-Apt-37B,-New-York,-NY-10001",36061010100,Manhattan,9.467673056295675,22.96767305629568,27.32205316698417
"515-W-38th-St,-Apt-28D,-New-York,-NY-10018",36061011700,Manhattan,17.531637229458052,31.31316627303228,33.81497056279139
"315-W-33rd-St,-Unit-0-09,-New-York,-NY-10001",36061010300,Manhattan,14.733310530228293,21.67495482088189,28.016643863561622
"315-W-33rd-St,-Unit-0-33,-New-York,-NY-10001",36061010300,Manhattan,14.733310530228293,21.67495482088189,28.016643863561622
"222-E-39th-St,-Apt-23B,-New-York,-NY-10016",36061007800,Manhattan,15.096139681664662,23.895976587307874,30.362643253974543
"160-E-48th-St,-Apt-11R,-New-York,-NY-10017",36061009200,Manhattan,16.45818509968503,24.714839535712564,31.181506202379232
"500-W-56th-St,-Apt-2607,-New-York,-NY-10019",36061013502,Manhattan,21.898164374733884,35.97458456914149,41.18149770806722
"160-E-48th-St,-Apt-7C,-New-York,-NY-10017",36061009200,Manhattan,15.365315445479627,24.049248605104733,30.0159152717714
"685-1st-Ave,-Apt-19H,-New-York,-NY-10016",36061008800,Manhattan,18.716174817795142,27.73796651636673,34.204633183033394
"222-E-39th-St,-Apt-18B,-New-York,-NY-10016",36061007800,Manhattan,15.100835508172732,23.90097692927783,30.3676435959445
"1-Columbus-Pl,-Apt-S33E,-New-York,-NY-10019",36061014500,Manhattan,16.68042853784983,30.710997355576644,35.963761871183166
"685-1st-Ave,-Apt-19B,-New-York,-NY-10016",36061008800,Manhattan,18.716174817795142,27.73796651636673,34.204633183033394
"260-W-52nd-St,-Apt-28B,-New-York,-NY-10019",36061013100,Manhattan,12.655498454466892,27.4102182653731,31.938831787800225
"70-W-37th-St,-Unit-2312A,-New-York,-NY-10018",36061008400,Manhattan,6.852303310902559,23.513939012661517,29.26592219514747
"200-E-59th-St,-Apt-6B,-New-York,-NY-10022",36061010803,Manhattan,17.10528631481323,23.91785272058704,30.384519387253704
"685-1st-Ave,-Apt-15N,-New-York,-NY-10016",36061008800,Manhattan,18.716174817795142,27.73796651636673,34.204633183033394
"435-W-31st-St,-Unit-0-58,-New-York,-NY-10001",36061010300,Manhattan,19.338284935006158,27.323534862970025,33.45335213642369
"606-W-57th-St,-Apt-4108,-New-York,-NY-10019",36061013502,Manhattan,26.527318498223927,40.573256361217474,45.81065183155726
"435-W-31st-St,-Unit-0PH3P,-New-York,-NY-10001",36061010300,Manhattan,19.338284935006158,27.323534862970025,33.45335213642369
"315-W-33rd-St,-Unit-0-34,-New-York,-NY-10001",36061010300,Manhattan,14.733310530228293,21.67495482088189,28.016643863561622
"606-W-57th-St,-Apt-2106,-New-York,-NY-10019",36061013502,Manhattan,26.527318498223927,40.573256361217474,45.81065183155726
"160-E-48th-St,-Ph-B,-New-York,-NY-10017",36061009200,Manhattan,16.45818509968503,24.714839535712564,31.181506202379232
"400-E-57th-St,-Apt-16G,-New-York,-NY-10022",36061010601,Manhattan,18.14407598503108,31.556712207061786,37.92740931836441
"160-E-48th-St,-Apt-3J,-New-York,-NY-10017",36061009200,Manhattan,16.45818509968503,24.714839535712564,31.181506202379232
"625-W-57th-St,-Apt-755,-New-York,-NY-10019",36061013502,Manhattan,27.609666080798608,41.642564831538,46.89299941413194
"555-10th-Ave,-Unit-22GG,-New-York,-NY-10018",36061011700,Manhattan,19.512212512616323,30.19348702509868,36.86221251261632
"70-W-37th-St,-Apt-815,-New-York,-NY-10018",36061008400,Manhattan,6.852303310902559,23.513939012661517,29.26592219514747
"1065-2nd-Ave,-Apt-11C,-New-York,-NY-10022",36061010803,Manhattan,14.476689945962056,27.998463189819823,34.26002327929539
"625-W-57th-St,-Apt-2101,-New-York,-NY-10019",36061013502,Manhattan,27.609666080798608,41.642564831538,46.89299941413194
"555-10th-Ave,-Unit-50AA,-New-York,-NY-10018",36061011700,Manhattan,19.512212512616323,30.19348702509868,36.86221251261632
"222-E-39th-St,-Apt-8A,-New-York,-NY-10016",36061007800,Manhattan,15.100835508172732,23.90097692927783,30.3676435959445
"620-W-42nd-St,-Unit-N45L,-New-York,-NY-10036",36061011700,Manhattan,21.431904665348096,35.14033043431553,37.71523799868143
"606-W-57th-St,-Apt-719,-New-York,-NY-10019",36061013502,Manhattan,26.527318498223927,40.573256361217474,45.81065183155726
"500-W-56th-St,-Apt-903,-New-York,-NY-10019",36061013502,Manhattan,21.898164374733884,35.97458456914149,41.18149770806722
"500-W-56th-St,-Apt-719,-New-York,-NY-10019",36061013502,Manhattan,21.898164374733884,35.97458456914149,41.18149770806722
"160-E-48th-St,-Apt-9Z,-New-York,-NY-10017",36061009200,Manhattan,16.45818509968503,24.714839535712564,31.181506202379232
"435-W-31st-St,-Unit-0PHR,-New-York,-NY-10001",36061010300,Manhattan,19.338284935006158,27.323534862970025,33.45335213642369
"70-W-37th-St,-Apt-1009,-New-York,-NY-10018",36061008400,Manhattan,6.852303310902559,23.513939012661517,29.26592219514747
"400-E-57th-St,-Unit-003CS,-New-York,-NY-10022",36061010601,Manhattan,18.14407598503108,31.556712207061786,37.92740931836441
"625-W-57th-St,-Apt-761,-New-York,-NY-10019",36061013502,Manhattan,27.609666080798608,41.642564831538,46.89299941413194
"184-Lexington-Ave,-Apt-3D,-New-York,-NY-10016",36061007200,Manhattan,18.202652010345822,21.36875475512137,27.83542142178804
"70-W-37th-St,-Apt-706,-New-York,-NY-10018",36061008400,Manhattan,6.852303310902559,23.513939012661517,29.26592219514747
"100-W-31st-St,-Apt-36D,-New-York,-NY-10001",36061010100,Manhattan,9.441967240678087,22.94196724067809,27.022439282044832
"685-1st-Ave,-Apt-16E,-New-York,-NY-10016",36061008800,Manhattan,18.716174817795142,27.73796651636673,34.204633183033394
"160-E-48th-St,-Unit-11F2,-New-York,-NY-10017",36061009200,Manhattan,16.45818509968503,24.714839535712564,31.181506202379232
"515-W-38th-St,-Ph-3B,-New-York,-NY-10018",36061011700,Manhattan,17.483722084998142,31.231464333829685,33.76705541833147
"515-W-38th-St,-Ph-3C,-New-York,-NY-10018",36061011700,Manhattan,17.531637229458052,31.31316627303228,33.81497056279139
"515-W-38th-St,-Apt-8L,-New-York,-NY-10018",36061011700,Manhattan,17.531637229458052,31.31316627303228,33.81497056279139
"260-W-52nd-St,-Apt-29D,-New-York,-NY-10019",36061013100,Manhattan,12.59659879940276,27.24860791436828,31.87993213273609
"500-W-56th-St,-Apt-2007,-New-York,-NY-10019",36061013502,Manhattan,21.898164374733884,35.97458456914149,41.18149770806722
"625-W-57th-St,-Apt-2013,-New-York,-NY-10019",36061013502,Manhattan,28.42941732378832,42.465279122536735,47.71275065712166
"435-W-31st-St,-Unit-0-59,-New-York,-NY-10001",36061010300,Manhattan,19.338284935006158,27.323534862970025,33.45335213642369
"625-W-57th-St,-Apt-320,-New-York,-NY-10019",36061013502,Manhattan,27.609666080798608,41.642564831538,46.89299941413194
"500-W-56th-St,-Apt-625,-New-York,-NY-10019",36061013502,Manhattan,21.898164374733884,35.97458456914149,41.18149770806722
"606-W-57th-St,-Apt-3403,-New-York,-NY-10019",36061013502,Manhattan,26.527318498223927,40.573256361217474,45.81065183155726
"685-1st-Ave,-Apt-21A,-New-York,-NY-10016",36061008800,Manhattan,18.716174817795142,27.73796651636673,34.204633183033394
"330-E-46th-St,-Apt-5T,-New-York,-NY-10017",36061009000,Manhattan,18.532679930021324,27.456379220483637,33.9230458871503
"625-W-57th-St,-Apt-2252,-New-York,-NY-10019",36061013502,Manhattan,28.42941732378832,42.465279122536735,47.71275065712166
"554-W-54th-St,-Unit-23D,-New-York,-NY-10019",36061013501,Manhattan,24.99060158950406,38.03999061291629,44.45313803667519
"500-W-56th-St,-Apt-703,-New-York,-NY-10019",36061013502,Manhattan,21.898164374733884,35.97458456914149,41.18149770806722
"160-E-48th-St,-Apt-7T,-New-York,-NY-10017",36061009200,Manhattan,16.164967591271086,24.726341449687197,30.69300811635386
"500-W-56th-St,-Apt-2206,-New-York,-NY-10019",36061013502,Manhattan,21.898164374733884,35.97458456914149,41.18149770806722
"222-E-39th-St,-Apt-13B,-New-York,-NY-10016",36061007800,Manhattan,15.096139681664662,23.895976587307874,30.362643253974543
"70-W-37th-St,-Apt-1617,-New-York,-NY-10018",36061008400,Manhattan,6.852303310902559,23.513939012661517,29.26592219514747
"625-W-57th-St,-Apt-1611,-New-York,-NY-10019",36061013502,Manhattan,27.609666080798608,41.642564831538,46.89299941413194
"606-W-57th-St,-Apt-3017,-New-York,-NY-10019",36061013502,Manhattan,26.527318498223927,40.573256361217474,45.81065183155726
"1-Columbus-Pl,-Apt-S14E,-New-York,-NY-10019",36061014500,Manhattan,16.68042853784983,30.710997355576644,35.963761871183166
"625-W-57th-St,-Apt-615,-New-York,-NY-10019",36061013502,Manhattan,27.69167436130705,41.72419710637005,46.97500769464038
"620-W-42nd-St,-Unit-N35K,-New-York,-NY-10036",36061011700,Manhattan,21.44663077202881,35.25116407809745,37.72996410536214
"315-W-33rd-St,-Unit-0-08,-New-York,-NY-10001",36061010300,Manhattan,14.733310530228293,21.67495482088189,28.016643863561622
"184-Lexington-Ave,-Apt-4B,-New-York,-NY-10016",36061007200,Manhattan,18.202652010345822,21.36875475512137,27.83542142178804
"620-W-42nd-St,-Apt-S36E,-New-York,-NY-10036",36061011700,Manhattan,21.44663077202881,35.25116407809745,37.72996410536214
"315-W-33rd-St,-Unit-0-22,-New-York,-NY-10001",36061010300,Manhattan,14.733310530228293,21.67495482088189,28.016643863561622
"625-W-57th-St,-Apt-554,-New-York,-NY-10019",36061013502,Manhattan,27.69167436130705,41.72419710637005,46.97500769464038
"100-W-31st-St,-Apt-25J,-New-York,-NY-10001",36061010100,Manhattan,9.441967240678087,22.94196724067809,27.022439282044832
"606-W-57th-St,-Apt-810,-New-York,-NY-10019",36061013502,Manhattan,26.527318498223927,40.573256361217474,45.81065183155726
"184-Lexington-Ave,-Apt-3F,-New-York,-NY-10016",36061007200,Manhattan,18.202652010345822,21.36875475512137,27.83542142178804
"222-E-39th-St,-Apt-22B,-New-York,-NY-10016",36061007800,Manhattan,15.100835508172732,23.90097692927783,30.3676435959445
"100-W-31st-St,-Apt-22G,-New-York,-NY-10001",36061010100,Manhattan,9.441967240678087,22.94196724067809,27.022439282044832
"1065-2nd-Ave,-Apt-15C,-New-York,-NY-10022",36061010803,Manhattan,14.504437426733784,27.95394349281481,34.28777076006712
"100-W-31st-St,-Apt-31A,-New-York,-NY-10001",36061010100,Manhattan,9.441967240678087,22.94196724067809,27.022439282044832
"184-Lexington-Ave,-Apt-3A,-New-York,-NY-10016",36061007200,Manhattan,18.202652010345822,21.36875475512137,27.83542142178804
"515-W-38th-St,-Ph-2D,-New-York,-NY-10018",36061011700,Manhattan,17.483722084998142,31.231464333829685,33.76705541833147
"330-E-46th-St,-Apt-3V,-New-York,-NY-10017",36061009000,Manhattan,18.532679930021324,27.456379220483637,33.9230458871503
"625-W-57th-St,-Apt-329,-New-York,-NY-10019",36061013502,Manhattan,27.69167436130705,41.72419710637005,46.97500769464038
"260-W-52nd-St,-Unit-09D,-New-York,-NY-10019",36061013100,Manhattan,12.544923094150498,27.230622160824797,31.828256427483836
"625-W-57th-St,-Apt-626,-New-York,-NY-10019",36061013502,Manhattan,27.609666080798608,41.642564831538,46.89299941413194
"70-W-37th-St,-Apt-607,-New-York,-NY-10018",36061008400,Manhattan,6.852303310902559,23.513939012661517,29.26592219514747
"435-W-31st-St,-Unit-0-08,-New-York,-NY-10001",36061010300,Manhattan,19.338284935006158,27.323534862970025,33.45335213642369
"500-W-56th-St,-Apt-2503,-New-York,-NY-10019",36061013502,Manhattan,21.89934814350328,35.97580326029552,41.18268147683661
"500-W-56th-St,-Ph-5,-New-York,-NY-10019",36061013502,Manhattan,21.898164374733884,35.97458456914149,41.18149770806722
"625-W-57th-St,-Apt-958,-New-York,-NY-10019",36061013502,Manhattan,27.69167436130705,41.72419710637005,46.97500769464038
"315-W-33rd-St,-Unit-0-18,-New-York,-NY-10001",36061010300,Manhattan,14.733310530228293,21.67495482088189,28.016643863561622
"150-E-44th-St,-Apt-38C,-New-York,-NY-10017",36061009200,Manhattan,11.728494587651785,20.40282729436725,26.869493961033918
"635-W-42nd-St,-Apt-10M,-New-York,-NY-10036",36061012901,Manhattan,22.579364740706904,36.39603140737357,38.86269807404024
"505-W-43rd-St,-Apt-7E,-New-York,-NY-10036",36061012901,Manhattan,20.652810114701488,30.96597497351401,38.13524925821235
"150-E-44th-St,-Apt-47B,-New-York,-NY-10017",36061009200,Manhattan,11.728494587651785,20.40282729436725,26.869493961033918
"550-W-45th-St,-Apt-225,-New-York,-NY-10036",36061012901,Manhattan,23.48489889464358,33.74133233735761,40.94737039827399
"15-Hudson-Yards,-Unit-35B,-New-York,-NY-10001",36061009903,Manhattan,16.033733701634706,29.85040036830137,32.31706703496804
"550-W-45th-St,-Apt-1209,-New-York,-NY-10036",36061012901,Manhattan,23.48489889464358,33.74133233735761,40.94737039827399
"635-W-42nd-St,-Apt-38G,-New-York,-NY-10036",36061012901,Manhattan,22.579364740706904,36.39603140737357,38.86269807404024
"401-E-34th-St,-Apt-S29F,-New-York,-NY-10016",36061008601,Manhattan,23.732285286967265,32.3205289102931,38.78719557695977
"635-W-42nd-St,-Apt-31J,-New-York,-NY-10036",36061012901,Manhattan,22.579364740706904,36.39603140737357,38.86269807404024
"150-E-44th-St,-Apt-44C,-New-York,-NY-10017",36061009200,Manhattan,11.728494587651785,20.40282729436725,26.869493961033918
"401-E-34th-St,-Unit-N09P,-New-York,-NY-10016",36061008601,Manhattan,23.732285286967265,32.3205289102931,38.78719557695977
"401-E-34th-St,-Apt-S23J,-New-York,-NY-10016",36061008601,Manhattan,23.732285286967265,32.3205289102931,38.78719557695977
"635-W-42nd-St,-Apt-30G,-New-York,-NY-10036",36061012901,Manhattan,22.579364740706904,36.39603140737357,38.86269807404024
"150-E-44th-St,-Unit-08D,-New-York,-NY-10017",36061009200,Manhattan,11.86324198554041,20.50806492767511,26.97473159434178
"235-W-48th-St,-Unit-041D,-New-York,-NY-10036",36061012500,Manhattan,12.5378826951576,28.2680005112378,31.82121602849093
"131-E-83rd-St,-Apt-7A,-New-York,-NY-10028",36061014000,Manhattan,24.290255208900827,30.633591426656373,36.60025809332304
"401-E-34th-St,-Apt-S28F,-New-York,-NY-10016",36061008601,Manhattan,23.733130039676272,32.32311896827859,38.78978563494526
"217-W-57th-St,-Apt-35E,-New-York,-NY-10019",36061013700,Manhattan,11.545924851530453,27.36259151819712,33.82925818486378
"150-E-44th-St,-Apt-49B,-New-York,-NY-10017",36061009200,Manhattan,11.728494587651785,20.40282729436725,26.869493961033918
"235-W-48th-St,-Apt-38F,-New-York,-NY-10036",36061012500,Manhattan,12.534604524458736,28.2697115084974,31.81793785779207
"550-W-45th-St,-Apt-1710,-New-York,-NY-10036",36061012901,Manhattan,23.603417942174868,33.84372623553556,41.04593051478224
"635-W-42nd-St,-Apt-45E,-New-York,-NY-10036",36061012901,Manhattan,22.579364740706904,36.39603140737357,38.86269807404024
"635-W-42nd-St,-Apt-21N,-New-York,-NY-10036",36061012901,Manhattan,22.579364740706904,36.39603140737357,38.86269807404024
"635-W-42nd-St,-Apt-42B,-New-York,-NY-10036",36061012901,Manhattan,22.579364740706904,36.39603140737357,38.86269807404024
"301-Park-Ave,-Unit-1909,-New-York,-NY-10022",36061010000,Manhattan,14.688590560664446,22.505257227331118,28.47192389399778
"1671-8th-Ave,-Brooklyn,-NY-11215",36047016900,Brooklyn,46.73643111107957,36.05309777774623,27.019764444412903
"606-W-57th-St,-Apt-746,-New-York,-NY-10019",36061013502,Manhattan,26.527318498223927,40.573256361217474,45.81065183155726
"150-E-44th-St,-Apt-45A,-New-York,-NY-10017",36061009200,Manhattan,11.86324198554041,20.50806492767511,26.97473159434178
"235-W-48th-St,-Unit-012C,-New-York,-NY-10036",36061012500,Manhattan,12.5378826951576,28.2680005112378,31.82121602849093
"15-Hudson-Yards,-Unit-35E,-New-York,-NY-10001",36061009903,Manhattan,16.033733701634706,29.85040036830137,32.31706703496804
"111-W-56th-St,-Apt-34F,-New-York,-NY-10019",36061013700,Manhattan,11.521515846248882,27.338182512915548,33.80484917958221
"150-E-44th-St,-Apt-46D,-New-York,-NY-10017",36061009200,Manhattan,11.728494587651785,20.40282729436725,26.869493961033918
"401-E-34th-St,-Apt-N18J,-New-York,-NY-10016",36061008601,Manhattan,23.732285286967265,32.3205289102931,38.78719557695977
"150-E-44th-St,-Apt-22B,-New-York,-NY-10017",36061009200,Manhattan,11.86324198554041,20.50806492767511,26.97473159434178
"550-W-45th-St,-Apt-509,-New-York,-NY-10036",36061012901,Manhattan,23.44162991890206,33.65943259778914,40.85541522587639
"550-W-45th-St,-Apt-913,-New-York,-NY-10036",36061012901,Manhattan,23.603417942174868,33.84372623553556,41.04593051478224
"401-E-34th-St,-Apt-N22H,-New-York,-NY-10016",36061008601,Manhattan,23.732285286967265,32.3205289102931,38.78719557695977
"635-W-42nd-St,-Apt-45J,-New-York,-NY-10036",36061012901,Manhattan,22.579364740706904,36.39603140737357,38.86269807404024
"550-W-45th-St,-Apt-2608,-New-York,-NY-10036",36061012901,Manhattan,23.44162991890206,33.65943259778914,40.85541522587639
"401-E-34th-St,-Apt-N11L,-New-York,-NY-10016",36061008601,Manhattan,23.732285286967265,32.3205289102931,38.78719557695977
"525-W-End-Ave,-Unit-14FG,-New-York,-NY-10024",36061017100,Manhattan,20.20075883094069,33.51742549760736,36.48409216427402
"401-E-34th-St,-Apt-N24F,-New-York,-NY-10016",36061008601,Manhattan,23.733130039676272,32.32311896827859,38.78978563494526
"150-E-44th-St,-Apt-36E,-New-York,-NY-10017",36061009200,Manhattan,11.728494587651785,20.40282729436725,26.869493961033918
"15-Hudson-Yards,-Unit-24F,-New-York,-NY-10001",36061009903,Manhattan,16.033733701634706,29.85040036830137,32.31706703496804
"150-E-44th-St,-Apt-35C,-New-York,-NY-10017",36061009200,Manhattan,11.86324198554041,20.50806492767511,26.97473159434178
"550-W-45th-St,-Apt-241,-New-York,-NY-10036",36061012901,Manhattan,23.48489889464358,33.74133233735761,40.94737039827399
"635-W-42nd-St,-Ph-A,-New-York,-NY-10036",36061012901,Manhattan,22.549899597371937,36.3665662640386,38.83323293070527
"635-W-42nd-St,-Apt-23E,-New-York,-NY-10036",36061012901,Manhattan,22.579364740706904,36.39603140737357,38.86269807404024
"547-W-47th-St,-Unit-711,-New-York,-NY-10036",36061012902,Manhattan,24.62620542481388,35.257190604033184,42.44075307485293
"401-E-34th-St,-Unit-S05J,-New-York,-NY-10016",36061008601,Manhattan,23.733130039676272,32.32311896827859,38.78978563494526
"100-E-53rd-St,-Unit-15B,-New-York,-NY-10022",36061010000,Manhattan,12.962136087566272,22.54253528817698,28.509201954843647
"635-W-42nd-St,-Apt-19B,-New-York,-NY-10036",36061012901,Manhattan,22.579364740706904,36.39603140737357,38.86269807404024
"635-W-42nd-St,-Apt-40F,-New-York,-NY-10036",36061012901,Manhattan,22.579364740706904,36.39603140737357,38.86269807404024
"53-W-53rd-St,-Apt-23F,-New-York,-NY-10019",36061010400,Manhattan,12.63462417118162,30.43893957041721,36.41795750451495
"235-W-48th-St,-Unit-014A,-New-York,-NY-10036",36061012500,Manhattan,12.534604524458736,28.2697115084974,31.81793785779207
"525-W-End-Ave,-Apt-6B,-New-York,-NY-10024",36061017100,Manhattan,19.898880508505208,33.21554717517187,36.18221384183854
"550-W-45th-St,-Apt-1515,-New-York,-NY-10036",36061012901,Manhattan,23.603417942174868,33.84372623553556,41.04593051478224
"301-Park-Ave,-Unit-1918,-New-York,-NY-10022",36061010000,Manhattan,14.688590560664446,22.505257227331118,28.47192389399778
"635-W-42nd-St,-Apt-28C,-New-York,-NY-10036",36061012901,Manhattan,22.579364740706904,36.39603140737357,38.86269807404024
"401-E-34th-St,-Unit-S08F,-New-York,-NY-10016",36061008601,Manhattan,23.732285286967265,32.3205289102931,38.78719557695977
"635-W-42nd-St,-Apt-25K,-New-York,-NY-10036",36061012901,Manhattan,22.579364740706904,36.39603140737357,38.86269807404024
"160-E-89th-St,-Apt-3D,-New-York,-NY-10128",36061014802,Manhattan,22.95531700073403,30.76209866903579,36.728765335702455
"235-W-48th-St,-Unit-010P,-New-York,-NY-10036",36061012500,Manhattan,12.5378826951576,28.2680005112378,31.82121602849093
"606-W-57th-St,-Apt-2804,-New-York,-NY-10019",36061013502,Manhattan,26.527318498223927,40.573256361217474,45.81065183155726
"401-E-34th-St,-Apt-N22K,-New-York,-NY-10016",36061008601,Manhattan,23.732285286967265,32.3205289102931,38.78719557695977
"235-W-48th-St,-Unit-026M,-New-York,-NY-10036",36061012500,Manhattan,12.5378826951576,28.2680005112378,31.82121602849093
"606-W-57th-St,-Apt-427,-New-York,-NY-10019",36061013502,Manhattan,26.527318498223927,40.573256361217474,45.81065183155726
"150-E-44th-St,-Unit-08B,-New-York,-NY-10017",36061009200,Manhattan,11.728494587651785,20.40282729436725,26.869493961033918
"505-W-43rd-St,-Apt-5L,-New-York,-NY-10036",36061012901,Manhattan,20.652810114701488,30.96597497351401,38.13524925821235
"100-W-31st-St,-Apt-41E,-New-York,-NY-10001",36061010100,Manhattan,9.441967240678087,22.94196724067809,27.022439282044832
"435-W-31st-St,-Unit-0-12,-New-York,-NY-10001",36061010300,Manhattan,19.338284935006158,27.323534862970025,33.45335213642369
"547-W-47th-St,-Unit-718,-New-York,-NY-10036",36061012902,Manhattan,24.62620542481388,35.257190604033184,42.44075307485293
"635-W-42nd-St,-Unit-46H,-New-York,-NY-10036",36061012901,Manhattan,22.549899597371937,36.3665662640386,38.83323293070527
"160-E-48th-St,-Apt-9Y,-New-York,-NY-10017",36061009200,Manhattan,16.45818509968503,24.714839535712564,31.181506202379232
"401-E-34th-St,-Unit-S05L,-New-York,-NY-10016",36061008601,Manhattan,23.732285286967265,32.3205289102931,38.78719557695977
"550-W-45th-St,-Apt-2404,-New-York,-NY-10036",36061012901,Manhattan,23.603417942174868,33.84372623553556,41.04593051478224
"150-E-44th-St,-Apt-31G,-New-York,-NY-10017",36061009200,Manhattan,11.86324198554041,20.50806492767511,26.97473159434178
"235-W-48th-St,-Unit-040G,-New-York,-NY-10036",36061012500,Manhattan,12.5378826951576,28.2680005112378,31.82121602849093
"635-W-42nd-St,-Apt-23D,-New-York,-NY-10036",36061012901,Manhattan,22.579364740706904,36.39603140737357,38.86269807404024
"150-E-44th-St,-Apt-29H,-New-York,-NY-10017",36061009200,Manhattan,11.728494587651785,20.40282729436725,26.869493961033918
"235-W-48th-St,-Unit-044B,-New-York,-NY-10036",36061012500,Manhattan,12.542094504230477,28.11438978636896,31.825427837563804
"401-E-34th-St,-Apt-S23G,-New-York,-NY-10016",36061008601,Manhattan,23.733130039676272,32.32311896827859,38.78978563494526
"635-W-42nd-St,-Apt-11K,-New-York,-NY-10036",36061012901,Manhattan,22.579364740706904,36.39603140737357,38.86269807404024
"401-E-34th-St,-Apt-S30X,-New-York,-NY-10016",36061008601,Manhattan,23.733130039676272,32.32311896827859,38.78978563494526
"635-W-42nd-St,-Apt-25H,-New-York,-NY-10036",36061012901,Manhattan,22.579364740706904,36.39603140737357,38.86269807404024
"404-E-88th-St,-Apt-5D,-New-York,-NY-10128",36061014402,Manhattan,22.04102240973261,36.85768907639928,43.47610255771669
"401-E-34th-St,-Apt-S16P,-New-York,-NY-10016",36061008601,Manhattan,23.733130039676272,32.32311896827859,38.78978563494526
"635-W-42nd-St,-Apt-17D,-New-York,-NY-10036",36061012901,Manhattan,22.579364740706904,36.39603140737357,38.86269807404024
"550-W-45th-St,-Apt-233,-New-York,-NY-10036",36061012901,Manhattan,23.44162991890206,33.65943259778914,40.85541522587639
"401-E-34th-St,-Apt-S27F,-New-York,-NY-10016",36061008601,Manhattan,23.732285286967265,32.3205289102931,38.78719557695977
"404-E-88th-St,-Apt-6B,-New-York,-NY-10128",36061014402,Manhattan,22.040953429597703,36.85762009626437,43.47558322229332
"635-W-42nd-St,-Apt-10D,-New-York,-NY-10036",36061012901,Manhattan,22.579364740706904,36.39603140737357,38.86269807404024
"550-W-45th-St,-Apt-732,-New-York,-NY-10036",36061012901,Manhattan,23.603417942174868,33.84372623553556,41.04593051478224
"111-W-56th-St,-Apt-38H,-New-York,-NY-10019",36061013700,Manhattan,11.521515846248882,27.338182512915548,33.80484917958221
"401-E-34th-St,-Unit-S09K,-New-York,-NY-10016",36061008601,Manhattan,23.732285286967265,32.3205289102931,38.78719557695977
"150-E-44th-St,-Apt-48D,-New-York,-NY-10017",36061009200,Manhattan,11.728494587651785,20.40282729436725,26.869493961033918
"401-E-34th-St,-Apt-N23D,-New-York,-NY-10016",36061008601,Manhattan,23.733130039676272,32.32311896827859,38.78978563494526
"401-E-34th-St,-Unit-N09M,-New-York,-NY-10016",36061008601,Manhattan,23.732285286967265,32.3205289102931,38.78719557695977
"15-Hudson-Yards,-Unit-34F,-New-York,-NY-10001",36061009903,Manhattan,16.033733701634706,29.85040036830137,32.31706703496804
"635-W-42nd-St,-Apt-22J,-New-York,-NY-10036",36061012901,Manhattan,22.579364740706904,36.39603140737357,38.86269807404024
"150-E-44th-St,-Apt-50D,-New-York,-NY-10017",36061009200,Manhattan,11.86324198554041,20.50806492767511,26.97473159434178
"66-W-38th-St,-Apt-15B,-New-York,-NY-10018",36061008400,Manhattan,5.633695641610785,24.818195707056287,29.75861664082655
"150-W-58th-St,-Apt-5C,-New-York,-NY-10019",36061013700,Manhattan,11.960106934619905,27.776773601286568,34.24344026795323
"212-W-91st-St,-Apt-1216,-New-York,-NY-10024",36061017900,Manhattan,22.759490502701468,35.10837397295932,37.07504063962599
"306-W-48th-St,-Apt-9C,-New-York,-NY-10036",36061009000,Manhattan,17.089765266816297,27.75335429788025,34.09284599844078
"100-W-39th-St,-Apt-42C,-New-York,-NY-10018",36061011300,Manhattan,4.313284392402618,25.0963005895225,28.007194951999885
"25-Water-St,-Apt-1509,-New-York,-NY-10004",36061000900,Manhattan,28.257047898832518,9.290139769024336,11.8535272562333
"233-E-29th-St,-Unit-3F,-New-York,-NY-10016",36061007002,Manhattan,23.909391203072484,24.94910364751238,31.41577031417905
"155-E-31st-St,-Unit-W23C,-New-York,-NY-10016",36061007200,Manhattan,19.51854656236809,22.60193601758261,29.068602684249274
"155-E-31st-St,-Unit-E14P,-New-York,-NY-10016",36061007200,Manhattan,19.51854656236809,22.60193601758261,29.068602684249274
"250-W-85th-St,-Apt-2C,-New-York,-NY-10024",36061017100,Manhattan,19.37694592637852,32.69361259304518,35.66027925971185
"448-W-57th-St,-Apt-4B,-New-York,-NY-10019",36061013900,Manhattan,19.664889528620076,33.73725279347105,38.94822286195341
"25-Water-St,-Apt-1434,-New-York,-NY-10004",36061000900,Manhattan,28.257047898832518,9.290139769024336,11.8535272562333
"212-W-91st-St,-Apt-1214,-New-York,-NY-10024",36061017900,Manhattan,22.759490502701468,35.10837397295932,37.07504063962599
"550-W-54th-St,-Apt-1607,-New-York,-NY-10019",36061013501,Manhattan,24.126476860182027,37.26006335411828,43.64106617412765
"245-E-44th-St,-Unit-12EF,-New-York,-NY-10017",36061009000,Manhattan,14.917503904864216,23.838478643851104,30.305145310517773
"44-Ave-B,-Apt-4C,-New-York,-NY-10009",36061003200,Manhattan,27.941064901501484,24.25773156816815,25.883202863464785
"7-E-75th-St,-Unit-5CD,-New-York,-NY-10021",36061013000,Manhattan,26.59730727987369,32.41397394654035,38.38064061320702
"510-Main-St,-Apt-1600,-New-York,-NY-10044",36061023803,Manhattan,24.51812013493965,36.83478680160632,42.30145346827298
"510-Main-St,-Apt-433,-New-York,-NY-10044",36061023803,Manhattan,24.51812013493965,36.83478680160632,42.30145346827298
"233-E-29th-St,-Apt-4N,-New-York,-NY-10016",36061007002,Manhattan,23.905298562844557,24.94469958171174,31.411366248378403
"236-E-36th-St,-Apt-11H,-New-York,-NY-10016",36061007800,Manhattan,18.242003027741816,26.78068404234454,33.24735070901121
"449-W-44th-St,-Apt-2F,-New-York,-NY-10036",36061012102,Manhattan,18.796889502780058,29.235270607450683,36.44907900568344
"66-W-38th-St,-Apt-41B,-New-York,-NY-10018",36061008400,Manhattan,5.803977932581,24.58048562214088,29.71220076205388
"155-E-31st-St,-Unit-E24S,-New-York,-NY-10016",36061007200,Manhattan,19.51854656236809,22.60193601758261,29.068602684249274
"232-E-54th-St,-Apt-29D,-New-York,-NY-10022",36061009800,Manhattan,11.381724998069092,25.19839166473576,31.165058331402424
"455-10th-Ave,-Apt-29C,-New-York,-NY-10018",36061009903,Manhattan,16.007376911006936,29.11658571290912,32.29071024434027
"66-W-38th-St,-Apt-15J,-New-York,-NY-10018",36061008400,Manhattan,5.633695641610785,24.818195707056287,29.75861664082655
"340-E-51st-St,-Unit-011B,-New-York,-NY-10022",36061009800,Manhattan,15.259111482891834,28.40797111936991,34.37463778603658
"301-E-38th-St,-Apt-6B,-New-York,-NY-10016",36061007800,Manhattan,17.055252202100494,25.90501446642579,32.37168113309246
"232-E-54th-St,-Apt-9A,-New-York,-NY-10022",36061009800,Manhattan,11.381724998069092,25.19839166473576,31.165058331402424
"40-Park-Ave,-Unit-05C,-New-York,-NY-10016",36061008200,Manhattan,12.976229506391489,23.84569846147171,30.31236512813837
"40-Park-Ave,-Apt-19C,-New-York,-NY-10016",36061008200,Manhattan,12.976229506391489,23.84569846147171,30.31236512813837
"635-E-6th-St,-Unit-3B,-New-York,-NY-10009",36061002602,Manhattan,31.324253028791137,28.357278959296284,30.14842244640183
"105-W-55th-St,-Apt-9F,-New-York,-NY-10019",36061013700,Manhattan,12.036933248102669,27.853599914769333,34.320266581436
"320-E-46th-St,-Apt-14G,-New-York,-NY-10017",36061009000,Manhattan,18.010174233909577,26.902051178154128,33.36871784482079
"440-W-34th-St,-Apt-2H,-New-York,-NY-10001",36061010300,Manhattan,18.01265369042822,26.621149289839984,33.555386933368005
"123-E-54th-St,-Apt-7G,-New-York,-NY-10022",36061010000,Manhattan,13.59245512132109,24.52063328437597,30.48729995104264
"66-W-38th-St,-Unit-08D,-New-York,-NY-10018",36061008400,Manhattan,5.633695641610785,24.818195707056287,29.75861664082655
"432-E-13th-St,-Unit-39,-New-York,-NY-10009",36061003400,Manhattan,20.36620022146961,19.68286688813628,25.149533554802943
"635-E-6th-St,-Apt-2W,-New-York,-NY-10009",36061002602,Manhattan,31.48225024910814,28.164785408731884,29.96072007257821
"123-E-54th-St,-Apt-5G,-New-York,-NY-10022",36061010000,Manhattan,13.59245512132109,24.52063328437597,30.48729995104264
"301-E-38th-St,-Apt-14I,-New-York,-NY-10016",36061007800,Manhattan,17.055252202100494,25.90501446642579,32.37168113309246
"410-W-53rd-St,-Apt-512,-New-York,-NY-10019",36061013300,Manhattan,18.45709746646376,31.504082691427605,37.74043079979709
"42-W-33rd-St,-Apt-30A,-New-York,-NY-10001",36061007600,Manhattan,7.874405038280664,21.52102306003876,28.487689726705423
"40-Park-Ave,-Apt-11C,-New-York,-NY-10016",36061008200,Manhattan,12.684173776850267,23.887858245267747,30.35452491193441
"145-Madison-Ave---A,-New-York,-NY-10016",36061007400,Manhattan,13.966936359916597,21.141295888932987,27.607962555599656
"410-W-53rd-St,-Apt-416,-New-York,-NY-10019",36061013300,Manhattan,18.92646646431994,31.866651431347783,38.20979979765328
"480-Main-St,-Apt-10G,-New-York,-NY-10044",36061023804,Manhattan,22.79286500989052,35.10953167655718,40.57619834322385
"432-E-13th-St,-Apt-14,-New-York,-NY-10009",36061003400,Manhattan,20.364909913278044,19.68157657994471,25.14824324661138
"202-E-13th-St,-Apt-4F,-New-York,-NY-10003",36061004002,Manhattan,19.469008272496527,17.07566967794809,23.542336344614757
"233-E-29th-St,-Apt-2N,-New-York,-NY-10016",36061007002,Manhattan,23.89050470541628,24.974610064590934,31.4412767312576
"400-W-56th-St,-Apt-5E,-New-York,-NY-10019",36061013900,Manhattan,17.837335880230686,32.115502479519954,37.31550247951996
"44-Ave-B,-Apt-3D,-New-York,-NY-10009",36061003200,Manhattan,27.941064901501484,24.25773156816815,25.883202863464785
"145-W-55th-St,-Apt-8E,-New-York,-NY-10019",36061013700,Manhattan,10.000536958794116,25.81720362546078,32.283870292127446
"480-Main-St,-Apt-J,-New-York,-NY-10044",36061023804,Manhattan,22.79286500989052,35.10953167655718,40.57619834322385
"15-W-103rd-St,-Apt-1D,-New-York,-NY-10025",36061018900,Manhattan,23.009960419222825,39.32662708588949,42.29329375255615
"320-W-38th-St,-Apt-733,-New-York,-NY-10018",36061011100,Manhattan,13.331130755462562,24.620391950556517,31.03757386557972
"311-W-50th-St,-Apt-7L,-New-York,-NY-10019",36061013300,Manhattan,13.968631910453844,26.58529857712051,33.251965243787176
"410-W-53rd-St,-Apt-301,-New-York,-NY-10019",36061013300,Manhattan,18.45709746646376,31.504082691427605,37.74043079979709
"325-E-5th-St,-Apt-D2,-New-York,-NY-10003",36061003800,Manhattan,25.646843572594317,23.76924324816051,22.88652108068029
"44-Ave-B,-Apt-4D,-New-York,-NY-10009",36061003200,Manhattan,27.962659147787704,24.27932581445437,25.92171564274935
"315-W-57th-St,-Apt-15G,-New-York,-NY-10019",36061013900,Manhattan,14.506260069731072,28.5895934030644,33.7895934030644
"315-W-57th-St,-Apt-16A,-New-York,-NY-10019",36061013900,Manhattan,14.506260069731072,28.5895934030644,33.7895934030644
"155-E-29th-St,-Apt-12H,-New-York,-NY-10016",36061007200,Manhattan,20.9725612323367,22.026662612503397,28.49332927917006
"66-W-38th-St,-Apt-41F,-New-York,-NY-10018",36061008400,Manhattan,5.633695641610785,24.818195707056287,29.75861664082655
"25-Water-St,-Apt-1418,-New-York,-NY-10004",36061000900,Manhattan,28.257047898832518,9.290139769024336,11.8535272562333
"300-E-57th-St,-Unit-03D,-New-York,-NY-10022",36061010802,Manhattan,15.556601513260246,28.24685377431668,34.713520440983345
"550-W-54th-St,-Unit-543,-New-York,-NY-10019",36061013501,Manhattan,25.09188299130691,37.93821257621979,44.38518200043138
"315-W-57th-St,-Unit-08F,-New-York,-NY-10019",36061013900,Manhattan,14.4422543440378,28.52558767737113,33.72558767737113
"503-W-46th-St,-Apt-6,-New-York,-NY-10036",36061012902,Manhattan,21.495292966727927,32.06436999637794,39.25465969011832
"432-E-13th-St,-Apt-5,-New-York,-NY-10009",36061003400,Manhattan,20.368761216278852,19.68542788294552,25.152094549612187
"135-E-50th-St,-Apt-7G,-New-York,-NY-10022",36061010000,Manhattan,13.750851409192922,21.64068779022387,27.607354456890537
"432-E-13th-St,-Apt-3,-New-York,-NY-10009",36061003400,Manhattan,20.368761216278852,19.68542788294552,25.152094549612187
"25-Water-St,-Apt-1138,-New-York,-NY-10004",36061000900,Manhattan,28.257047898832518,9.290139769024336,11.8535272562333
"320-E-54th-St,-Apt-10A,-New-York,-NY-10022",36061009800,Manhattan,13.983867413769516,27.800534080436183,33.76720074710285
"432-E-13th-St,-Unit-2,-New-York,-NY-10009",36061003400,Manhattan,20.14385440323709,19.46052106990376,24.927187736570424
"635-E-6th-St,-Unit-5C,-New-York,-NY-10009",36061002602,Manhattan,31.324253028791137,28.357278959296284,30.14842244640183
"311-W-50th-St,-Apt-7F,-New-York,-NY-10019",36061013300,Manhattan,14.147054418574204,26.766995368474955,33.43038775190754
"150-W-58th-St,-Apt-5A,-New-York,-NY-10019",36061013700,Manhattan,11.766606700546411,27.58327336721308,34.04994003387974
"361-E-50th-St,-Apt-2H,-New-York,-NY-10022",36061009800,Manhattan,16.778363861718315,29.696491805899647,35.66315847256632
"432-E-13th-St,-Apt-31,-New-York,-NY-10009",36061003400,Manhattan,20.368761216278852,19.68542788294552,25.152094549612187
"410-W-53rd-St,-Apt-104,-New-York,-NY-10019",36061013300,Manhattan,18.45709746646376,31.504082691427605,37.74043079979709
"134-Orchard-St,-Apt-7,-New-York,-NY-10002",36061001800,Manhattan,21.113159636408646,17.429826303075313,17.89071246681677
"42-W-33rd-St,-Unit-37G,-New-York,-NY-10001",36061007600,Manhattan,7.874405038280664,21.52102306003876,28.487689726705423
"440-W-47th-St,-Apt-5I,-New-York,-NY-10036",36061012700,Manhattan,19.170097941571385,30.14608919631281,37.1970971601459
"432-E-13th-St,-Unit-2A,-New-York,-NY-10009",36061003400,Manhattan,20.36620022146961,19.68286688813628,25.149533554802943
"321-W-37th-St,-Apt-3J,-New-York,-NY-10018",36061011100,Manhattan,12.855364609407552,23.89477950073624,30.17022914240677
"360-E-57th-St,-Apt-14B,-New-York,-NY-10022",36061010802,Manhattan,17.338391686010986,30.80872332421269,37.12172501934432
"400-W-56th-St,-Apt-5H,-New-York,-NY-10019",36061013900,Manhattan,17.843767853519807,32.12569333019739,37.3256933301974
"21-W-86th-St,-Apt-2A,-New-York,-NY-10024",36061017300,Manhattan,19.832879845254357,36.14954651192102,39.116213178587685
"212-W-91st-St,-Apt-1135,-New-York,-NY-10024",36061017900,Manhattan,22.75683071192788,35.10957565427014,37.07624232093681
"340-E-51st-St,-Apt-2F,-New-York,-NY-10022",36061009800,Manhattan,15.3516445138846,28.409622910038312,34.37628957670498
"66-W-38th-St,-Apt-34H,-New-York,-NY-10018",36061008400,Manhattan,5.803977932581,24.58048562214088,29.71220076205388
"30-Park-Ave,-Apt-2F,-New-York,-NY-10016",36061008200,Manhattan,13.188388215658874,23.088103712567765,29.55477037923443
"525-W-52nd-St,-Apt-9CS,-New-York,-NY-10019",36061013501,Manhattan,23.6911757451794,36.417460625295554,42.974509078512725
"915-W-End-Ave,-Apt-305,-New-York,-NY-10025",36061019100,Manhattan,24.490610489571853,37.80727715623852,40.77394382290518
"245-W-51st-St,-Apt-608,-New-York,-NY-10019",36061013100,Manhattan,11.844173333533767,26.974552127200347,31.127506666867102
"305-W-52nd-St,-Apt-6E,-New-York,-NY-10019",36061013300,Manhattan,13.942850457050689,27.977384325458967,33.22618379038402
"145-W-58th-St,-Unit-7B,-New-York,-NY-10019",36061013700,Manhattan,12.51862134271372,28.33528800938039,34.80195467604705
"455-10th-Ave,-Apt-25M,-New-York,-NY-10018",36061009903,Manhattan,16.007376911006936,29.11658571290912,32.29071024434027
"560-W-43rd-St,-Apt-18B,-New-York,-NY-10036",36061012901,Manhattan,22.384142159594013,33.41551719545982,38.66747549292735
"455-10th-Ave,-Apt-31M,-New-York,-NY-10018",36061009903,Manhattan,16.007376911006936,29.11658571290912,32.29071024434027
"560-W-43rd-St,-Unit-09G,-New-York,-NY-10036",36061012901,Manhattan,22.384142159594013,33.41551719545982,38.66747549292735
"400-W-55th-St,-Apt-18B,-New-York,-NY-10019",36061013900,Manhattan,18.21966489092621,33.14776661531342,38.5497723389218
"400-W-55th-St,-Apt-6L,-New-York,-NY-10019",36061013900,Manhattan,18.21966489092621,33.14776661531342,38.5497723389218
"66-W-38th-St,-Apt-9F,-New-York,-NY-10018",36061008400,Manhattan,5.633695641610785,24.818195707056287,29.75861664082655
"232-E-54th-St,-Apt-33B,-New-York,-NY-10022",36061009800,Manhattan,11.381724998069092,25.19839166473576,31.165058331402424
"330-W-56th-St,-Apt-5K,-New-York,-NY-10019",36061013900,Manhattan,15.338441021074493,30.71075283463467,35.91075283463467
"455-W-37th-St,-Apt-1106,-New-York,-NY-10018",36061011100,Manhattan,18.19894497129122,29.090697083450543,34.48227830462455
"66-W-38th-St,-Apt-17D,-New-York,-NY-10018",36061008400,Manhattan,5.633695641610785,24.818195707056287,29.75861664082655
"236-E-36th-St,-Apt-2E,-New-York,-NY-10016",36061007800,Manhattan,18.511849415467704,27.059152081462184,33.52581874812885
"236-E-36th-St,-Unit-LOBH0,-New-York,-NY-10016",36061007800,Manhattan,18.242003027741816,26.78068404234454,33.24735070901121
"425-Main-St,-Apt-4F,-New-York,-NY-10044",36061023804,Manhattan,20.396715505365083,32.71338217203175,38.18004883869842
"137-E-38th-St,-Apt-5E,-New-York,-NY-10016",36061008000,Manhattan,14.100721928920557,22.344203932402355,28.81087059906902
"237-Madison-Ave,-Apt-402,-New-York,-NY-10016",36061008200,Manhattan,10.72967999757139,23.612827716998808,30.079494383665477
"161-W-54th-St,-Unit-401C,-New-York,-NY-10019",36061013700,Manhattan,10.546782184344496,26.363448851011167,32.83011551767783
"279-E-44th-St,-Apt-5O,-New-York,-NY-10017",36061009000,Manhattan,15.1518528901078,24.114057721579886,30.58072438824655
"25-Water-St,-Apt-1527,-New-York,-NY-10004",36061000900,Manhattan,28.257047898832518,9.290139769024336,11.8535272562333
"1584-Fulton-St,-Apt-5C,-Brooklyn,-NY-11213",36047027100,Brooklyn,47.26390661105338,31.08057327772004,22.04723994438671
"249-Willoughby-Ave,-Apt-15B,-Brooklyn,-NY-11205",36047019300,Brooklyn,41.28155945339165,31.09822612005831,25.064892786724972
"161-W-54th-St,-Unit-1001B,-New-York,-NY-10019",36061013700,Manhattan,10.546782184344496,26.363448851011167,32.83011551767783
"271-W-47th-St,-Apt-49C,-New-York,-NY-10036",36061012500,Manhattan,13.147401185276989,27.358628569702887,32.461817347771195
"271-W-47th-St,-Apt-18B,-New-York,-NY-10036",36061012500,Manhattan,13.147401185276989,27.358628569702887,32.461817347771195
"360-W-34th-St,-Apt-8N,-New-York,-NY-10001",36061010300,Manhattan,17.01459807800522,23.347858440432915,30.316356624402182
"31-E-31st-St,-Ph-D,-New-York,-NY-10016",36061007400,Manhattan,14.692699815071132,21.042986067895608,27.50965273456228
"31-E-31st-St,-Apt-7A,-New-York,-NY-10016",36061007400,Manhattan,14.858597981226746,20.937404110885748,27.404070777552416
"3-W-36th-St,-Apt-8A,-New-York,-NY-10018",36061008400,Manhattan,8.781174946795803,24.624756715929063,31.369911919555992
"915-W-End-Ave,-Apt-705,-New-York,-NY-10025",36061019100,Manhattan,24.479233297429136,37.79589996409581,40.76256663076247
"915-W-End-Ave,-Apt-704,-New-York,-NY-10025",36061019100,Manhattan,24.479233297429136,37.79589996409581,40.76256663076247
"309-W-30th-St,-Apt-2E,-New-York,-NY-10001",36061010300,Manhattan,15.635653359820862,25.05014253967642,28.9189866931542
"309-W-30th-St,-Apt-3C,-New-York,-NY-10001",36061010300,Manhattan,15.635370009830943,25.04741785658668,28.91870334316428
"915-W-End-Ave,-Apt-506,-New-York,-NY-10025",36061019100,Manhattan,24.490610489571853,37.80727715623852,40.77394382290518
"271-W-47th-St,-Apt-34K,-New-York,-NY-10036",36061012500,Manhattan,13.147401185276989,27.358628569702887,32.461817347771195
"65-W-55th-St,-Unit-5RA,-New-York,-NY-10019",36061010400,Manhattan,13.510281928162623,30.036515403107423,36.50318206977409
"271-W-47th-St,-Apt-47A,-New-York,-NY-10036",36061012500,Manhattan,13.147401185276989,27.358628569702887,32.461817347771195
"525-W-52nd-St,-Apt-17EN,-New-York,-NY-10019",36061013501,Manhattan,23.90798225975089,36.66882917245547,43.19131559308423
"161-W-54th-St,-Unit-202B,-New-York,-NY-10019",36061013700,Manhattan,10.546782184344496,26.363448851011167,32.83011551767783
"9-W-31st-St,-Apt-10F,-New-York,-NY-10001",36061007600,Manhattan,10.457003643301904,24.07403246959969,29.72232303900745
"230-W-55th-St,-Apt-8F,-New-York,-NY-10019",36061013700,Manhattan,11.23532013785418,27.051986804520848,33.51865347118751
"455-10th-Ave,-Apt-18H,-New-York,-NY-10018",36061009903,Manhattan,16.007376911006936,29.11658571290912,32.29071024434027
"455-10th-Ave,-Apt-28H,-New-York,-NY-10018",36061009903,Manhattan,16.007376911006936,29.11658571290912,32.29071024434027
"232-E-54th-St,-Apt-18C,-New-York,-NY-10022",36061009800,Manhattan,11.381724998069092,25.19839166473576,31.165058331402424
"20-Park-Ave,-Unit-011C,-New-York,-NY-10016",36061008200,Manhattan,13.552708535345388,22.56338483617405,29.030051502840717
"400-W-55th-St,-Apt-3P,-New-York,-NY-10019",36061013900,Manhattan,18.21966489092621,33.14776661531342,38.5497723389218
"455-10th-Ave,-Apt-20M,-New-York,-NY-10018",36061009903,Manhattan,16.007376911006936,29.11658571290912,32.29071024434027
"455-10th-Ave,-Apt-33M,-New-York,-NY-10018",36061009903,Manhattan,16.007376911006936,29.11658571290912,32.29071024434027
"66-W-38th-St,-Unit-07E,-New-York,-NY-10018",36061008400,Manhattan,5.633695641610785,24.818195707056287,29.75861664082655
"66-W-38th-St,-Apt-43C,-New-York,-NY-10018",36061008400,Manhattan,5.633695641610785,24.818195707056287,29.75861664082655
"1065-2nd-Ave,-Unit-08C,-New-York,-NY-10022",36061010803,Manhattan,14.504437426733784,27.95394349281481,34.28777076006712
"236-E-36th-St,-Apt-7F,-New-York,-NY-10016",36061007800,Manhattan,18.511849415467704,27.059152081462184,33.52581874812885
"115-E-55th-St,-Apt-11C,-New-York,-NY-10022",36061010000,Manhattan,13.99142607279756,25.951985272788708,31.918651939455376
"455-10th-Ave,-Apt-21M,-New-York,-NY-10018",36061009903,Manhattan,16.007376911006936,29.11658571290912,32.29071024434027
"66-W-38th-St,-Apt-26F,-New-York,-NY-10018",36061008400,Manhattan,5.633695641610785,24.818195707056287,29.75861664082655
"30-Park-Ave,-Apt-2G,-New-York,-NY-10016",36061008200,Manhattan,13.42511723356714,23.019968573066805,29.48663523973347
"20-Park-Ave,-Unit-018D,-New-York,-NY-10016",36061008200,Manhattan,13.552708535345388,22.56338483617405,29.030051502840717
"360-W-34th-St,-Apt-10G,-New-York,-NY-10001",36061010300,Manhattan,17.01163345567994,23.345969624523875,30.31521091637008
"400-W-55th-St,-Apt-11C,-New-York,-NY-10019",36061013900,Manhattan,17.665436965971015,32.79953113784879,38.19094446294344
"330-W-56th-St,-Apt-4A,-New-York,-NY-10019",36061013900,Manhattan,15.338441021074493,30.71075283463467,35.91075283463467
"230-W-55th-St,-Apt-14B,-New-York,-NY-10019",36061013700,Manhattan,10.856276165237706,26.67294283190437,33.13960949857104
"100-W-39th-St,-Apt-42E,-New-York,-NY-10018",36061011300,Manhattan,4.313284392402618,25.0963005895225,28.007194951999885
"123-E-54th-St,-Apt-3H,-New-York,-NY-10022",36061010000,Manhattan,13.58803162010966,24.52148147070513,30.488148137371795
"30-Park-Ave,-Apt-14N,-New-York,-NY-10016",36061008200,Manhattan,13.188388215658874,23.088103712567765,29.55477037923443
"560-W-43rd-St,-Unit-03F,-New-York,-NY-10036",36061012901,Manhattan,22.864500561883357,33.78790665228216,39.147833895216685
"66-W-38th-St,-Apt-17E,-New-York,-NY-10018",36061008400,Manhattan,5.633695641610785,24.818195707056287,29.75861664082655
"560-W-43rd-St,-Apt-24L,-New-York,-NY-10036",36061012901,Manhattan,22.375888051031957,33.41850423347542,38.65922138436529
"1065-2nd-Ave,-Unit-08P,-New-York,-NY-10022",36061010803,Manhattan,14.476689945962056,27.998463189819823,34.26002327929539
"230-W-55th-St,-Apt-29F,-New-York,-NY-10019",36061013700,Manhattan,11.20854489331004,27.025211559976707,33.49187822664337
"455-10th-Ave,-Apt-37K,-New-York,-NY-10018",36061009903,Manhattan,16.007376911006936,29.11658571290912,32.29071024434027
"20-Park-Ave,-Unit-016D,-New-York,-NY-10016",36061008200,Manhattan,13.552708535345388,22.56338483617405,29.030051502840717
"249-Willoughby-Ave,-Apt-13E,-Brooklyn,-NY-11205",36047019300,Brooklyn,41.28155945339165,31.09822612005831,25.064892786724972
"237-Madison-Ave,-Apt-803,-New-York,-NY-10016",36061008200,Manhattan,10.72967999757139,23.612827716998808,30.079494383665477
"271-W-47th-St,-Apt-38A,-New-York,-NY-10036",36061012500,Manhattan,13.147401185276989,27.358628569702887,32.461817347771195
"525-W-52nd-St,-Apt-9QN,-New-York,-NY-10019",36061013501,Manhattan,23.90798225975089,36.66882917245547,43.19131559308423
"245-W-51st-St,-Apt-301,-New-York,-NY-10019",36061013100,Manhattan,11.844173333533767,26.974552127200347,31.127506666867102
"400-W-55th-St,-Unit-07D,-New-York,-NY-10019",36061013900,Manhattan,18.2152807402904,33.14831058037783,38.544013597854295
"525-W-52nd-St,-Apt-3ON,-New-York,-NY-10019",36061013501,Manhattan,23.90798225975089,36.66882917245547,43.19131559308423
"65-W-55th-St,-Unit-10RA,-New-York,-NY-10019",36061010400,Manhattan,13.510281928162623,30.036515403107423,36.50318206977409
"271-W-47th-St,-Apt-38D,-New-York,-NY-10036",36061012500,Manhattan,13.147401185276989,27.358628569702887,32.461817347771195
"161-W-54th-St,-Apt-1002,-New-York,-NY-10019",36061013700,Manhattan,10.546782184344496,26.363448851011167,32.83011551767783
"3-W-36th-St,-Apt-20A,-New-York,-NY-10018",36061008400,Manhattan,8.781174946795803,24.624756715929063,31.369911919555992
"301-E-38th-St,-Apt-8A,-New-York,-NY-10016",36061007800,Manhattan,17.055252202100494,25.90501446642579,32.37168113309246
"205-W-54th-St,-Apt-8G,-New-York,-NY-10019",36061013700,Manhattan,10.489801083742115,26.306467750408785,32.77313441707545
"66-W-38th-St,-Apt-17J,-New-York,-NY-10018",36061008400,Manhattan,5.633695641610785,24.818195707056287,29.75861664082655
"210-E-58th-St,-Apt-2J,-New-York,-NY-10022",36061010803,Manhattan,15.765258871402564,25.17093106687541,31.63759773354208
"230-E-44th-St,-Apt-11A,-New-York,-NY-10017",36061008800,Manhattan,14.280245241658788,23.260798546655383,29.72746521332205
"271-W-47th-St,-Ph-B,-New-York,-NY-10036",36061012500,Manhattan,13.087195999951614,27.469875266257198,32.474194840913164
"212-W-91st-St,-Apt-1127,-New-York,-NY-10024",36061017900,Manhattan,22.758207225051745,35.10784815062303,37.074514817289696
"1065-2nd-Ave,-Unit-07B,-New-York,-NY-10022",36061010803,Manhattan,14.476689945962056,27.998463189819823,34.26002327929539
"150-W-58th-St,-Apt-7C,-New-York,-NY-10019",36061013700,Manhattan,11.78118483445188,27.597851501118544,34.06451816778521
"345-E-5th-St,-Apt-8,-New-York,-NY-10003",36061003800,Manhattan,26.18736009933816,24.924253220711424,22.970693432671496
"530-W-45th-St,-Apt-10M,-New-York,-NY-10036",36061012901,Manhattan,22.16544163421064,32.4568126274443,39.66958782520301
"540-Main-St,-Apt-116,-New-York,-NY-10044",36061023803,Manhattan,25.779192520775684,38.09585918744235,43.56252585410902
"233-E-29th-St,-Unit-5W,-New-York,-NY-10016",36061007002,Manhattan,23.909391203072484,24.94910364751238,31.41577031417905
"432-E-13th-St,-Apt-33,-New-York,-NY-10009",36061003400,Manhattan,20.14385440323709,19.46052106990376,24.927187736570424
"440-W-47th-St,-Apt-2C,-New-York,-NY-10036",36061012700,Manhattan,19.15480347498933,30.19783096494925,37.221840301932254
"300-E-57th-St,-Unit-05G,-New-York,-NY-10022",36061010802,Manhattan,15.558181687276958,28.243801252026763,34.71046791869343
"105-W-55th-St,-Unit-6E2,-New-York,-NY-10019",36061013700,Manhattan,12.00267183763276,27.819338504299427,34.28600517096609
"25-Water-St,-Apt-1014,-New-York,-NY-10004",36061000900,Manhattan,28.257047898832518,9.290139769024336,11.8535272562333
"155-E-29th-St,-Apt-31D,-New-York,-NY-10016",36061007200,Manhattan,20.9725612323367,22.026662612503397,28.49332927917006
"444-W-35th-St,-Apt-18B,-New-York,-NY-10001",36061011100,Manhattan,17.88653635741039,26.785703610221784,33.90686818388937
"25-Water-St,-Apt-1546,-New-York,-NY-10004",36061000900,Manhattan,28.257047898832518,9.290139769024336,11.8535272562333
"25-Water-St,-Apt-1602,-New-York,-NY-10004",36061000900,Manhattan,28.257047898832518,9.290139769024336,11.8535272562333
"25-Water-St,-Apt-1203,-New-York,-NY-10004",36061000900,Manhattan,28.257047898832518,9.290139769024336,11.8535272562333
"30-River-Rd,-Apt-11H,-New-York,-NY-10044",36061023802,Manhattan,31.58164240531915,46.39830907198582,52.51569384245153
"320-W-38th-St,-Apt-1908,-New-York,-NY-10018",36061011100,Manhattan,13.331130755462562,24.620391950556517,31.03757386557972
"306-W-48th-St,-Apt-16C,-New-York,-NY-10036",36061009000,Manhattan,17.089765266816297,27.75335429788025,34.09284599844078
"233-E-29th-St,-Unit-3E,-New-York,-NY-10016",36061007002,Manhattan,23.909391203072484,24.94910364751238,31.41577031417905
"501-W-43rd-St,-Apt-4S,-New-York,-NY-10036",36061012901,Manhattan,19.89081731676537,30.20253336935823,37.35447625859253
"212-W-91st-St,-Apt-725,-New-York,-NY-10024",36061017900,Manhattan,22.75683071192788,35.10957565427014,37.07624232093681
"212-W-91st-St,-Apt-1105,-New-York,-NY-10024",36061017900,Manhattan,22.759490502701468,35.10837397295932,37.07504063962599
"245-E-44th-St,-Apt-19E,-New-York,-NY-10017",36061009000,Manhattan,14.872688799378423,23.79868326436762,30.265349931034287
"300-W-49th-St,-Apt-802,-New-York,-NY-10019",36061012700,Manhattan,13.899150969771307,27.216812586512404,33.18248430310464
"360-E-57th-St,-Apt-12A,-New-York,-NY-10022",36061010802,Manhattan,17.323018547911737,30.770522663216223,37.10635188124507
"432-E-13th-St,-Apt-4,-New-York,-NY-10009",36061003400,Manhattan,20.14385440323709,19.46052106990376,24.927187736570424
"25-Water-St,-Apt-1551,-New-York,-NY-10004",36061000900,Manhattan,28.257047898832518,9.290139769024336,11.8535272562333
"245-E-44th-St,-Apt-14D,-New-York,-NY-10017",36061009000,Manhattan,14.872688799378423,23.79868326436762,30.265349931034287
"480-Main-St,-Apt-N,-New-York,-NY-10044",36061023804,Manhattan,22.46134838100932,34.778015047675986,40.24468171434265
"306-W-48th-St,-Apt-5B,-New-York,-NY-10036",36061012700,Manhattan,14.407473581509146,28.150271727984613,33.614145444043515
"635-E-6th-St,-Unit-2A,-New-York,-NY-10009",36061002602,Manhattan,31.324253028791137,28.357278959296284,30.14842244640183
"520-W-48th-St,-Apt-2E,-New-York,-NY-10036",36061012902,Manhattan,23.100161031055347,33.95271931747852,41.070608953052506
"235-W-56th-St,-Apt-36J,-New-York,-NY-10019",36061013700,Manhattan,11.843914957005534,27.6605816236722,34.12724829033887
"202-E-13th-St,-Apt-3F,-New-York,-NY-10003",36061004002,Manhattan,19.469008272496527,17.07566967794809,23.542336344614757
"432-E-13th-St,-Apt-34,-New-York,-NY-10009",36061003400,Manhattan,20.14385440323709,19.46052106990376,24.927187736570424
"550-W-54th-St,-Apt-1410,-New-York,-NY-10019",36061013501,Manhattan,24.126476860182027,37.26006335411828,43.64106617412765
"155-E-31st-St,-Unit-E10G,-New-York,-NY-10016",36061007200,Manhattan,19.51854656236809,22.60193601758261,29.068602684249274
"505-W-37th-St,-Apt-803,-New-York,-NY-10018",36061009903,Manhattan,17.000944289524632,30.58845007889119,33.284277622857964
"555-W-38th-St,-Apt-1503,-New-York,-NY-10018",36061011700,Manhattan,16.664567916009386,30.48123458267605,32.94790124934272
"555-W-38th-St,-Apt-2513,-New-York,-NY-10018",36061011700,Manhattan,16.664567916009386,30.48123458267605,32.94790124934272
"555-W-38th-St,-Apt-2405,-New-York,-NY-10018",36061011700,Manhattan,16.664567916009386,30.48123458267605,32.94790124934272
"309-W-139th-St,-Apt-2,-New-York,-NY-10030",36061022102,Manhattan,32.385681869957445,41.20234853662411,48.669015203290776
"37-34-33rd-St,-Unit-2I,-Queens,-NY-11101",36081005500,Queens,24.73814065327971,35.05480731994638,42.521473986613046
"33-25-Junction-Blvd,-Unit-6B,-Queens,-NY-11372",36081037502,Queens,39.23836951884837,56.55503618551504,61.15636657752223
"28-08-38th-Ave,-Unit-2E,-Queens,-NY-11101",36081003100,Queens,25.724309791008125,37.558128427350425,43.52479509401709
"28-08-38th-Ave,-Unit-1A,-Queens,-NY-11101",36081003100,Queens,25.724309791008125,37.558128427350425,43.52479509401709
"28-08-38th-Ave,-Unit-2A,-Queens,-NY-11101",36081003100,Queens,25.724309791008125,37.558128427350425,43.52479509401709
"28-08-38th-Ave,-Unit-2D,-Queens,-NY-11101",36081003100,Queens,25.724309791008125,37.558128427350425,43.52479509401709
"42-62-Hunter-St,-Unit-12A,-Queens,-NY-11101",36081001902,Queens,18.749787416589317,33.34108825956723,39.3077549262339
"53-Park-Pl,-Apt-11A,-New-York,-NY-10007",36061002100,Manhattan,19.87515320847848,9.89717253752074,15.252211376484558
"53-Park-Pl,-Apt-2E,-New-York,-NY-10007",36061002100,Manhattan,20.23359077018745,9.597748180092692,15.163421932634389
"25-W-68th-St,-Unit-8FF,-New-York,-NY-10023",36061015301,Manhattan,17.74857617944262,34.065242846109285,37.031909512775954
"730-E-32nd-St,-Apt-5B,-Brooklyn,-NY-11210",36047078601,Brooklyn,55.77627015086277,36.59293681752944,29.059603484196103
"20-Beekman-Pl,-Unit-1BC,-New-York,-NY-10022",36061008603,Manhattan,18.62084385895179,31.820346593262737,37.7870132599294
"200-E-66th-St,-Apt-B1106,-New-York,-NY-10065",36061011800,Manhattan,17.92837963633729,29.54638412674777,35.51752566204401
"2413-3rd-Ave,-Apt-2504,-Bronx,-NY-10451",36005005100,Bronx,40.468687824108,43.28535449077467,49.94238551019721
"260-W-26th-St,-Apt-6I,-New-York,-NY-10001",36061009100,Manhattan,14.67988296899299,22.12723638151208,28.963216302326323
"328-E-14th-St,-Apt-34,-New-York,-NY-10003",36061004001,Manhattan,21.215061873189157,20.53172853985582,25.99839520652249
"249-Willoughby-Ave,-Apt-9B,-Brooklyn,-NY-11205",36047019300,Brooklyn,41.28155945339165,31.09822612005831,25.064892786724972
"330-E-38th-St,-Apt-24A,-New-York,-NY-10016",36061007800,Manhattan,19.231673242013485,28.11865671353089,34.58532338019756
"249-Willoughby-Ave,-Apt-6F,-Brooklyn,-NY-11205",36047019300,Brooklyn,41.28155945339165,31.09822612005831,25.064892786724972
"70-Pine-St,-Ph-5502,-New-York,-NY-10005",36061000700,Manhattan,23.934534064633272,6.749877640616291,11.217867397966604
"53-Park-Pl,-Apt-9E,-New-York,-NY-10007",36061002100,Manhattan,19.87515320847848,9.89717253752074,15.252211376484558
"140-Riverside-Blvd,-Apt-1883,-New-York,-NY-10069",36061015502,Manhattan,24.076030592365253,36.39269725903192,38.35936392569859
"70-Pine-St,-Apt-927,-New-York,-NY-10005",36061000700,Manhattan,23.952909718628707,6.769576385295375,11.236243051962042
"19-Dutch-St,-Apt-51H,-New-York,-NY-10038",36061001502,Manhattan,21.60130011068426,6.5091535045209525,11.884633444017595
"88-Leonard-St,-Apt-1111,-New-York,-NY-10013",36061003300,Manhattan,23.69924146855749,12.544408658349418,19.011075325016083
"180-Water-St,-Apt-2003,-New-York,-NY-10038",36061001502,Manhattan,25.070261544323337,9.470075328099872,14.098724255196144
"70-Pine-St,-Apt-2704,-New-York,-NY-10005",36061000700,Manhattan,23.952909718628707,6.769576385295375,11.236243051962042
"10-Hanover-Sq,-Apt-6N,-New-York,-NY-10005",36061000700,Manhattan,26.20288512502639,7.566989091338057,13.486218458359724
"70-Pine-St,-Apt-3301,-New-York,-NY-10005",36061000700,Manhattan,23.952909718628707,6.769576385295375,11.236243051962042
"20-Broad-St,-Apt-1910,-New-York,-NY-10005",36061000700,Manhattan,24.8056057117542,2.6966650945796298,10.163331761246296
"19-Dutch-St,-Apt-31H,-New-York,-NY-10038",36061001502,Manhattan,22.06186218313051,6.265357761208111,12.34519551646384
"75-West-St,-Apt-12C,-New-York,-NY-10006",36061001300,Manhattan,25.66746075734936,5.664652816951604,13.131319483618272
"70-Pine-St,-Apt-1907,-New-York,-NY-10005",36061000700,Manhattan,23.857844096426,6.674510763092669,11.141177429759336
"70-Pine-St,-Apt-2107,-New-York,-NY-10005",36061000700,Manhattan,23.952909718628707,6.769576385295375,11.236243051962042
"2605-Snyder-Ave,-Apt-4C,-Brooklyn,-NY-11226",36047079400,Brooklyn,51.53511360384313,34.19513424668879,26.661800913355457
"70-Pine-St,-Apt-1131,-New-York,-NY-10005",36061000700,Manhattan,23.952909718628707,6.769576385295375,11.236243051962042
"53-E-64th-St,-Unit-3,-New-York,-NY-10065",36061012200,Manhattan,17.109360798286808,27.8823555203766,34.34902218704327
"32-53-101st-St,-Unit-2B,-Queens,-NY-11369",36081036500,Queens,41.760723008523655,59.077389675190325,63.54405634185699
"32-53-101st-St,-Unit-4C,-Queens,-NY-11369",36081036500,Queens,41.760723008523655,59.077389675190325,63.54405634185699
"441-E-180th-St,-Bronx,-NY-10457",36005039500,Bronx,44.76141079475841,62.57807746142508,70.82816188752098
"130-Water-St,-Unit-1123,-New-York,-NY-10005",36061000700,Manhattan,25.11238972055493,7.858844193485728,12.395723053888268
"1057-Atlantic-Ave,-Apt-410,-Brooklyn,-NY-11238",36047022700,Brooklyn,42.59697315383234,26.413639820499004,17.380306487165672
"1057-Atlantic-Ave,-Apt-1212,-Brooklyn,-NY-11238",36047022700,Brooklyn,42.59697315383234,26.413639820499004,17.380306487165672
"1057-Atlantic-Ave,-Apt-629,-Brooklyn,-NY-11238",36047022700,Brooklyn,42.59697315383234,26.413639820499004,17.380306487165672
"1057-Atlantic-Ave,-Apt-1224,-Brooklyn,-NY-11238",36047022700,Brooklyn,42.59697315383234,26.413639820499004,17.380306487165672
"1057-Atlantic-Ave,-Apt-1424,-Brooklyn,-NY-11238",36047022700,Brooklyn,42.59697315383234,26.413639820499004,17.380306487165672
"1057-Atlantic-Ave,-Apt-1423,-Brooklyn,-NY-11238",36047022700,Brooklyn,42.59697315383234,26.413639820499004,17.380306487165672
"1057-Atlantic-Ave,-Apt-1523,-Brooklyn,-NY-11238",36047022700,Brooklyn,42.59697315383234,26.413639820499004,17.380306487165672
"1057-Atlantic-Ave,-Apt-407,-Brooklyn,-NY-11238",36047022700,Brooklyn,42.59697315383234,26.413639820499004,17.380306487165672
"1057-Atlantic-Ave,-Apt-1718,-Brooklyn,-NY-11238",36047022700,Brooklyn,42.59697315383234,26.413639820499004,17.380306487165672
"1057-Atlantic-Ave,-Apt-1613,-Brooklyn,-NY-11238",36047022700,Brooklyn,42.59697315383234,26.413639820499004,17.380306487165672
"1057-Atlantic-Ave,-Apt-1717,-Brooklyn,-NY-11238",36047022700,Brooklyn,42.59697315383234,26.413639820499004,17.380306487165672
"1057-Atlantic-Ave,-Ph-11,-Brooklyn,-NY-11238",36047022700,Brooklyn,42.59697315383234,26.413639820499004,17.380306487165672
"1057-Atlantic-Ave,-Ph-8,-Brooklyn,-NY-11238",36047022700,Brooklyn,42.59697315383234,26.413639820499004,17.380306487165672
"1057-Atlantic-Ave,-Ph-16,-Brooklyn,-NY-11238",36047022700,Brooklyn,42.59697315383234,26.413639820499004,17.380306487165672
"1057-Atlantic-Ave,-Ph-12,-Brooklyn,-NY-11238",36047022700,Brooklyn,42.59697315383234,26.413639820499004,17.380306487165672
"1057-Atlantic-Ave,-Apt-901,-Brooklyn,-NY-11238",36047022700,Brooklyn,42.59697315383234,26.413639820499004,17.380306487165672
"1057-Atlantic-Ave,-Apt-1512,-Brooklyn,-NY-11238",36047022700,Brooklyn,42.59697315383234,26.413639820499004,17.380306487165672
"1057-Atlantic-Ave,-Apt-1612,-Brooklyn,-NY-11238",36047022700,Brooklyn,42.59697315383234,26.413639820499004,17.380306487165672
"1057-Atlantic-Ave,-Apt-1031,-Brooklyn,-NY-11238",36047022700,Brooklyn,42.59697315383234,26.413639820499004,17.380306487165672
"1057-Atlantic-Ave,-Apt-1707,-Brooklyn,-NY-11238",36047022700,Brooklyn,42.59697315383234,26.413639820499004,17.380306487165672
"1057-Atlantic-Ave,-Apt-1214,-Brooklyn,-NY-11238",36047022700,Brooklyn,42.59697315383234,26.413639820499004,17.380306487165672
"1057-Atlantic-Ave,-Apt-1411,-Brooklyn,-NY-11238",36047022700,Brooklyn,42.59697315383234,26.413639820499004,17.380306487165672
"1057-Atlantic-Ave,-Apt-829,-Brooklyn,-NY-11238",36047022700,Brooklyn,42.59697315383234,26.413639820499004,17.380306487165672
"1057-Atlantic-Ave,-Apt-1209,-Brooklyn,-NY-11238",36047022700,Brooklyn,42.59697315383234,26.413639820499004,17.380306487165672
"1057-Atlantic-Ave,-Apt-1216,-Brooklyn,-NY-11238",36047022700,Brooklyn,42.59697315383234,26.413639820499004,17.380306487165672
"1057-Atlantic-Ave,-Apt-1706,-Brooklyn,-NY-11238",36047022700,Brooklyn,42.59697315383234,26.413639820499004,17.380306487165672
"1057-Atlantic-Ave,-Apt-1708,-Brooklyn,-NY-11238",36047022700,Brooklyn,42.59697315383234,26.413639820499004,17.380306487165672
"1057-Atlantic-Ave,-Apt-1410,-Brooklyn,-NY-11238",36047022700,Brooklyn,42.59697315383234,26.413639820499004,17.380306487165672
"1057-Atlantic-Ave,-Apt-1422,-Brooklyn,-NY-11238",36047022700,Brooklyn,42.59697315383234,26.413639820499004,17.380306487165672
"1057-Atlantic-Ave,-Apt-229,-Brooklyn,-NY-11238",36047022700,Brooklyn,42.59697315383234,26.413639820499004,17.380306487165672
"1057-Atlantic-Ave,-Apt-1713,-Brooklyn,-NY-11238",36047022700,Brooklyn,42.59697315383234,26.413639820499004,17.380306487165672
"1057-Atlantic-Ave,-Apt-1518,-Brooklyn,-NY-11238",36047022700,Brooklyn,42.59697315383234,26.413639820499004,17.380306487165672
"1057-Atlantic-Ave,-Apt-801,-Brooklyn,-NY-11238",36047022700,Brooklyn,42.59697315383234,26.413639820499004,17.380306487165672
"1057-Atlantic-Ave,-Apt-1428,-Brooklyn,-NY-11238",36047022700,Brooklyn,42.59697315383234,26.413639820499004,17.380306487165672
"1057-Atlantic-Ave,-Apt-1722,-Brooklyn,-NY-11238",36047022700,Brooklyn,42.59697315383234,26.413639820499004,17.380306487165672
"1057-Atlantic-Ave,-Apt-612,-Brooklyn,-NY-11238",36047022700,Brooklyn,42.59697315383234,26.413639820499004,17.380306487165672
"1057-Atlantic-Ave,-Apt-1210,-Brooklyn,-NY-11238",36047022700,Brooklyn,42.59697315383234,26.413639820499004,17.380306487165672
"1057-Atlantic-Ave,-Apt-1125,-Brooklyn,-NY-11238",36047022700,Brooklyn,42.59697315383234,26.413639820499004,17.380306487165672
"1057-Atlantic-Ave,-Apt-1723,-Brooklyn,-NY-11238",36047022700,Brooklyn,42.59697315383234,26.413639820499004,17.380306487165672
"1057-Atlantic-Ave,-Ph-13,-Brooklyn,-NY-11238",36047022700,Brooklyn,42.59697315383234,26.413639820499004,17.380306487165672
"1057-Atlantic-Ave,-Apt-1519,-Brooklyn,-NY-11238",36047022700,Brooklyn,42.59697315383234,26.413639820499004,17.380306487165672
"1057-Atlantic-Ave,-Apt-1514,-Brooklyn,-NY-11238",36047022700,Brooklyn,42.59697315383234,26.413639820499004,17.380306487165672
"1057-Atlantic-Ave,-Apt-1618,-Brooklyn,-NY-11238",36047022700,Brooklyn,42.59697315383234,26.413639820499004,17.380306487165672
"1057-Atlantic-Ave,-Ph-14,-Brooklyn,-NY-11238",36047022700,Brooklyn,42.59697315383234,26.413639820499004,17.380306487165672
"1057-Atlantic-Ave,-Ph-6,-Brooklyn,-NY-11238",36047022700,Brooklyn,42.59697315383234,26.413639820499004,17.380306487165672
"1057-Atlantic-Ave,-Apt-1229,-Brooklyn,-NY-11238",36047022700,Brooklyn,42.59697315383234,26.413639820499004,17.380306487165672
"1057-Atlantic-Ave,-Apt-1609,-Brooklyn,-NY-11238",36047022700,Brooklyn,42.59697315383234,26.413639820499004,17.380306487165672
"1057-Atlantic-Ave,-Apt-1501,-Brooklyn,-NY-11238",36047022700,Brooklyn,42.59697315383234,26.413639820499004,17.380306487165672
"1057-Atlantic-Ave,-Apt-1122,-Brooklyn,-NY-11238",36047022700,Brooklyn,42.59697315383234,26.413639820499004,17.380306487165672
"1057-Atlantic-Ave,-Apt-1416,-Brooklyn,-NY-11238",36047022700,Brooklyn,42.59697315383234,26.413639820499004,17.380306487165672
"1057-Atlantic-Ave,-Apt-1507,-Brooklyn,-NY-11238",36047022700,Brooklyn,42.59697315383234,26.413639820499004,17.380306487165672
"1057-Atlantic-Ave,-Ph-1,-Brooklyn,-NY-11238",36047022700,Brooklyn,42.59697315383234,26.413639820499004,17.380306487165672
"1057-Atlantic-Ave,-Apt-1516,-Brooklyn,-NY-11238",36047022700,Brooklyn,42.59697315383234,26.413639820499004,17.380306487165672
"1057-Atlantic-Ave,-Apt-1211,-Brooklyn,-NY-11238",36047022700,Brooklyn,42.59697315383234,26.413639820499004,17.380306487165672
"1057-Atlantic-Ave,-Ph-17,-Brooklyn,-NY-11238",36047022700,Brooklyn,42.59697315383234,26.413639820499004,17.380306487165672
"1057-Atlantic-Ave,-Apt-1415,-Brooklyn,-NY-11238",36047022700,Brooklyn,42.59697315383234,26.413639820499004,17.380306487165672
"1057-Atlantic-Ave,-Apt-203,-Brooklyn,-NY-11238",36047022700,Brooklyn,42.59697315383234,26.413639820499004,17.380306487165672
"1057-Atlantic-Ave,-Apt-1429,-Brooklyn,-NY-11238",36047022700,Brooklyn,42.59697315383234,26.413639820499004,17.380306487165672
"1057-Atlantic-Ave,-Apt-1110,-Brooklyn,-NY-11238",36047022700,Brooklyn,42.59697315383234,26.413639820499004,17.380306487165672
"1057-Atlantic-Ave,-Apt-231,-Brooklyn,-NY-11238",36047022700,Brooklyn,42.59697315383234,26.413639820499004,17.380306487165672
"1057-Atlantic-Ave,-Apt-1619,-Brooklyn,-NY-11238",36047022700,Brooklyn,42.59697315383234,26.413639820499004,17.380306487165672
"1057-Atlantic-Ave,-Apt-1513,-Brooklyn,-NY-11238",36047022700,Brooklyn,42.59697315383234,26.413639820499004,17.380306487165672
"1057-Atlantic-Ave,-Apt-1607,-Brooklyn,-NY-11238",36047022700,Brooklyn,42.59697315383234,26.413639820499004,17.380306487165672
"1057-Atlantic-Ave,-Apt-1614,-Brooklyn,-NY-11238",36047022700,Brooklyn,42.59697315383234,26.413639820499004,17.380306487165672
"1057-Atlantic-Ave,-Apt-1114,-Brooklyn,-NY-11238",36047022700,Brooklyn,42.59697315383234,26.413639820499004,17.380306487165672
"1057-Atlantic-Ave,-Apt-1615,-Brooklyn,-NY-11238",36047022700,Brooklyn,42.59697315383234,26.413639820499004,17.380306487165672
"1057-Atlantic-Ave,-Apt-228,-Brooklyn,-NY-11238",36047022700,Brooklyn,42.59697315383234,26.413639820499004,17.380306487165672
"1057-Atlantic-Ave,-Apt-922,-Brooklyn,-NY-11238",36047022700,Brooklyn,42.59697315383234,26.413639820499004,17.380306487165672
"1057-Atlantic-Ave,-Ph-7,-Brooklyn,-NY-11238",36047022700,Brooklyn,42.59697315383234,26.413639820499004,17.380306487165672
"1057-Atlantic-Ave,-Apt-1222,-Brooklyn,-NY-11238",36047022700,Brooklyn,42.59697315383234,26.413639820499004,17.380306487165672
"1057-Atlantic-Ave,-Apt-201,-Brooklyn,-NY-11238",36047022700,Brooklyn,42.59697315383234,26.413639820499004,17.380306487165672
"1057-Atlantic-Ave,-Apt-1520,-Brooklyn,-NY-11238",36047022700,Brooklyn,42.59697315383234,26.413639820499004,17.380306487165672
"1057-Atlantic-Ave,-Apt-1201,-Brooklyn,-NY-11238",36047022700,Brooklyn,42.59697315383234,26.413639820499004,17.380306487165672
"1057-Atlantic-Ave,-Apt-1412,-Brooklyn,-NY-11238",36047022700,Brooklyn,42.59697315383234,26.413639820499004,17.380306487165672
"1057-Atlantic-Ave,-Apt-1515,-Brooklyn,-NY-11238",36047022700,Brooklyn,42.59697315383234,26.413639820499004,17.380306487165672
"1057-Atlantic-Ave,-Ph-18,-Brooklyn,-NY-11238",36047022700,Brooklyn,42.59697315383234,26.413639820499004,17.380306487165672
"1057-Atlantic-Ave,-Apt-729,-Brooklyn,-NY-11238",36047022700,Brooklyn,42.59697315383234,26.413639820499004,17.380306487165672
"1057-Atlantic-Ave,-Apt-1022,-Brooklyn,-NY-11238",36047022700,Brooklyn,42.59697315383234,26.413639820499004,17.380306487165672
"1057-Atlantic-Ave,-Apt-712,-Brooklyn,-NY-11238",36047022700,Brooklyn,42.59697315383234,26.413639820499004,17.380306487165672
"1057-Atlantic-Ave,-Apt-230,-Brooklyn,-NY-11238",36047022700,Brooklyn,42.59697315383234,26.413639820499004,17.380306487165672
"1057-Atlantic-Ave,-Apt-816,-Brooklyn,-NY-11238",36047022700,Brooklyn,42.59697315383234,26.413639820499004,17.380306487165672
"53-E-64th-St,-Unit-3A,-New-York,-NY-10065",36061012200,Manhattan,17.039896906883026,27.71822891417714,34.1848955808438
"45-Wall-St,-Apt-801,-New-York,-NY-10005",36061000700,Manhattan,23.155103511635154,4.253753279519135,10.43843684496849
"720-Greenwich-St,-Apt-6K,-New-York,-NY-10014",36061007500,Manhattan,21.20107697244854,21.517743639115206,26.48441030578187
"749-Kelly-St,-Bronx,-NY-10455",36005008500,Bronx,46.80545990595743,51.72457372322036,57.588793239290766
"220-E-63rd-St,-Unit-5AA,-New-York,-NY-10065",36061011000,Manhattan,16.851674344160074,26.72690364037409,33.19357030704076
"95-Christopher-St,-Unit-2CC,-New-York,-NY-10014",36061007300,Manhattan,17.432819779938402,17.74948644660507,22.716153113271734
"224-14th-St,-Unit-2,-Brooklyn,-NY-11215",36047014101,Brooklyn,43.62433080056886,31.67332099913371,19.13998766580038
"33-25-Junction-Blvd,-Unit-4C,-Queens,-NY-11372",36081037502,Queens,39.23836951884837,56.55503618551504,61.15636657752223
"11-39-49th-Ave,-Unit-528,-Queens,-NY-11101",36081000701,Queens,17.290849784521317,28.607516451187983,34.57418311785465
"11-39-49th-Ave,-Unit-1010,-Queens,-NY-11101",36081000701,Queens,17.290849784521317,28.607516451187983,34.57418311785465
"141-E-56th-St,-Unit-2CC,-New-York,-NY-10022",36061011203,Manhattan,14.16624263538326,25.22513320917928,31.691799875845945
"113-Christopher-St,-Apt-4,-New-York,-NY-10014",36061007300,Manhattan,18.29221599818556,18.608882664852224,23.575549331518893
"420-W-51st-St,-Apt-4,-New-York,-NY-10019",36061013300,Manhattan,18.764084041081507,31.421770584748263,38.04741737441484
"1-Wall-St,-Unit-408,-New-York,-NY-10005",36061000700,Manhattan,25.053252130462912,7.100220468877044,12.336585463796244
"525-Audubon-Ave,-Apt-1215,-New-York,-NY-10040",36061027700,Manhattan,40.20833643524033,50.525003101907,57.49166976857366
"249-Willoughby-Ave,-Apt-11D,-Brooklyn,-NY-11205",36047019300,Brooklyn,41.28155945339165,31.09822612005831,25.064892786724972
"50-Varet-St,---5GG,-Brooklyn,-NY-11206",36047049100,Brooklyn,33.90454206781534,33.22120873448201,33.19840955495037
"417-E-78th-St,-Apt-4D,-New-York,-NY-10075",36061013203,Manhattan,24.923448230613584,37.26010001730332,43.226766683969984
"33-25-Junction-Blvd,-Unit-3C,-Queens,-NY-11372",36081037502,Queens,39.23836951884837,56.55503618551504,61.15636657752223
"1024-E-224th-St,-Unit-4BRM,-Bronx,-NY-10466",36005039800,Bronx,79.71725198989033,79.03391865655699,89.00058532322366
"36-Laight-St,---A,-New-York,-NY-10013",36061003300,Manhattan,19.89107003028481,14.207736696951478,19.174403363618143
"555-W-38th-St,-Apt-2203,-New-York,-NY-10018",36061011700,Manhattan,16.664567916009386,30.48123458267605,32.94790124934272
"160-Front-St,-Apt-412,-Brooklyn,-NY-11201",36047002100,Brooklyn,27.665401041647748,19.02443984718727,12.948734374981084
"164-E-107th-St,-Unit-2W,-New-York,-NY-10029",36061017200,Manhattan,30.713734722948555,36.53040138961522,42.49706805628189
"50-W-34th-St,-Apt-6A13,-New-York,-NY-10001",36061007600,Manhattan,6.171227272979265,20.03251182722088,26.9545606063126
"33-25-Junction-Blvd,-Unit-5D,-Queens,-NY-11372",36081037502,Queens,39.23836951884837,56.55503618551504,61.15636657752223
"248-Mott-St,-Unit-1854,-New-York,-NY-10012",36061004300,Manhattan,18.17718720483976,17.28658230809958,22.460520538173093
"1365-1st-Ave-Unit-A,-New-York,-NY-10021",36061012601,Manhattan,18.808025765361688,33.624692432028354,40.59135909869503
"180-Water-St,-Apt-1607,-New-York,-NY-10038",36061001502,Manhattan,25.070261544323337,9.470075328099872,14.098724255196144
"19-Dutch-St,-Apt-56D,-New-York,-NY-10038",36061001502,Manhattan,21.60130011068426,6.5091535045209525,11.884633444017595
"180-Water-St,-Apt-1306,-New-York,-NY-10038",36061001502,Manhattan,25.070261544323337,9.470075328099872,14.098724255196144
"33-25-Junction-Blvd,-Unit-4A,-Queens,-NY-11372",36081037502,Queens,39.23836951884837,56.55503618551504,61.15636657752223
"118-Christopher-St,-Unit-1826,-New-York,-NY-10014",36061007300,Manhattan,18.360074252855853,18.822969366744708,23.789636033411377
"15-Park-Row,-Apt-6C,-New-York,-NY-10038",36061001501,Manhattan,22.12030793875267,6.057591288320909,12.524257954987576
"550-W-54th-St,-Apt-1930,-New-York,-NY-10019",36061013501,Manhattan,24.20500123546564,37.301983912084026,43.69087701830569
"20-5th-Ave,-Unit-9BB,-New-York,-NY-10011",36061006300,Manhattan,17.19890361726174,20.015570283928408,26.482236950595077
"420-E-54th-St,-Apt-304,-New-York,-NY-10022",36061008603,Manhattan,17.679753570430442,31.49642023709711,37.463086903763774
"420-E-54th-St,-Apt-509,-New-York,-NY-10022",36061008603,Manhattan,17.679753570430442,31.49642023709711,37.463086903763774
"420-E-54th-St,-Apt-705,-New-York,-NY-10022",36061008603,Manhattan,17.679753570430442,31.49642023709711,37.463086903763774
"208-E-6th-St,-Apt-38,-New-York,-NY-10003",36061003800,Manhattan,21.81453113310332,19.664534862868425,25.050853817148266
"310-E-2nd-St,-Apt-9K,-New-York,-NY-10009",36061002202,Manhattan,29.766356789958007,26.083023456624677,28.29824001730839
"1-W-60th-St,-Unit-22EE,-New-York,-NY-10023",36061014500,Manhattan,13.507359009453817,27.38936381935349,32.790692342787146
"328-E-74th-St,-Unit-1,-New-York,-NY-10021",36061012601,Manhattan,17.882552468723134,32.699219135389804,39.66588580205647
"159-E-118th-St,-Apt-1A,-New-York,-NY-10035",36061018200,Manhattan,31.695173021142654,37.51183968780933,43.47850635447599
"33-25-Junction-Blvd,-Unit-3A,-Queens,-NY-11372",36081037502,Queens,39.23836951884837,56.55503618551504,61.15636657752223
"33-25-Junction-Blvd,-Unit-2E,-Queens,-NY-11372",36081037502,Queens,39.23836951884837,56.55503618551504,61.15636657752223
"33-25-Junction-Blvd,-Unit-2A,-Queens,-NY-11372",36081037502,Queens,39.23836951884837,56.55503618551504,61.15636657752223
"88-Fulton-St,-Unit-L4,-New-York,-NY-10038",36061001502,Manhattan,21.63181195388852,8.73151408072219,11.91514528722185
"10-Hanover-Sq,-Unit-08U,-New-York,-NY-10005",36061000700,Manhattan,26.20288512502639,7.566989091338057,13.486218458359724
"247-W-87th-St,-Apt-6H,-New-York,-NY-10024",36061017500,Manhattan,18.319016975539338,31.635683642206004,34.60235030887267
"15-Cliff-St,-Apt-28A,-New-York,-NY-10038",36061001502,Manhattan,22.730885306029634,9.425132382398594,13.01421863936297
"28-18-Steinway-St,-Unit-306A,-Queens,-NY-11103",36081006502,Queens,38.63001947535156,48.44668614201823,54.41335280868489
"20-Broad-St,-Apt-1714,-New-York,-NY-10005",36061000700,Manhattan,25.20260445163452,2.556054836697468,10.022721503364131
"35-64-85th-St,-Unit-4D,-Queens,-NY-11372",36081028100,Queens,28.30734341017007,45.62401007683673,53.5906767435034
"75-Dupont-St,-Apt-104,-Brooklyn,-NY-11222",36047056301,Brooklyn,27.19083376940093,38.5075004360676,39.29377493393843
"42-62-Hunter-St,-Unit-9C,-Queens,-NY-11101",36081001902,Queens,18.749787416589317,33.34108825956723,39.3077549262339
"95-Wall-St,-Apt-1517,-New-York,-NY-10005",36061000700,Manhattan,26.022737549869348,8.415889782891904,13.306070883202684
"550-W-54th-St,-Apt-1802,-New-York,-NY-10019",36061013501,Manhattan,24.126476860182027,37.26006335411828,43.64106617412765
"555-W-38th-St,-Apt-4703,-New-York,-NY-10018",36061011700,Manhattan,16.664567916009386,30.48123458267605,32.94790124934272
"145-W-55th-St,-Unit-13CC,-New-York,-NY-10019",36061013700,Manhattan,9.93407452392198,25.75074119058865,32.21740785725532
"235-W-48th-St,-Unit-10HH,-New-York,-NY-10036",36061012500,Manhattan,12.542094504230477,28.11438978636896,31.825427837563804
"45-30-Pearson-St,-Unit-16A,-Queens,-NY-11101",36081001901,Queens,17.498838466848884,31.5721130175238,36.25779478302821
"637-Greene-Ave,-Apt-2,-Brooklyn,-NY-11221",36047026300,Brooklyn,43.87454174412146,38.963956404206,32.93062307087266
"140-W-130th-St,-Apt-3,-New-York,-NY-10027",36061022400,Manhattan,30.32758270307,43.85729170183426,45.823958368500925
"550-W-54th-St,-Apt-1800,-New-York,-NY-10019",36061013501,Manhattan,24.12453650727092,37.25979180451839,43.64047063528946
"421-W-146th-St,-Unit-3,-New-York,-NY-10031",36061023100,Manhattan,25.2795956115694,38.59626227823606,44.56292894490273
"50-W-34th-St,-Apt-25B03,-New-York,-NY-10001",36061007600,Manhattan,6.179969504095671,20.042259732409946,26.963302837429005
"2665-Homecrest-Ave,-Unit-28,-Brooklyn,-NY-11235",36047060600,Brooklyn,53.29280290656935,45.10946957323601,31.57613623990268
"450-W-17th-St,-Apt-1111,-New-York,-NY-10011",36061008300,Manhattan,23.430399774907716,24.217861445453032,31.6845281121197
"220-E-63rd-St,-Unit-4KK,-New-York,-NY-10065",36061011000,Manhattan,16.851674344160074,26.72690364037409,33.19357030704076
"400-E-57th-St,-Unit-6KK,-New-York,-NY-10022",36061010601,Manhattan,18.14407598503108,31.556712207061786,37.92740931836441
"34-35-44th-St,-Unit-801,-Queens,-NY-11101",36081015900,Queens,29.14100209336443,39.4576687600311,46.924335426697766
"555-W-38th-St,-Apt-2317,-New-York,-NY-10018",36061011700,Manhattan,16.664567916009386,30.48123458267605,32.94790124934272
"43-34-49th-St,-Unit-5K,-Queens,-NY-11104",36081025301,Queens,27.59464820221807,38.91131486888473,44.8779815355514
"141-E-56th-St,-Unit-7CC,-New-York,-NY-10022",36061011203,Manhattan,14.16624263538326,25.22513320917928,31.691799875845945
"140-W-79th-St,-Apt-1A,-New-York,-NY-10024",36061016500,Manhattan,20.738765169072416,34.055431835739085,37.02209850240575
"15-Covert-St,-Apt-1,-Brooklyn,-NY-11207",36047040100,Brooklyn,42.62964518235363,33.74239757171964,35.61967865512664
"173-Prospect-Ave,-Unit-1,-Brooklyn,-NY-11215",36047011700,Brooklyn,41.43999099451628,28.256657661182945,15.723324327849614
"851-Lexington-Ave,-Apt-3F,-New-York,-NY-10065",36061012000,Manhattan,14.851496380234796,27.219753582703746,33.686420249370414
"225-E-21st-St,-New-York,-NY-10010",36061006400,Manhattan,24.035576098931,22.69506972331265,29.161736389979318
"827-Sterling-Pl,-Apt-3A,-Brooklyn,-NY-11216",36047031701,Brooklyn,46.399975859858365,29.342143327162603,21.808809993829268
"11-39-49th-Ave,-Unit-1107A,-Queens,-NY-11101",36081000701,Queens,17.290849784521317,28.607516451187983,34.57418311785465
"827-Sterling-Pl,-Apt-3H,-Brooklyn,-NY-11216",36047031701,Brooklyn,46.399975859858365,29.342143327162603,21.808809993829268
"1700-Bedford-Ave,-Unit-3,-Brooklyn,-NY-11225",36047032500,Brooklyn,42.44933908712287,28.880439279324683,21.347105945991352
"827-Sterling-Pl,-Apt-3G,-Brooklyn,-NY-11216",36047031701,Brooklyn,46.399975859858365,29.342143327162603,21.808809993829268
"50-W-34th-St,-Apt-17C1,-New-York,-NY-10001",36061007600,Manhattan,6.424060156013021,20.12745948059851,27.09412614726517
"11-39-49th-Ave,-Unit-417,-Queens,-NY-11101",36081000701,Queens,17.290849784521317,28.607516451187983,34.57418311785465
"11-39-49th-Ave,-Unit-402,-Queens,-NY-11101",36081000701,Queens,17.41536535427277,28.732032020939435,34.698698687606104
"30-Beekman-Pl,-Unit-1J,-New-York,-NY-10022",36061008603,Manhattan,18.65212608050357,31.966025432682837,37.9326920993495
"1709-1st-Ave,-Unit-5E,-New-York,-NY-10128",36061014602,Manhattan,21.66327991031744,36.47994657698411,42.61168071958445
"66-W-12th-St,-Unit-1F,-New-York,-NY-10011",36061006300,Manhattan,14.573535644380575,21.160199477015134,25.26701781455015
"20-E-91st-St,-Unit-4E,-New-York,-NY-10128",36061015002,Manhattan,30.32920689346566,35.330274976900455,41.29694164356712
"1138-Madison-Ave,-Unit-4W,-New-York,-NY-10028",36061015001,Manhattan,27.751002767609677,32.56766943427634,38.53433610094301
"225-E-69th-St,-Unit-6T,-New-York,-NY-10021",36061012602,Manhattan,19.324697801307728,27.408340208426427,33.37500687509309
"76-Cranberry-St,-Unit-2C,-Brooklyn,-NY-11201",36047000100,Brooklyn,28.98542034194446,13.30208700861113,8.268753675277797
"41-E-65th-St,-Unit-4,-New-York,-NY-10065",36061012200,Manhattan,18.181578317584545,29.250755772565057,35.387945005473625
"410-E-56th-St,-Unit-13R,-New-York,-NY-10022",36061006100,Manhattan,16.35307276067204,14.354772133513196,20.821438800179862
"145-Remsen-St,-Unit-52,-Brooklyn,-NY-11201",36047088002,Brooklyn,58.19339075562009,38.44688967547607,29.913556342142737
"142-E-16th-St,-Apt-8G,-New-York,-NY-10003",36061005000,Manhattan,18.569567828444757,16.14667282841224,22.613339495078904
"220-E-70th-St,-Unit-1E,-New-York,-NY-10021",36061012602,Manhattan,18.329915595573063,28.532259411902185,34.49892607856885
"85-South-St,-Apt-5N,-New-York,-NY-10038",36061001502,Manhattan,27.915145120625176,11.767240276236317,16.233906942902983
"2413-3rd-Ave,-Apt-1607,-Bronx,-NY-10451",36005005100,Bronx,40.468687824108,43.28535449077467,49.94238551019721
"3-Hanover-Sq,-Apt-5A,-New-York,-NY-10004",36061000700,Manhattan,25.323076703642503,6.30240613169086,12.60641003697584
"19-Saint-Marks-Pl,-Apt-5I,-New-York,-NY-10003",36061003800,Manhattan,22.30006665165487,19.44671333119946,25.413379997866127
"200-E-71st-St,-Unit-19FF,-New-York,-NY-10021",36061012602,Manhattan,18.5162551627353,27.76633892206275,33.73300558872942
"69-14-41st-Ave,-Unit-302,-Queens,-NY-11377",36081026300,Queens,26.73614512442733,42.552811791094,48.51947845776067
"36-W-126th-St,-Unit-1A,-New-York,-NY-10027",36061020000,Manhattan,29.02159973064756,40.33826639731422,42.30493306398089
"555-W-38th-St,-Apt-3215,-New-York,-NY-10018",36061011700,Manhattan,16.664567916009386,30.48123458267605,32.94790124934272
"95-Christopher-St,-Unit-2LL,-New-York,-NY-10014",36061007300,Manhattan,17.432819779938402,17.74948644660507,22.716153113271734
"95-Christopher-St,-Unit-4CC,-New-York,-NY-10014",36061007300,Manhattan,17.432819779938402,17.74948644660507,22.716153113271734
"555-W-38th-St,-Apt-303,-New-York,-NY-10018",36061011700,Manhattan,16.664567916009386,30.48123458267605,32.94790124934272
"300-Ashland-Pl,-Apt-12J,-Brooklyn,-NY-11217",36047003500,Brooklyn,32.27793010298449,15.875472692670538,8.342139359337203
"5-Bay-St,-Staten-Island,-NY-10301",36085000300,Staten Island,71.47165808908066,53.18832475574734,54.204991422414
"2539-Hubbard-St,-Unit-3,-Brooklyn,-NY-11235",36047037000,Brooklyn,62.1974793604076,54.01414602707427,40.48081269374094
"82-77-116th-St,-Unit-4E,-Queens,-NY-11418",36081013400,Queens,45.2898471848118,61.10651385147846,60.798605055569375
"82-77-116th-St,-Unit-6D,-Queens,-NY-11418",36081013400,Queens,45.2898471848118,61.10651385147846,60.798605055569375
"82-77-116th-St,-Unit-5F,-Queens,-NY-11418",36081013400,Queens,45.2898471848118,61.10651385147846,60.798605055569375
"721-Fifth-Ave,-Unit-30H,-New-York,-NY-10022",36061011202,Manhattan,12.236433585764017,28.88467507622124,35.35134174288791
"555-W-38th-St,-Apt-3703,-New-York,-NY-10018",36061011700,Manhattan,16.664567916009386,30.48123458267605,32.94790124934272
"1463-New-York-Ave,-Apt-4C,-Brooklyn,-NY-11210",36047078200,Brooklyn,58.28748159534556,39.10414826201223,31.570814928678896
"247-W-87th-St,-Unit-6AA,-New-York,-NY-10024",36061017500,Manhattan,18.32124126093538,31.637907927602047,34.60457459426871
"8-Liberty-Pl,-Unit-13,-New-York,-NY-10038",36061001502,Manhattan,24.250082281367835,5.333215283469628,11.854258641064831
"8-Liberty-Pl,-Unit-2,-New-York,-NY-10038",36061001502,Manhattan,24.211532855083103,5.343419138729831,11.893581721590987
"333-E-49th-St,-Unit-6SS,-New-York,-NY-10017",36061009800,Manhattan,16.278705043512257,28.452481178756088,34.41914784542276
"981-Lorimer-St,-Unit-1,-Brooklyn,-NY-11222",36047056100,Brooklyn,27.43578639021388,36.74372441984395,30.71911972354721
"162-W-120th-St,-Apt-3,-New-York,-NY-10027",36061022000,Manhattan,29.63340670260033,41.73674392781785,43.70341059448451
"1256-Clay-Ave,-Bronx,-NY-10456",36005017701,Bronx,51.37658119957735,60.193247866244015,65.13410486274766
"315-W-15th-St,-Unit-5H,-New-York,-NY-10011",36061008300,Manhattan,16.849636711296302,17.613782307941143,25.08044897460781
"685-First-Ave,-Unit-11E,-New-York,-NY-10016",36061008800,Manhattan,18.716174817795142,27.73796651636673,34.204633183033394
"1437-Pacific-St,-Brooklyn,-NY-11216",36047031300,Brooklyn,47.200332241547706,31.01699890821437,23.26479863034725
"767-Home-St,-Bronx,-NY-10456",36005013500,Bronx,55.10410052976167,61.420767196428336,65.88743386309501
"928-E-86th-St,-Brooklyn,-NY-11236",36047095600,Brooklyn,70.60637879825961,64.92304546492628,51.88971213159295
"333-E-49th-St,-Unit-Lobj,-New-York,-NY-10017",36061009800,Manhattan,16.0958002811355,28.369730390884943,34.336397057551615
"196-E-71st-St,-Unit-18E,-New-York,-NY-10021",36061012800,Manhattan,18.691515890214543,27.880947672731864,33.84761433939853
"181-E-3rd-St,-Unit-2E,-New-York,-NY-10009",36061003200,Manhattan,27.68959209431226,24.006258760978927,25.05343678444765
"1684-York-Ave,-Unit-5A,-New-York,-NY-10128",36061014402,Manhattan,25.34418752310088,40.16085418976754,46.77610876116871
"241-E-11th-St,-Unit-5E,-New-York,-NY-10003",36061004002,Manhattan,21.39699251377842,20.241969749137997,26.18032584711176
"222-E-39th-St,-Apt-7E,-New-York,-NY-10016",36061008800,Manhattan,13.62334383309558,22.42055809281124,28.887224759477903
"50-11-Queens-Blvd,-Unit-609,-Queens,-NY-11377",36081025302,Queens,28.17827844753309,39.49494511419975,45.46161178086642
"4428-Edson-Ave,-Bronx,-NY-10466",36005044400,Bronx,77.94572175354865,78.19399839552749,88.16066506219416
"259-Bennett-Ave,-Apt-3H,-New-York,-NY-10040",36061027900,Manhattan,36.6668168241737,48.48348349084037,54.45015015750703
"515-E-86th-St,-Apt-1760,-New-York,-NY-10028",36061014402,Manhattan,25.00466797460555,39.821334641272216,46.73294919918865
"198-W-10th-St,-New-York,-NY-10014",36061007300,Manhattan,16.45852039368763,16.775187060354295,21.74185372702096
"190A-Duane-St,-Apt-4,-New-York,-NY-10013",36061003900,Manhattan,20.63806036861529,13.954727035281952,17.92139370194862
"90-West-St,-Unit-2101,-New-York,-NY-10006",36061001300,Manhattan,25.33460369013387,6.273938731331963,13.74060539799863
"102-Fulton-St,-Unit-11B,-New-York,-NY-10038",36061001502,Manhattan,20.91977665196097,7.24476201469155,11.203109985294304
"355-S-End-Ave,-Apt-34M,-New-York,-NY-10280",36061031704,Manhattan,26.84668650066534,9.22015811269902,16.68682477936569
"10-Hanover-Sq,-Unit-23F,-New-York,-NY-10005",36061000700,Manhattan,26.03108021842172,7.555206836700725,13.314413551755054
"90-West-St,-Apt-17L,-New-York,-NY-10006",36061001300,Manhattan,25.49233900497571,6.408542611652708,13.875209278319376
"95-Wall-St,-Apt-1022,-New-York,-NY-10005",36061000700,Manhattan,26.350961028534176,8.611006947621263,13.63429436186751
"53-Park-Pl,-Unit-2211,-New-York,-NY-10007",36061002100,Manhattan,19.872319108825717,9.896266424817274,15.24722248447716
"180-Water-St,-Unit-3001,-New-York,-NY-10038",36061001502,Manhattan,25.070261544323337,9.470075328099872,14.098724255196144
"70-Battery-Pl,-Apt-608,-New-York,-NY-10280",36061031704,Manhattan,27.541864810228088,8.47519814356142,13.10362654141252
"200-Water-St,-Apt-2418,-New-York,-NY-10038",36061001502,Manhattan,25.14470105582416,11.10147193536038,15.428034389157494
"102-Fulton-St,-Unit-12F,-New-York,-NY-10038",36061001502,Manhattan,20.91977665196097,7.24476201469155,11.203109985294304
"106-Fulton-St,-Apt-11C,-New-York,-NY-10038",36061001502,Manhattan,21.171663156526417,6.92297130578147,11.454996489859752
"425-W-53rd-St,-Unit-917,-New-York,-NY-10019",36061013300,Manhattan,19.396418391602296,32.46176905430376,38.67975172493563
"507-W-28th-St,-Apt-1105,-New-York,-NY-10001",36061009902,Manhattan,19.954994077617823,31.104233379983825,36.23832741095116
"12-E-127th-St,-Unit-2BB,-New-York,-NY-10035",36061020600,Manhattan,32.40748197955519,39.42616737190944,45.392834038576105
"111-Fulton-St,-Unit-32J,-New-York,-NY-10038",36061001501,Manhattan,21.373782778160702,7.340704910495743,11.657116111494036
"40-Harrison-St,-Unit-12R,-New-York,-NY-10013",36061003900,Manhattan,23.590539580993365,16.604077514490815,20.873872914326697
"50-Murray-St,-Apt-2008,-New-York,-NY-10007",36061002100,Manhattan,20.02178693632584,9.451920770028634,14.404561344232484
"756-Nostrand-Ave,-Apt-3F,-Brooklyn,-NY-11216",36047031701,Brooklyn,46.40022320277618,29.913087458709064,22.37975412537573
"756-Nostrand-Ave,-Apt-2R,-Brooklyn,-NY-11216",36047031701,Brooklyn,46.40022320277618,29.913087458709064,22.37975412537573
"180-Water-St,-Apt-2511,-New-York,-NY-10038",36061001502,Manhattan,25.070261544323337,9.470075328099872,14.098724255196144
"401-E-34th-St,-Apt-N24K,-New-York,-NY-10016",36061008601,Manhattan,23.732285286967265,32.3205289102931,38.78719557695977
"180-Water-St,-Apt-2708,-New-York,-NY-10038",36061001502,Manhattan,25.070261544323337,9.470075328099872,14.098724255196144
"20-Exchange-Pl,-Apt-2502,-New-York,-NY-10005",36061000700,Manhattan,24.48929937027333,5.688631840630232,11.77263270360666
"10-Hanover-Sq,-Apt-2X,-New-York,-NY-10005",36061000700,Manhattan,26.03108021842172,7.555206836700725,13.314413551755054
"20-Broad-St,-Apt-1608,-New-York,-NY-10005",36061000700,Manhattan,24.8056057117542,2.6966650945796298,10.163331761246296
"10-Hanover-Sq,-Apt-8L,-New-York,-NY-10005",36061000700,Manhattan,26.20288512502639,7.566989091338057,13.486218458359724
"95-Wall-St,-Apt-614,-New-York,-NY-10005",36061000700,Manhattan,26.350961028534176,8.611006947621263,13.63429436186751
"10-Hanover-Sq,-Apt-6Q,-New-York,-NY-10005",36061000700,Manhattan,26.20288512502639,7.566989091338057,13.486218458359724
"102-Fulton-St,-Unit-13C,-New-York,-NY-10038",36061001502,Manhattan,20.91977665196097,7.24476201469155,11.203109985294304
"200-Water-St,-Apt-2402,-New-York,-NY-10038",36061001502,Manhattan,25.145141170523075,11.10417980141938,15.42847450385641
"50-Murray-St,-Apt-913,-New-York,-NY-10007",36061002100,Manhattan,19.57587805451264,10.00672869597971,15.075914627217138
"50-Murray-St,-Apt-318,-New-York,-NY-10007",36061002100,Manhattan,19.689968727619664,9.775340645881814,14.627267850927495
"106-Fulton-St,-Apt-10C,-New-York,-NY-10038",36061001502,Manhattan,21.171663156526417,6.92297130578147,11.454996489859752
"1-West-St,-Apt-2217,-New-York,-NY-10004",36061001300,Manhattan,27.19410935048272,7.452714139937461,9.919380806604128
"85-John-St,-Apt-9H,-New-York,-NY-10038",36061001502,Manhattan,22.353070669702376,8.12115805474571,12.636404003035706
"8-Spruce-St,-Apt-37A,-New-York,-NY-10038",36061001501,Manhattan,23.43669215563043,8.695204112863317,13.72002548896376
"333-E-34th-St,-Apt-12M,-New-York,-NY-10016",36061007800,Manhattan,21.97827903272341,30.03918449294624,36.50585115961291
"15-Ave-D,-Unit-10D,-New-York,-NY-10009",36061002202,Manhattan,30.30244414201449,26.61911080868116,28.816670954568167
"345-W-30th-St,-Unit-1756,-New-York,-NY-10001",36061010300,Manhattan,17.087838565719007,25.55790995261634,30.371171899052342
"120-Church-St,-Unit-821,-New-York,-NY-10007",36061002100,Manhattan,19.71425922308623,9.340056143914396,13.997592556419564
"88-Fulton-St,-New-York,-NY-10038",36061001502,Manhattan,21.63181195388852,8.73151408072219,11.91514528722185
"50-11-Queens-Blvd,-Unit-806,-Queens,-NY-11377",36081025302,Queens,28.17827844753309,39.49494511419975,45.46161178086642
"70-Pine-St,-Apt-1003,-New-York,-NY-10005",36061000700,Manhattan,23.934534064633272,6.749877640616291,11.217867397966604
"33-Park-Row,-Unit-48V,-New-York,-NY-10038",36061001501,Manhattan,22.00559725765187,7.089803006284645,13.556469672951312
"555-10th-Ave,-Apt-20F,-New-York,-NY-10018",36061011700,Manhattan,19.512212512616323,30.19348702509868,36.86221251261632
"312-W-43rd-St,-Apt-29H,-New-York,-NY-10036",36061012101,Manhattan,11.819564095773956,22.331072722928333,29.476697327347587
"505-W-37th-St,-Apt-2112,-New-York,-NY-10018",36061009903,Manhattan,17.000944289524632,30.58845007889119,33.284277622857964
"130-Water-St,-Unit-1206,-New-York,-NY-10005",36061000700,Manhattan,25.11238972055493,7.858844193485728,12.395723053888268
"130-Water-St,-Unit-1501,-New-York,-NY-10005",36061000700,Manhattan,25.11238972055493,7.858844193485728,12.395723053888268
"70-Pine-St,-Apt-4206,-New-York,-NY-10005",36061000700,Manhattan,23.16501018699164,5.972095864656322,10.448343520324975
"507-W-28th-St,-Apt-1120,-New-York,-NY-10001",36061009902,Manhattan,19.70498196074851,31.316771675722528,35.98831529408184
"507-W-28th-St,-Apt-16K,-New-York,-NY-10001",36061009902,Manhattan,19.70498196074851,31.316771675722528,35.98831529408184
"200-Water-St,-Apt-1912,-New-York,-NY-10038",36061001502,Manhattan,25.145141170523075,11.10417980141938,15.42847450385641
"333-E-34th-St,-Unit-27K,-New-York,-NY-10016",36061007800,Manhattan,22.032263720023504,30.0173535181236,36.48402018479026
"200-Water-St,-Apt-506,-New-York,-NY-10038",36061001502,Manhattan,25.14470105582416,11.10147193536038,15.428034389157494
"478-Central-Park-W,-Apt-1A,-New-York,-NY-10025",36061019300,Manhattan,25.203715285316186,41.52038195198284,44.48704861864951
"6-Malcolm-X-Blvd,-Apt-2LR,-Brooklyn,-NY-11221",36047028900,Brooklyn,38.48583990530412,30.616620407142467,38.26917323863745
"3900-Greystone-Ave,-Apt-32D,-Bronx,-NY-10463",36005033500,Bronx,55.06833068691416,65.38499735358083,72.35166402024748
"2600-Netherland-Ave,-Bronx,-NY-10463",36005029302,Bronx,52.829718231401785,63.146384898068455,70.11305156473512
"425-W-53rd-St,-Unit-4M,-New-York,-NY-10019",36061013300,Manhattan,19.56939440983338,32.59887418468979,38.85272774316671
"303-Greenwich-St,-Unit-15L,-New-York,-NY-10013",36061002100,Manhattan,19.216235364988087,12.53290203165475,16.49956869832142
"303-Greenwich-St,-Unit-17M,-New-York,-NY-10013",36061002100,Manhattan,19.216235364988087,12.53290203165475,16.49956869832142
"95-Christopher-St,-Unit-1681,-New-York,-NY-10014",36061007300,Manhattan,17.432819779938402,17.74948644660507,22.716153113271734
"200-E-61st-St,-Apt-35E,-New-York,-NY-10065",36061011000,Manhattan,17.103479866238636,24.035539695164825,30.50220636183149
"W-252-St,--Broadway-Unit-1,-Bronx,-NY-10471",36005035100,Bronx,66.21047236089515,74.52713902756182,80.49380569422848
"11-39-49th-Ave,-Unit-1008,-Queens,-NY-11101",36081000701,Queens,17.2565736506253,28.573240317291965,34.53990698395864
"14-27-28th-Ave,-Ph-3,-Queens,-NY-11102",36081008300,Queens,40.9948575141046,50.81152418077126,56.778190847437926
"205-Third-Ave,-Unit-1D,-New-York,-NY-10003",36061004800,Manhattan,20.8870784682559,19.20171690576991,25.66838357243658
"333-E-34th-St,-Apt-8A,-New-York,-NY-10016",36061007800,Manhattan,21.97827903272341,30.03918449294624,36.50585115961291
"2-S-End-Ave,-Apt-7J,-New-York,-NY-10280",36061031704,Manhattan,27.246811121918213,8.166778094570967,13.835943945811344
"3-Hanover-Sq,-Unit-3P,-New-York,-NY-10004",36061000700,Manhattan,25.308784710439514,6.322862546228678,12.592118043772848
"188-E-64th-St,-New-York,-NY-10065",36061012000,Manhattan,14.661557056087467,26.205611911875668,32.67227857854233
"180-Claremont-Ave,-New-York,-NY-10027",36061021100,Manhattan,29.44237737744298,42.75904404410964,45.72571071077631
"45-12-30th-Ave,-Unit-3R,-Queens,-NY-11103",36081015100,Queens,35.85036720493043,46.1670338715971,53.63370053826376
"252-W-26th-St,-Unit-6G,-New-York,-NY-10001",36061009100,Manhattan,14.439848163060695,22.25880842638305,28.72318149639403
"393-W-25th-St,-Unit-17E,-New-York,-NY-10001",36061005400,Manhattan,13.129392023851276,20.42703571151525,26.412725357184613
"447-E-9th-St,-Unit-1D,-New-York,-NY-10009",36061003400,Manhattan,25.02620854118572,24.342875207852384,28.944482665273597
"392-E-74th-St,-Unit-15,-New-York,-NY-10021",36061013400,Manhattan,19.552760921652883,34.36942758831955,41.33609425498621
"330-E-15th-St,-Unit-2E,-New-York,-NY-10003",36061004800,Manhattan,21.417258481619964,20.73392514828663,26.20059181495329
"336-E-71st-St,-Apt-5C,-New-York,-NY-10021",36061012601,Manhattan,18.3014093179644,33.11807598463107,39.17744645677897
"195-W-10th-St,-Apt-5A,-New-York,-NY-10014",36061007300,Manhattan,16.716073179693222,17.03273984635989,21.999406513026557
"52-Beaver-St,-Unit-202,-New-York,-NY-10004",36061000900,Manhattan,25.72519680768615,5.792329951865763,11.713195348391771
"28-Jane-St,-Unit-5C,-New-York,-NY-10014",36061007700,Manhattan,16.833077395094666,21.14974406176133,23.616410728428
"265-W-87th-St,-Apt-3D,-New-York,-NY-10024",36061017500,Manhattan,18.30848325445157,31.62514992111824,34.591816587784905
"227-Mott-St,-Apt-7,-New-York,-NY-10012",36061004300,Manhattan,19.112473709028222,15.69054276677756,21.157209433444223
"65-Perry-St,-Unit-3,-New-York,-NY-10014",36061007300,Manhattan,18.875496803717507,19.532799933020247,24.49946659968691
"168-E-100th-St,-New-York,-NY-10029",36061016600,Manhattan,25.47930279417882,35.35756263257688,41.32422929924355
"305-E-88th-St,-Apt-4C,-New-York,-NY-10128",36061014602,Manhattan,20.2694854870244,34.57854696843292,40.54521363509959
"255-Bleecker-St,-Unit-6,-New-York,-NY-10014",36061006700,Manhattan,15.1897241461279,18.006390812794567,24.39266773298119
"364-W-18th-St,-Unit-18,-New-York,-NY-10011",36061008300,Manhattan,20.91272161722025,20.914302609975834,28.3809692766425
"432-E-13th-St,-Unit-923,-New-York,-NY-10009",36061003400,Manhattan,20.36620022146961,19.68286688813628,25.149533554802943
"520-2nd-Ave,-Unit-1273,-New-York,-NY-10016",36061006600,Manhattan,27.29606549386905,26.61273216053572,33.07939882720238
"51-Irving-Pl,-Unit-1692,-New-York,-NY-10003",36061005000,Manhattan,17.17274560386517,16.02480402599358,22.491470692660243
"223-Mott-St,-Unit-1037,-New-York,-NY-10012",36061004300,Manhattan,19.344008195034448,15.613070673824808,21.07973734049148
"117-W-28th-St,-Unit-1467,-New-York,-NY-10001",36061009500,Manhattan,12.79924899320607,23.30194210039686,27.26860876706353
"31-Prince-St,-Unit-275,-New-York,-NY-10012",36061004300,Manhattan,18.341935989611045,16.924675360866306,22.39134202753297
"102-E-7th-St,-Unit-954,-New-York,-NY-10009",36061003200,Manhattan,27.772706940344424,26.194439127521917,25.440295528511104
"161-W-4th-St,-Unit-1134,-New-York,-NY-10014",36061007100,Manhattan,12.490583014229172,15.30724968089584,21.77391634756251
"299-W-12th-St,-Apt-11F,-New-York,-NY-10014",36061007700,Manhattan,19.379474644316332,22.96798096206652,26.162807977649667
"695-E-38th-St,-Brooklyn,-NY-11210",36047078200,Brooklyn,63.03655193231893,43.85321859898559,36.31988526565226
"338-E-8th-St,-Unit-3A,-New-York,-NY-10009",36061002602,Manhattan,30.46896487047363,29.785631537140297,31.73529494121289
"235-E-7th-St,-Unit-2,-New-York,-NY-10009",36061002602,Manhattan,31.615576715200067,29.879491934501534,31.73916843276229
"241-E-18th-St,-Unit-4,-New-York,-NY-10003",36061004800,Manhattan,22.656045627538614,20.63461139396481,27.101278060631483
"145-W-136th-St,-Unit-A,-New-York,-NY-10030",36061022800,Manhattan,30.90754939798936,42.22421606465603,44.190882731322695
"201-E-84th-St,-Unit-1C,-New-York,-NY-10028",36061014601,Manhattan,21.32050111255009,30.46002409362444,36.4266907602911
"204-W-70th-St,-Unit-812,-New-York,-NY-10023",36061015501,Manhattan,16.97784433442485,29.29451100109152,31.261177667758187
"42-20-25th-Ave,-Unit-45D,-Queens,-NY-11103",36081014300,Queens,42.976907817816695,52.79357448448336,58.760241151150026
"45-Park-Ave,-Unit-17E,-New-York,-NY-10016",36061008000,Manhattan,13.543098064641212,23.671299209991737,30.13796587665841
"133-E-33rd-St,-Unit-7J,-New-York,-NY-10016",36061007200,Manhattan,17.538139830788904,21.378382892749748,27.845049559416413
"84-William-St,-Apt-306,-New-York,-NY-10038",36061001502,Manhattan,23.48341712467918,6.480326226490639,12.052942782441578
"310-E-92nd-St,-Unit-3F,-New-York,-NY-10128",36061015402,Manhattan,24.54323668114568,37.14472415038469,43.11139081705135
"338-E-85th-St,-Unit-5,-New-York,-NY-10028",36061014601,Manhattan,19.845502713929463,34.662169380596126,41.17593246278787
"12-Gramercy-Park-S,-Apt-5,-New-York,-NY-10003",36061005000,Manhattan,19.21885568753613,18.8512776691296,25.317944335796263
"109-W-15th-St,-Unit-6,-New-York,-NY-10011",36061008100,Manhattan,10.344049824415004,19.786269113307807,23.627383157748337
"21-W-19th-St,-Fl-3,-New-York,-NY-10011",36061005400,Manhattan,13.512937006293004,21.68295907337976,28.149625740046424
"118-E-27th-St,-Unit-3A,-New-York,-NY-10016",36061006800,Manhattan,19.550190949700525,18.86685761636719,25.333524283033857
"410-E-84th-St,-Unit-1A,-New-York,-NY-10028",36061014401,Manhattan,22.190658727210337,37.007325393877,43.518072734316505
"320-E-58th-St,-Apt-4A,-New-York,-NY-10022",36061010802,Manhattan,17.36312965159162,28.68842589024333,35.15509255691
"29-Crosby-St,-Unit-2E,-New-York,-NY-10013",36061004500,Manhattan,21.85553646491527,14.34105671362813,20.50818937362716
"91-Christopher-St,-Apt-6,-New-York,-NY-10014",36061007300,Manhattan,16.575572036960928,16.892238703627594,21.858905370294263
"416-E-79th-St,-Unit-12E,-New-York,-NY-10075",36061013203,Manhattan,25.65154159715328,37.2730515893807,43.23971825604737
"14-27-28th-Ave,-Ph-1,-Queens,-NY-11102",36081008300,Queens,40.9948575141046,50.81152418077126,56.778190847437926
"14-27-28th-Ave,-Ph-5,-Queens,-NY-11102",36081008300,Queens,40.9948575141046,50.81152418077126,56.778190847437926
"50-11-Queens-Blvd,-Unit-708,-Queens,-NY-11377",36081025302,Queens,28.17827844753309,39.49494511419975,45.46161178086642
"70-Battery-Pl,-Apt-505,-New-York,-NY-10280",36061031704,Manhattan,27.541864810228088,8.47519814356142,13.10362654141252
"5-22-49th-Ave,-Unit-2D,-Queens,-NY-11101",36081000701,Queens,17.457954796743298,28.774621463409964,34.74128813007663
"50-11-Queens-Blvd,-Unit-602A,-Queens,-NY-11377",36081025302,Queens,28.17827844753309,39.49494511419975,45.46161178086642
"5-22-49th-Ave,-Unit-2B,-Queens,-NY-11101",36081000701,Queens,17.457954796743298,28.774621463409964,34.74128813007663
"50-11-Queens-Blvd,-Ph-3,-Queens,-NY-11377",36081025302,Queens,28.17827844753309,39.49494511419975,45.46161178086642
"250-E-3rd-St,-Unit-1,-New-York,-NY-10009",36061002202,Manhattan,27.94089118279065,24.25755784945732,26.208440970003934
"518-E-11th-St,-Unit-10,-New-York,-NY-10009",36061003400,Manhattan,24.098032599054697,23.414699265721364,28.88136593238803
"160-Stanton-St,-Unit-4B,-New-York,-NY-10002",36061003001,Manhattan,22.83492443302368,19.151591099690343,20.92386447317782
"18-W-48th-St,-Unit-1643,-New-York,-NY-10036",36061009600,Manhattan,8.873733742294002,27.702084852951323,32.65706707562733
"459-2nd-Ave,-Unit-5D,-New-York,-NY-10010",36061006600,Manhattan,25.744656009517723,25.52623754404946,31.992904210716127
"244-E-44th-St,-Unit-1C,-New-York,-NY-10017",36061008800,Manhattan,14.71978099947963,23.695958559345893,30.16262522601256
"75-W-12th-St,-Unit-2A,-New-York,-NY-10011",36061006300,Manhattan,13.830189090668114,20.41960636736238,24.886273034029045
"160-E-37th-St,-Unit-7C,-New-York,-NY-10016",36061003800,Manhattan,22.745892581374065,20.063310435209758,25.98326043532693
"133-E-38th-St,-Unit-09A,-New-York,-NY-10016",36061008000,Manhattan,13.927596883268665,22.084469998011112,28.551136664677777
"182-E-70th-St,-Unit-5E,-New-York,-NY-10021",36061012000,Manhattan,19.99200121893413,26.281656721973786,32.24832338864045
"143-E-72nd-St,-Unit-4R,-New-York,-NY-10021",36061012800,Manhattan,20.539969828139338,28.954760383981537,34.921427050648205
"234-E-40th-St,-Ph-3,-New-York,-NY-10016",36061008800,Manhattan,14.395611938500632,23.333704573870893,29.80037124053756
"503-E-12th-St,-Unit-2C,-New-York,-NY-10009",36061003400,Manhattan,22.04245056494997,21.35911723161664,26.825783898283305
"14-27-28th-Ave,-Ph-4,-Queens,-NY-11102",36081008300,Queens,40.9948575141046,50.81152418077126,56.778190847437926
"180-180-Water-St,-Unit-2721,-New-York,-NY-10038",36061001502,Manhattan,25.070261544323337,9.470075328099872,14.098724255196144
"406-E-63rd-St,-Unit-14,-New-York,-NY-10065",36061010602,Manhattan,23.072096797888328,32.06427900315897,38.53094566982564
"149-W-79th-St,-Unit-5B,-New-York,-NY-10024",36061016500,Manhattan,20.37036399837744,33.687030665044105,36.65369733171077
"125-E-82nd-St,-Unit-3D,-New-York,-NY-10028",36061014000,Manhattan,25.28105195102865,31.932075972298183,37.898742638964855
"145-E-58th-St,-Ph-2,-New-York,-NY-10022",36061011203,Manhattan,16.97438550260862,22.353908431350074,28.82057509801674
"143-E-56th-St,-Unit-12B,-New-York,-NY-10022",36061011203,Manhattan,14.112593838962558,25.24018652821638,31.706853194883045
"159-E-81st-St,-Unit-7B,-New-York,-NY-10028",36061014000,Manhattan,24.808780271647187,31.71257683467988,37.67924350134654
"358-89th-St,-Brooklyn,-NY-11209",36047006000,Brooklyn,52.772759821187805,40.08942648785447,33.55609315452113
"118-82-Metropolitan-Ave,-Unit-5E,-Queens,-NY-11415",36081013400,Queens,45.397723525878746,61.214390192545416,55.79692422238212
"202-W-26th-St,-Unit-18D,-New-York,-NY-10001",36061009500,Manhattan,12.565961758792138,22.882628425458805,26.849295092125477
"128-E-24th-St,-Unit-4A,-New-York,-NY-10010",36061006800,Manhattan,19.081479283369603,18.90923485138863,25.375901518055294
"142-W-55th-St,-Unit-3B,-New-York,-NY-10019",36061013700,Manhattan,10.339469277329638,26.1561359439963,32.622802610662966
"414-E-58th-St,-Unit-5,-New-York,-NY-10022",36061010601,Manhattan,19.51924700038835,31.93778538052751,38.40445204719418
"94-Christopher-St,-Apt-3,-New-York,-NY-10014",36061007300,Manhattan,17.22467377692033,17.541340443586996,22.508007110253665
"121-E-89th-St,-Unit-4D,-New-York,-NY-10128",36061014802,Manhattan,24.76460404194336,31.14366274225737,37.11032940892404
"4-Gold-St,-Unit-2814,-New-York,-NY-10038",36061001502,Manhattan,24.256365916799915,7.569669730096738,12.374915662244335
"158-E-37th-St,-Unit-5A,-New-York,-NY-10016",36061008000,Manhattan,15.620944824603836,23.86661442306971,30.33328108973637
"442-E-78th-St,-Apt-1A,-New-York,-NY-10075",36061013203,Manhattan,24.891539666941533,37.922420173163424,43.889086839830085
"159-E-57th-St,-Unit-7D,-New-York,-NY-10022",36061003800,Manhattan,25.333646495801123,22.60717127878497,25.510387508615704
"202-Riverside-Dr,-Apt-6D,-New-York,-NY-10025",36061017900,Manhattan,23.834467851782478,35.15113451844914,37.11780118511581
"20-West-St,-Apt-43B,-New-York,-NY-10004",36061001300,Manhattan,25.91833115151961,6.468490748128099,9.98600939720012
"89-Murray-St,-Apt-9V,-New-York,-NY-10007",36061002100,Manhattan,20.85856420134206,13.418178571016837,18.14189753467539
"90-West-St,-Apt-14K,-New-York,-NY-10006",36061001300,Manhattan,25.579202917470575,6.626412625562115,14.093079292228785
"200-Water-St,-Apt-3114,-New-York,-NY-10038",36061001502,Manhattan,25.14470105582416,11.10147193536038,15.428034389157494
"56-Pine-St,-Apt-4C,-New-York,-NY-10005",36061000700,Manhattan,23.005151474962265,5.775985739442072,10.2884848082956
"15-Broad-St,-Apt-2022,-New-York,-NY-10005",36061000700,Manhattan,24.024405289984,3.306547854913892,10.773214521580558
"180-Water-St,-Apt-2101,-New-York,-NY-10038",36061001502,Manhattan,25.070261544323337,9.470075328099872,14.098724255196144
"160-Front-St,-Apt-6C,-New-York,-NY-10038",36061001502,Manhattan,26.860348346428975,10.0183299448044,14.484996611471066
"15-Broad-St,-Apt-3114,-New-York,-NY-10005",36061000700,Manhattan,24.024405289984,3.306547854913892,10.773214521580558
"40-Gold-St,-Apt-8E,-New-York,-NY-10038",36061001502,Manhattan,22.139525932203025,9.221794069941408,12.422859265536358
"51-E-Houston-St,-Unit-992,-New-York,-NY-10012",36061004300,Manhattan,16.494095582875346,17.006333555100884,20.77742891620868
"73-W-12th-St,-Unit-2G,-New-York,-NY-10011",36061006300,Manhattan,13.774825798178878,20.33598829671808,24.66696813318189
"407-E-57th-St,-Unit-3K,-New-York,-NY-10022",36061010601,Manhattan,18.62197418905688,31.446773382936648,37.91344004960332
"123-Madison-Ave,-Unit-6A,-New-York,-NY-10016",36061007400,Manhattan,14.615799096906262,21.392358816439707,27.85902548310637
"311-Mott-St,-Unit-5C,-New-York,-NY-10012",36061005502,Manhattan,16.84615690423459,16.110854762019923,21.129490237567925
"332-E-63rd-St,-Unit-3K,-New-York,-NY-10065",36061011000,Manhattan,20.730850655214144,29.93451309848199,36.401179765148655
"228-E-78th-St,-Unit-24V,-New-York,-NY-10075",36061013400,Manhattan,22.924187423038344,29.835160012509807,35.80182667917647
"103-W-15th-St,-Unit-624,-New-York,-NY-10011",36061008100,Manhattan,10.086113803737218,19.673108184515115,23.36944713707055
"153-Mott-St,-Unit-25,-New-York,-NY-10013",36061004100,Manhattan,20.79519181636017,15.478530973654744,22.385218253966837
"28-Grove-St,-Unit-3A,-New-York,-NY-10014",36061007300,Manhattan,17.420033013845366,18.44407241529861,23.41073908196528
"39-W-54th-St,-Unit-2A,-New-York,-NY-10019",36061010400,Manhattan,12.492124398861366,30.308791065528037,36.275457732194695
"2385-3rd-Ave,-Bronx,-NY-10451",36005005100,Bronx,40.52627586593031,43.34294253259698,49.30960919926364
"14-27-28th-Ave,-Unit-308,-Queens,-NY-11102",36081008300,Queens,40.9948575141046,50.81152418077126,56.778190847437926
"14-27-28th-Ave,-Unit-402,-Queens,-NY-11102",36081008300,Queens,40.9948575141046,50.81152418077126,56.778190847437926
"14-27-28th-Ave,-Unit-307,-Queens,-NY-11102",36081008300,Queens,40.9948575141046,50.81152418077126,56.778190847437926
"14-27-28th-Ave,-Unit-403,-Queens,-NY-11102",36081008300,Queens,40.9948575141046,50.81152418077126,56.778190847437926
"14-27-28th-Ave,-Unit-204,-Queens,-NY-11102",36081008300,Queens,40.9948575141046,50.81152418077126,56.778190847437926
"14-27-28th-Ave,-Unit-207,-Queens,-NY-11102",36081008300,Queens,40.9948575141046,50.81152418077126,56.778190847437926
"14-27-28th-Ave,-Unit-103,-Queens,-NY-11102",36081008300,Queens,40.9948575141046,50.81152418077126,56.778190847437926
"200-Water-St,-Apt-315,-New-York,-NY-10038",36061001502,Manhattan,25.145141170523075,11.10417980141938,15.42847450385641
"35-64-85th-St,-Unit-4GB,-Queens,-NY-11372",36081028100,Queens,28.30734341017007,45.62401007683673,53.5906767435034
"11-39-49th-Ave,-Unit-510A,-Queens,-NY-11101",36081000701,Queens,17.290849784521317,28.607516451187983,34.57418311785465
"14-27-28th-Ave,-Unit-303,-Queens,-NY-11102",36081008300,Queens,40.9948575141046,50.81152418077126,56.778190847437926
"3725-Blackstone-Ave,-Bronx,-NY-10463",36005030701,Bronx,62.971443160349054,73.28810982701572,80.25477649368239
"1209-Dekalb-Ave,-Apt-226,-Brooklyn,-NY-11221",36047039300,Brooklyn,36.87348062304991,31.23677381626191,41.14892041185586
"220-W-14th-St,-Unit-299,-New-York,-NY-10011",36061007700,Manhattan,14.635305955400774,18.95197262206744,21.418639288734106
"72-Charles-St,-Unit-490,-New-York,-NY-10014",36061007300,Manhattan,17.307759734075425,17.627100952713327,22.59376761938
"160-W-97th-St,-Unit-1101,-New-York,-NY-10025",36061018100,Manhattan,22.815484712599595,34.13215137926626,36.09881804593293
"14-27-28th-Ave,-Unit-309,-Queens,-NY-11102",36081008300,Queens,40.9948575141046,50.81152418077126,56.778190847437926
"3090-Brighton-5th-St,-Unit-4,-Brooklyn,-NY-11235",36047036002,Brooklyn,53.959158125590285,45.77582479225695,32.24249145892362
"50-11-Queens-Blvd,-Unit-607,-Queens,-NY-11377",36081025302,Queens,28.17827844753309,39.49494511419975,45.46161178086642
"14-27-28th-Ave,-Unit-208,-Queens,-NY-11102",36081008300,Queens,40.9948575141046,50.81152418077126,56.778190847437926
"14-27-28th-Ave,-Unit-306,-Queens,-NY-11102",36081008300,Queens,40.9948575141046,50.81152418077126,56.778190847437926
"118-82-Metropolitan-Ave,-Unit-3G,-Queens,-NY-11415",36081013400,Queens,45.397723525878746,61.214390192545416,55.79692422238212
"405-E-56th-St,-Unit-2KK,-New-York,-NY-10022",36061010601,Manhattan,18.368582297064865,32.18524896373153,38.1519156303982
"400-E-71st-St,-Unit-10KK,-New-York,-NY-10021",36061012400,Manhattan,19.847891385526964,34.53577227128056,40.502438937947225
"2171-Frederick-Douglass-Blvd,-Apt-2B,-New-York,-NY-10026",36061020102,Manhattan,23.49334326070609,39.31000992737277,43.77667659403944
"63-11-110th-St,-Unit-C1,-Queens,-NY-11375",36081074700,Queens,49.18226005105983,63.49892671772649,68.46559338439316
"550-W-54th-St,-Apt-704,-New-York,-NY-10019",36061013501,Manhattan,24.126476860182027,37.26006335411828,43.64106617412765
"55-Wall-St,-Apt-722,-New-York,-NY-10005",36061000700,Manhattan,23.560973980906603,5.275367723306164,10.844307314239934
"130-Water-St,-Apt-9E,-New-York,-NY-10005",36061000700,Manhattan,25.471254046262125,8.193864014475961,12.754587379595458
"160-E-48th-St,-Unit-11QQ,-New-York,-NY-10017",36061009200,Manhattan,16.45818509968503,24.714839535712564,31.181506202379232
"35-64-85th-St,-Unit-4AA,-Queens,-NY-11372",36081028100,Queens,28.30734341017007,45.62401007683673,53.5906767435034
"35-64-85th-St,-Unit-3JJ,-Queens,-NY-11372",36081028100,Queens,28.30734341017007,45.62401007683673,53.5906767435034
"11-39-49th-Ave,-Unit-313,-Queens,-NY-11101",36081000701,Queens,17.290849784521317,28.607516451187983,34.57418311785465
"28-18-Steinway-St,-Unit-207,-Queens,-NY-11103",36081006502,Queens,38.63001947535156,48.44668614201823,54.41335280868489
"28-18-Steinway-St,-Unit-308,-Queens,-NY-11103",36081006502,Queens,38.63001947535156,48.44668614201823,54.41335280868489
"11-39-49th-Ave,-Unit-722,-Queens,-NY-11101",36081000701,Queens,17.290849784521317,28.607516451187983,34.57418311785465
"11-39-49th-Ave,-Unit-1105A,-Queens,-NY-11101",36081000701,Queens,17.290849784521317,28.607516451187983,34.57418311785465
"10-22-47th-Rd,-Unit-3L,-Queens,-NY-11101",36081000701,Queens,18.07589142212172,29.392558088788387,35.35922475545506
"45-Wall-St,-Apt-2102,-New-York,-NY-10005",36061000700,Manhattan,23.525826946225997,4.3788802429700615,10.809160279559327
"15-Cliff-St,-Apt-17B,-New-York,-NY-10038",36061001502,Manhattan,22.807199871928933,9.3563624331747,13.090533205262265
"416-Lafayette-St,-Apt-1F,-New-York,-NY-10003",36061005700,Manhattan,19.210891984204448,18.027558650871114,23.49422531753778
"8-Spruce-St,-Apt-52H,-New-York,-NY-10038",36061001501,Manhattan,23.512216923640025,8.627739258399803,13.795550256973357
"101-W-14th-St,-Apt-11A,-New-York,-NY-10011",36061008100,Manhattan,10.809234706256367,18.491850534534198,22.95851720120086
"520-W-23rd-St,-Apt-6C,-New-York,-NY-10011",36061009901,Manhattan,25.634557886694083,29.655165405966837,37.1218320726335
"333-E-49th-St,-Unit-8HH,-New-York,-NY-10017",36061009800,Manhattan,16.278705043512257,28.452481178756088,34.41914784542276
"67-Wall-St,-Apt-2H,-New-York,-NY-10005",36061000700,Manhattan,24.44696630350803,6.744138269086758,11.730299636841368
"400-E-71st-St,-Unit-8MM,-New-York,-NY-10021",36061012400,Manhattan,19.847891385526964,34.53577227128056,40.502438937947225
"555-10th-Ave,-Unit-32FF,-New-York,-NY-10018",36061011700,Manhattan,19.512212512616323,30.19348702509868,36.86221251261632
"222-E-39th-St,-Unit-22EE,-New-York,-NY-10016",36061007800,Manhattan,15.076841823422887,23.84783697704916,30.31450364371583
"302-8th-Ave,-Unit-739,-New-York,-NY-10001",36061009100,Manhattan,15.2188643674989,21.55099473970688,29.233667937426198
"888-8th-Ave,-Unit-2KK,-New-York,-NY-10019",36061013100,Manhattan,13.457404635554404,28.30874838129586,32.740737968887736
"378-Kosciuszko-St,-Unit-1,-Brooklyn,-NY-11221",36047028100,Brooklyn,41.23740331547038,36.05406998213705,35.836956043851124
"273-W-10th-St,-Unit-1060,-New-York,-NY-10014",36061007500,Manhattan,21.792109635688767,22.108776302355437,27.075442969022102
"606-W-57th-St,-Apt-1406,-New-York,-NY-10019",36061013502,Manhattan,26.527318498223927,40.573256361217474,45.81065183155726
"101-Wall-St,-Apt-19B,-New-York,-NY-10005",36061000700,Manhattan,26.46579508086756,8.914342094046637,13.749128414200896
"56-Leonard-St,-Apt-11BE,-New-York,-NY-10013",36061003300,Manhattan,22.086094284735896,14.045681285690444,19.369427618069228
"75-Wall-St,-Unit-251,-New-York,-NY-10005",36061000700,Manhattan,25.35237440773028,7.651641291705636,12.63570774106361
"606-W-57th-St,-Apt-1202,-New-York,-NY-10019",36061013502,Manhattan,26.527318498223927,40.573256361217474,45.81065183155726
"184-Prince-St,-Unit-1515,-New-York,-NY-10012",36061004900,Manhattan,20.126959444853263,16.44362611151993,24.39243243549276
"329-E-58th-St,-Unit-807,-New-York,-NY-10022",36061010802,Manhattan,17.96639550790519,28.73564531972097,35.20231198638763
"309-W-30th-St,-Unit-1503,-New-York,-NY-10001",36061010300,Manhattan,15.59579397271712,24.93847149923077,28.879127306050453
"47-E-1st-St,-Unit-1191,-New-York,-NY-10003",36061003602,Manhattan,20.454637378200324,19.77130404486699,17.237970711533656
"448-W-19th-St,-Unit-1422,-New-York,-NY-10011",36061008900,Manhattan,24.2944381909886,25.03595192098542,32.50261858765209
"248-Elizabeth-St,-Unit-620,-New-York,-NY-10012",36061004300,Manhattan,18.731708318300083,18.10279224309468,21.80204458497384
"80-Thompson-St,-Unit-477,-New-York,-NY-10012",36061004700,Manhattan,21.35277053668373,17.669437203350398,23.08197490547265
"434-W-52nd-St,-Unit-909,-New-York,-NY-10019",36061013300,Manhattan,19.620251640695397,32.3667538907011,38.903584974028725
"330-E-35th-St,-Unit-1053,-New-York,-NY-10016",36061007800,Manhattan,21.576417209316997,30.11703319997992,36.58369986664658
"39-E-1st-St,-Unit-1035,-New-York,-NY-10003",36061003602,Manhattan,20.782642115641316,20.09930878230798,17.565975448974648
"371-E-10th-St,-Unit-1044,-New-York,-NY-10009",36061002800,Manhattan,27.48247169242835,26.799138359095014,32.265805025761686
"135-W-96th-St,-Unit-1081,-New-York,-NY-10025",36061018100,Manhattan,22.523909155264185,33.840575821930855,35.80724248859752
"11-E-7th-St,-Unit-1034,-New-York,-NY-10003",36061003800,Manhattan,21.078272597305048,18.45618140416811,24.422848070834775
"326-E-35th-St,-Unit-1052,-New-York,-NY-10016",36061007800,Manhattan,21.447095999050624,29.932400922843204,36.39906758950987
"145-Clinton-St,-Unit-1495,-New-York,-NY-10002",36061001402,Manhattan,20.20383428655707,16.52050095322373,18.88137632289873
"400-W-63rd-St,-Apt-1410,-New-York,-NY-10069",36061015102,Manhattan,24.12279376885988,40.37695588545509,42.34362255212175
"419-E-9th-St,-Unit-22,-New-York,-NY-10009",36061003400,Manhattan,24.60172916095728,23.918395827623947,28.53677101217484
"118-E-31st-St,-Apt-3R,-New-York,-NY-10016",36061007200,Manhattan,17.686813733175708,21.30758989019218,27.774256556858848
"215-W-95th-St,-Apt-9C,-New-York,-NY-10025",36061018300,Manhattan,19.32579446981749,30.64246113648416,32.60912780315083
"100-John-St,-Apt-2907,-New-York,-NY-10038",36061001502,Manhattan,23.10038172340984,8.449477526891815,13.383715056743174
"80-Clinton-St,-Unit-7,-New-York,-NY-10002",36061001402,Manhattan,20.706271678129443,17.022938344796113,19.361528101500365
"32-E-14th-St,-Unit-2,-New-York,-NY-10003",36061006100,Manhattan,15.499082889098531,15.028944248462745,21.49561091512941
"595-Bushwick-Ave,-Unit-604,-Brooklyn,-NY-11206",36047039100,Brooklyn,33.724450161180805,28.54111682784747,33.507783494514136
"595-Bushwick-Ave,-Unit-414,-Brooklyn,-NY-11206",36047039100,Brooklyn,33.724450161180805,28.54111682784747,33.507783494514136
"195-E-4th-St,-Apt-10,-New-York,-NY-10009",36061003200,Manhattan,28.01953261825405,25.331465880368587,24.802865951587385
"286-Troutman-St,-Apt-2R,-Brooklyn,-NY-11237",36047042700,Brooklyn,37.37578270725237,36.69244937391904,42.1591160405857
"287-Stanhope-Brooklyn-St,-Unit-3L,-Brooklyn,-NY-11237",36047044300,Brooklyn,35.65794457342976,34.97461124009643,38.94127790676309
"295-Harman-St,-Unit-2RR,-Brooklyn,-NY-11237",36047043100,Brooklyn,37.60215152583349,36.91881819250015,41.385484859166816
"325-Melrose-St,-Unit-2B,-Brooklyn,-NY-11237",36047042700,Brooklyn,36.83410792636784,36.150774593034505,41.61744125970117
"595-Bushwick-Ave,-Unit-513,-Brooklyn,-NY-11206",36047039100,Brooklyn,33.724450161180805,28.54111682784747,33.507783494514136
"593-Meeker-Ave,-Apt-2R,-Brooklyn,-NY-11222",36047059100,Brooklyn,37.49933918793936,36.81600585460603,41.8467785267163
"291-Harman-St,-Unit-2LR,-Brooklyn,-NY-11237",36047043100,Brooklyn,37.402868858553234,36.719535525219904,41.186202191886565
"227-E-14th-St,-Unit-4D,-New-York,-NY-10003",36061004800,Manhattan,17.71977778421105,17.036444450877717,22.503111117544385
"550-W-54th-St,-Apt-1701,-New-York,-NY-10019",36061013501,Manhattan,24.126476860182027,37.26006335411828,43.64106617412765
"550-W-54th-St,-Unit-1147,-New-York,-NY-10019",36061013501,Manhattan,24.12453650727092,37.25979180451839,43.64047063528946
"658-W-188th-St,-Unit-2H,-New-York,-NY-10040",36061027900,Manhattan,41.08078471336516,51.96432445357773,58.8641180466985
"302-E-46th-St,-Unit-12J,-New-York,-NY-10017",36061009000,Manhattan,17.382770811374655,26.226246299155928,32.69291296582259
"235-W-48th-St,-Unit-29LL,-New-York,-NY-10036",36061012500,Manhattan,12.542094504230477,28.11438978636896,31.825427837563804
"200-N-End-Ave,-Apt-30E,-New-York,-NY-10282",36061031703,Manhattan,24.788504865658904,15.892794451484804,22.07183819899224
"2-Columbus-Ave,-Apt-19A,-New-York,-NY-10023",36061014500,Manhattan,16.200125149055854,30.21020763983775,35.48345848238919
"41-River-Ter,-Apt-3304,-New-York,-NY-10282",36061031703,Manhattan,25.87143252432613,19.151811288522254,23.15476585765947
"261-W-25th-St,-Apt-2B,-New-York,-NY-10001",36061009100,Manhattan,14.827127404589191,21.77948926093144,28.889189062370107
"389-E-89th-St,-Apt-14A,-New-York,-NY-10128",36061015401,Manhattan,22.41627459781068,36.97554573645428,42.94221240312095
"252-W-10th-St,-New-York,-NY-10014",36061007300,Manhattan,19.30989767553026,19.626564342196925,24.593231008863597
"11-39-49th-Ave,-Unit-814A,-Queens,-NY-11101",36081000701,Queens,17.290849784521317,28.607516451187983,34.57418311785465
"930-Amsterdam-Ave,-Apt-3,-New-York,-NY-10025",36061019100,Manhattan,24.88582288768548,38.20248955435214,41.16915622101881
"41-W-126th-St,-Unit-2A,-New-York,-NY-10027",36061020800,Manhattan,28.930064530422367,40.24673119708904,42.2133978637557
"11-39-49th-Ave,-Unit-711,-Queens,-NY-11101",36081000701,Queens,17.2565736506253,28.573240317291965,34.53990698395864
"165-Ave-A,-Apt-6,-New-York,-NY-10009",36061003400,Manhattan,23.45173417598256,22.768400842649225,28.235067509315893
"1017-Winthrop-St,-Apt-3,-Brooklyn,-NY-11212",36047088200,Brooklyn,58.642398136318135,36.959064802984805,28.42573146965147
"141-E-56th-St,-Unit-6LL,-New-York,-NY-10022",36061011203,Manhattan,14.16624263538326,25.22513320917928,31.691799875845945
"1-Wall-Street-Ct,-Apt-505,-New-York,-NY-10005",36061000700,Manhattan,25.004950137949503,7.046067604983405,12.288283471282837
"355-S-End-Ave,-Apt-10C,-New-York,-NY-10280",36061031704,Manhattan,26.84668650066534,9.22015811269902,16.68682477936569
"234-E-33rd-St,-Apt-2A,-New-York,-NY-10016",36061007002,Manhattan,21.73583846701176,25.892321829357115,32.358988496023784
"180-Water-St,-Apt-2610,-New-York,-NY-10038",36061001502,Manhattan,25.070261544323337,9.470075328099872,14.098724255196144
"606-W-57th-St,-Apt-1505,-New-York,-NY-10019",36061013502,Manhattan,26.527318498223927,40.573256361217474,45.81065183155726
"4346-39th-Pl,-Apt-405,-Queens,-NY-11104",36081017901,Queens,24.85797964443465,36.17464631110132,42.14131297776798
"377-Rector-Pl,-Apt-9C,-New-York,-NY-10280",36061031704,Manhattan,29.47519609233653,9.993906070621186,17.225081656824248
"75-West-St,-Apt-14A,-New-York,-NY-10006",36061001300,Manhattan,25.66746075734936,5.664652816951604,13.131319483618272
"75-West-St,-Apt-5R,-New-York,-NY-10006",36061001300,Manhattan,25.66746075734936,5.664652816951604,13.131319483618272
"90-West-St,-Apt-17T,-New-York,-NY-10006",36061001300,Manhattan,25.320923067517636,6.253194313471758,13.719860980138424
"121-Wadsworth-Ave,-Unit-23,-New-York,-NY-10033",36061026300,Manhattan,36.83266776714224,48.64933443380891,54.61600110047558
"331-Greenwich-St,-Unit-2A,-New-York,-NY-10013",36061003900,Manhattan,21.26958663791506,14.586253304581728,18.5529199712484
"4346-39th-Pl,-Apt-609,-Queens,-NY-11104",36081017901,Queens,24.85797964443465,36.17464631110132,42.14131297776798
"4346-39th-Pl,-Apt-406,-Queens,-NY-11104",36081017901,Queens,24.85797964443465,36.17464631110132,42.14131297776798
"4346-39th-Pl,-Apt-505,-Queens,-NY-11104",36081017901,Queens,24.85797964443465,36.17464631110132,42.14131297776798
"319-E-95th-St,-Apt-24,-New-York,-NY-10128",36061015601,Manhattan,21.137688443173754,35.95435510984042,42.92102177650709
"998-Amsterdam-Ave,-Apt-2C,-New-York,-NY-10025",36061019500,Manhattan,26.41236414509347,39.72903081176014,42.69569747842681
"11-39-49th-Ave,-Unit-612,-Queens,-NY-11101",36081000701,Queens,17.41536535427277,28.732032020939435,34.698698687606104
"515-W-36th-St,-Unit-27GG,-New-York,-NY-10018",36061009903,Manhattan,15.46129754731991,29.27796421398658,31.744630880653244
"11-39-49th-Ave,-Unit-719,-Queens,-NY-11101",36081000701,Queens,17.290849784521317,28.607516451187983,34.57418311785465
"11-39-49th-Ave,-Ph-2,-Queens,-NY-11101",36081000701,Queens,17.290849784521317,28.607516451187983,34.57418311785465
"11-39-49th-Ave,-Unit-1104A,-Queens,-NY-11101",36081000701,Queens,17.41536535427277,28.732032020939435,34.698698687606104
"11-39-49th-Ave,-Unit-516,-Queens,-NY-11101",36081000701,Queens,17.290849784521317,28.607516451187983,34.57418311785465
"235-W-48th-St,-Unit-14NN,-New-York,-NY-10036",36061012500,Manhattan,12.542094504230477,28.11438978636896,31.825427837563804
"176-Broadway,-Apt-15A,-New-York,-NY-10038",36061001502,Manhattan,23.425897933579208,4.242564600245873,10.70923126691254
"1-Wall-Street-Ct,-Apt-503,-New-York,-NY-10005",36061000700,Manhattan,25.004950137949503,7.046067604983405,12.288283471282837
"50-West-St,-Apt-37D,-New-York,-NY-10006",36061001300,Manhattan,24.16830672745413,5.071566897867217,12.207934593984753
"1-Wall-Street-Ct,-Apt-908,-New-York,-NY-10005",36061000700,Manhattan,25.004950137949503,7.046067604983405,12.288283471282837
"100-John-St,-Apt-2013,-New-York,-NY-10038",36061001502,Manhattan,23.19083854138773,8.397032364575521,13.474171874721064
"20-West-St,-Apt-14K,-New-York,-NY-10004",36061001300,Manhattan,25.91833115151961,6.468490748128099,9.98600939720012
"20-West-St,-Apt-23H,-New-York,-NY-10004",36061001300,Manhattan,25.91833115151961,6.468490748128099,9.98600939720012
"100-John-St,-Apt-1604,-New-York,-NY-10038",36061001502,Manhattan,23.10258245730949,8.452030798356336,13.385915790642828
"75-Riverside-Dr,-Apt-1F,-New-York,-NY-10024",36061016700,Manhattan,19.82490035951555,33.141567026182216,36.10823369284888
"20-West-St,-Unit-11B,-New-York,-NY-10004",36061001300,Manhattan,25.913330749439577,6.465349522355257,9.991501384776958
"70-Pine-St,-Apt-719,-New-York,-NY-10005",36061000700,Manhattan,23.952909718628707,6.769576385295375,11.236243051962042
"70-Pine-St,-Ph-5603,-New-York,-NY-10005",36061000700,Manhattan,23.952909718628707,6.769576385295375,11.236243051962042
"53-Park-Pl,-Unit-5L,-New-York,-NY-10007",36061002100,Manhattan,19.872319108825717,9.896266424817274,15.24722248447716
"80-John-St,-Apt-3B,-New-York,-NY-10038",36061001502,Manhattan,22.781734308099,7.71290515764279,13.065067641432332
"80-John-St,-Apt-11E,-New-York,-NY-10038",36061001502,Manhattan,22.781734308099,7.71290515764279,13.065067641432332
"323-W-96th-St,-Apt-814,-New-York,-NY-10025",36061018300,Manhattan,22.93705858632892,34.25372525299558,36.22039191966225
"80-John-St,-Apt-12H,-New-York,-NY-10038",36061001502,Manhattan,22.781734308099,7.71290515764279,13.065067641432332
"6-Broadway,-New-York,-NY-10004",36061000900,Manhattan,27.38685541307682,6.203522079743484,8.670188746410153
"165-Ave-A,-Apt-3,-New-York,-NY-10009",36061003400,Manhattan,23.45173417598256,22.768400842649225,28.235067509315893
"211-Ave-A,-Apt-15,-New-York,-NY-10009",36061003400,Manhattan,20.38971986145081,19.70638652811748,25.173053194784146
"270-15th-St,-Apt-20,-Brooklyn,-NY-11215",36047014102,Brooklyn,47.72895486332811,34.562701282160106,22.029367948826778
"127-E-36th-St,-Unit-2A,-New-York,-NY-10016",36061008000,Manhattan,14.953517824609293,24.163322406315896,30.62998907298256
"101-W-55th-St,-Unit-502,-New-York,-NY-10019",36061013700,Manhattan,12.463831066364722,28.28049773303139,34.74716439969806
"11-39-49th-Ave,-Unit-511A,-Queens,-NY-11101",36081000701,Queens,17.290849784521317,28.607516451187983,34.57418311785465
"10-17-Jackson-Ave,-Unit-2CC,-Queens,-NY-11101",36081000701,Queens,15.32168639133814,26.638353058004807,32.60501972467147
"28-18-Steinway-St,-Unit-306,-Queens,-NY-11103",36081006502,Queens,38.63001947535156,48.44668614201823,54.41335280868489
"50-11-Queens-Blvd,-Unit-606,-Queens,-NY-11377",36081025302,Queens,28.17827844753309,39.49494511419975,45.46161178086642
"35-64-85th-St,-Unit-3GG,-Queens,-NY-11372",36081028100,Queens,28.30734341017007,45.62401007683673,53.5906767435034
"11-39-49th-Ave,-Unit-1002,-Queens,-NY-11101",36081000701,Queens,17.290849784521317,28.607516451187983,34.57418311785465
"11-39-49th-Ave,-Unit-709,-Queens,-NY-11101",36081000701,Queens,17.41536535427277,28.732032020939435,34.698698687606104
"4346-39th-Pl,-Apt-309,-Queens,-NY-11104",36081017901,Queens,24.85797964443465,36.17464631110132,42.14131297776798
"4346-39th-Pl,-Apt-305,-Queens,-NY-11104",36081017901,Queens,24.85797964443465,36.17464631110132,42.14131297776798
"4346-39th-Pl,-Apt-306,-Queens,-NY-11104",36081017901,Queens,24.85797964443465,36.17464631110132,42.14131297776798
"4346-39th-Pl,-Apt-402,-Queens,-NY-11104",36081017901,Queens,24.85797964443465,36.17464631110132,42.14131297776798
"4346-39th-Pl,-Apt-308,-Queens,-NY-11104",36081017901,Queens,24.85797964443465,36.17464631110132,42.14131297776798
"4346-39th-Pl,-Apt-304,-Queens,-NY-11104",36081017901,Queens,24.85797964443465,36.17464631110132,42.14131297776798
"56-Lispenard-St,-Unit-Ph,-New-York,-NY-10013",36061003300,Manhattan,21.412897399662945,12.98745893252513,18.454125599191794
"461-Dean-St,-Brooklyn,-NY-11217",36047012902,Brooklyn,32.98852179810423,18.06394723244585,10.530613899112518
"49-W-96th-St,-Apt-1B,-New-York,-NY-10025",36061018100,Manhattan,23.29097420218314,37.83030506213048,39.796971728797146
"21-E-108th-St,-Apt-3B,-New-York,-NY-10029",36061017401,Manhattan,31.38954198684356,39.59903600242449,44.6728753201769
"520-Laguardia-Pl,-Apt-3N,-New-York,-NY-10012",36061006500,Manhattan,19.00098766618881,20.18831700165377,24.87926581941984
"96-5th-Ave,-Apt-7G,-New-York,-NY-10011",36061005400,Manhattan,14.172669055705416,17.755078939204672,24.221745605871337
"550-W-54th-St,-Apt-1603,-New-York,-NY-10019",36061013501,Manhattan,24.126476860182027,37.26006335411828,43.64106617412765
"550-W-54th-St,-Apt-2033,-New-York,-NY-10019",36061013501,Manhattan,24.12453650727092,37.25979180451839,43.64047063528946
"720-Greenwich-St,-Apt-2K,-New-York,-NY-10014",36061007500,Manhattan,21.20107697244854,21.517743639115206,26.48441030578187
"235-W-48th-St,-Unit-17KK,-New-York,-NY-10036",36061012500,Manhattan,12.542094504230477,28.11438978636896,31.825427837563804
"606-W-30th-St,-Unit-23BB,-New-York,-NY-10001",36061009902,Manhattan,17.38358920155503,31.200255868221696,33.666922534888364
"135-W-122nd-St,-Apt-3,-New-York,-NY-10027",36061022200,Manhattan,29.806588743926227,41.68159911137941,43.64826577804608
"11-39-49th-Ave,-Unit-102,-Queens,-NY-11101",36081000701,Queens,17.41536535427277,28.732032020939435,34.698698687606104
"35-64-85th-St,-Unit-3A,-Queens,-NY-11372",36081028100,Queens,28.30734341017007,45.62401007683673,53.5906767435034
"50-11-Queens-Blvd,-Unit-709,-Queens,-NY-11377",36081025302,Queens,28.17827844753309,39.49494511419975,45.46161178086642
"50-11-Queens-Blvd,-Unit-310,-Queens,-NY-11377",36081025302,Queens,28.17827844753309,39.49494511419975,45.46161178086642
"101-Macombs-Pl,-Apt-3D,-New-York,-NY-10039",36061023600,Manhattan,36.87580567825475,49.05921750945149,54.07167619449013
"333-E-49th-St,-Apt-3N,-New-York,-NY-10017",36061009800,Manhattan,16.0958002811355,28.369730390884943,34.336397057551615
"247-W-87th-St,-Unit-9B,-New-York,-NY-10024",36061017500,Manhattan,18.012040004535592,31.32870667120226,34.295373337868924
"435-W-31st-St,-Apt-29C,-New-York,-NY-10001",36061010300,Manhattan,19.56473877292961,27.09735749711593,33.19661413318152
"118-E-4th-St,-Apt-5,-New-York,-NY-10003",36061003800,Manhattan,24.34741102926781,23.664077695934484,21.13074436260115
"465-W-57th-St,-Unit-Loft,-New-York,-NY-10019",36061013900,Manhattan,19.61465963690529,33.67665667037891,38.89799297023863
"95-Christopher-St,-Apt-7J,-New-York,-NY-10014",36061007300,Manhattan,17.406385125395065,17.72305179206173,22.6897184587284
"124-E-24th-St,-Apt-1J,-New-York,-NY-10010",36061006800,Manhattan,18.280759489174574,18.439427207689032,24.906093874355697
"60-Water-St,-Apt-1106,-Brooklyn,-NY-11201",36047002100,Brooklyn,33.599673331171765,18.47511667315612,15.259391440046144
"10-River-Rd,-Unit-015L10,-New-York,-NY-10044",36061023802,Manhattan,31.579889124008847,44.549907126215,50.01657379288167
"10-River-Rd,-Unit-007N,-New-York,-NY-10044",36061023802,Manhattan,31.47570598512041,44.78593926361838,50.25260593028505
"606-W-30th-St,-Unit-12JJJ,-New-York,-NY-10001",36061009902,Manhattan,17.38358920155503,31.200255868221696,33.666922534888364
"50-11-Queens-Blvd,-Ph-1,-Queens,-NY-11377",36081025302,Queens,28.17827844753309,39.49494511419975,45.46161178086642
"50-11-Queens-Blvd,-Unit-608,-Queens,-NY-11377",36081025302,Queens,28.17827844753309,39.49494511419975,45.46161178086642
"550-W-54th-St,-Unit-863,-New-York,-NY-10019",36061013501,Manhattan,25.09188299130691,37.93821257621979,44.38518200043138
"235-W-48th-St,-Unit-29PP,-New-York,-NY-10036",36061012500,Manhattan,12.542094504230477,28.11438978636896,31.825427837563804
"11-E-1st-St,-New-York,-NY-10003",36061003602,Manhattan,19.888953716170462,19.24666904698323,20.154651577448732
"515-W-52nd-St,-New-York,-NY-10019",36061013501,Manhattan,23.079496062273133,35.83741516785922,42.36282939560647
"1-Morningside-Dr,-Ph-1,-New-York,-NY-10025",36061019701,Manhattan,28.649343198382056,43.46946884651212,46.43613551317879
"525-W-28th-St,-New-York,-NY-10001",36061009902,Manhattan,19.59220500097282,31.78387074882319,35.87553833430616
"250-W-50th-St,-New-York,-NY-10019",36061012500,Manhattan,12.246630457930353,26.117996898416923,31.52996379126369
"214-Duffield-St,-Brooklyn,-NY-11201",36047001502,Brooklyn,30.10641347074242,15.783837933670918,8.157249967966242
"343-Gold-St,-Brooklyn,-NY-11201",36047001502,Brooklyn,32.076515658530724,19.752559829689336,11.219226496356
"282-11th-Ave,-New-York,-NY-10001",36061009902,Manhattan,18.746617291065714,32.56328395773238,35.02995062439905
"100-Willoughby-St,-Brooklyn,-NY-11201",36047001502,Brooklyn,29.967161238875256,15.794754266329551,8.26142093299622
"108-Wyckoff-Ave,-Unit-Rr,-Brooklyn,-NY-11237",36047044500,Brooklyn,33.18425256863408,32.50091923530075,36.46758590196741
"70-Pine-St,-Apt-1720,-New-York,-NY-10005",36061000700,Manhattan,23.952909718628707,6.769576385295375,11.236243051962042
"70-Pine-St,-Apt-922,-New-York,-NY-10005",36061000700,Manhattan,23.952909718628707,6.769576385295375,11.236243051962042
"57-Wall-St,-Unit-16D,-New-York,-NY-10005",36061000700,Manhattan,23.301367788294645,5.34927608818172,10.584701121627974
"605-W-42nd-St,-Apt-56N,-New-York,-NY-10036",36061012901,Manhattan,22.522542550761862,35.307629903661194,38.8058758840952
"80-Maiden-Ln,-Unit-4012,-New-York,-NY-10038",36061000700,Manhattan,24.23114642561096,6.828474802649267,11.514479758944294
"100-W-31st-St,-Apt-19C,-New-York,-NY-10001",36061010100,Manhattan,9.441967240678087,22.94196724067809,27.022439282044832
"17-Battery-Pl,-Unit-2715,-New-York,-NY-10004",36061001300,Manhattan,27.710949197931225,7.00058882029556,9.467255486962223
"45-Wall-St,-Apt-1922,-New-York,-NY-10005",36061000700,Manhattan,23.155103511635154,4.253753279519135,10.43843684496849
"80-John-St,-Apt-10B,-New-York,-NY-10038",36061001502,Manhattan,22.781734308099,7.71290515764279,13.065067641432332
"16-Pennsylvania-Plz,-Unit-1027-1030,-New-York,-NY-10001",36061011100,Manhattan,13.94640959466452,20.26298446038903,27.349585248506653
"97-12-65th-Rd,-Unit-15L,-Queens,-NY-11374",36081071306,Queens,36.02827541363078,50.34494208029744,57.81160874696411
"67-Wall-St,-Apt-22H,-New-York,-NY-10005",36061000700,Manhattan,24.44696630350803,6.744138269086758,11.730299636841368
"401-E-34th-St,-Unit-17H,-New-York,-NY-10016",36061008601,Manhattan,23.732285286967265,32.3205289102931,38.78719557695977
"2-Gold-St,-Apt-14F,-New-York,-NY-10038",36061001502,Manhattan,24.156693512608783,7.364156776878337,12.227980473261136
"300-E-46th-St,-Apt-3E,-New-York,-NY-10017",36061009000,Manhattan,17.028262244338062,25.889637953824916,32.35630462049158
"4-Malcolm-X-Blvd,-Apt-3RL,-Brooklyn,-NY-11221",36047028900,Brooklyn,38.371385017949706,30.69096725813148,38.15471835128304
"613-Baltic-St,-Apt-6E,-Brooklyn,-NY-11217",36047012901,Brooklyn,33.56851098975043,20.689640754152247,13.156307420818912
"7-Navy-Pier-Ct,-Staten-Island,-NY-10304",36085002100,Staten Island,82.88466803441636,67.20133470108304,67.16800136774971
"101-Cooper-St,-Apt-2R,-New-York,-NY-10034",36061030300,Manhattan,40.4095936399026,52.22626030656927,58.19292697323593
"219-E-69th-St,-Unit-8JJ,-New-York,-NY-10021",36061012602,Manhattan,18.865789575818248,28.302942036849288,34.26960870351596
"201-W-72nd-St,-Apt-17H,-New-York,-NY-10023",36061015900,Manhattan,15.962350812849117,28.279017479515783,30.245684146182448
"111-03-77th-Ave,-Queens,-NY-11375",36081076902,Queens,34.54393239886994,50.36059906553661,57.49944120564839
"36-W-126th-St,-Unit-2B,-New-York,-NY-10027",36061020000,Manhattan,29.02159973064756,40.33826639731422,42.30493306398089
"111-Worth-St,-Apt-12K,-New-York,-NY-10013",36061003100,Manhattan,23.35724268669014,10.743560437531045,17.21022710419771
"111-Worth-St,-Apt-10P,-New-York,-NY-10013",36061003100,Manhattan,23.627745500649205,10.363554409973704,16.83022107664037
"111-Worth-St,-Apt-14V,-New-York,-NY-10013",36061003100,Manhattan,23.35724268669014,10.743560437531045,17.21022710419771
"95-Wall-St,-Apt-1216,-New-York,-NY-10005",36061000700,Manhattan,26.022737549869348,8.415889782891904,13.306070883202684
"75-West-St,-Apt-2K,-New-York,-NY-10006",36061001300,Manhattan,25.66746075734936,5.664652816951604,13.131319483618272
"95-Wall-St,-Apt-616,-New-York,-NY-10005",36061000700,Manhattan,26.350961028534176,8.611006947621263,13.63429436186751
"10-Hanover-Sq,-Apt-2A,-New-York,-NY-10005",36061000700,Manhattan,26.03108021842172,7.555206836700725,13.314413551755054
"10-Hanover-Sq,-Apt-8T,-New-York,-NY-10005",36061000700,Manhattan,26.20288512502639,7.566989091338057,13.486218458359724
"11-Waverly-Pl,-Unit-9,-New-York,-NY-10003",36061005900,Manhattan,18.386237616389057,17.202904283055723,22.66957094972239
"95-Wall-St,-Apt-2101,-New-York,-NY-10005",36061000700,Manhattan,26.022737549869348,8.415889782891904,13.306070883202684
"84-William-St,-Apt-1606,-New-York,-NY-10038",36061001502,Manhattan,23.48341712467918,6.480326226490639,12.052942782441578
"15-Cliff-St,-Apt-14D,-New-York,-NY-10038",36061001502,Manhattan,22.730885306029634,9.425132382398594,13.01421863936297
"2-Gold-St,-Apt-1510,-New-York,-NY-10038",36061001502,Manhattan,24.106272596334275,7.525966857084034,12.389781876333403
"84-William-St,-Apt-902,-New-York,-NY-10038",36061001502,Manhattan,23.48341712467918,6.480326226490639,12.052942782441578
"95-Wall-St,-Apt-202,-New-York,-NY-10005",36061000700,Manhattan,26.022737549869348,8.415889782891904,13.306070883202684
"15-Cliff-St,-Apt-8D,-New-York,-NY-10038",36061001502,Manhattan,22.730885306029634,9.425132382398594,13.01421863936297
"10-Hanover-Sq,-Apt-5L,-New-York,-NY-10005",36061000700,Manhattan,26.03108021842172,7.555206836700725,13.314413551755054
"95-Wall-St,-Apt-2203,-New-York,-NY-10005",36061000700,Manhattan,26.022737549869348,8.415889782891904,13.306070883202684
"95-Wall-St,-Apt-503,-New-York,-NY-10005",36061000700,Manhattan,26.350961028534176,8.611006947621263,13.63429436186751
"1-West-St,-Apt-2134,-New-York,-NY-10004",36061001300,Manhattan,27.19410935048272,7.452714139937461,9.919380806604128
"45-Wall-St,-Apt-1218,-New-York,-NY-10005",36061000700,Manhattan,23.525826946225997,4.3788802429700615,10.809160279559327
"99-Battery-Pl,-Apt-8L,-New-York,-NY-10280",36061031704,Manhattan,26.3413813660862,7.274714699419534,12.90005912365324
"20-Broad-St,-Apt-202,-New-York,-NY-10005",36061000700,Manhattan,24.8056057117542,2.6966650945796298,10.163331761246296
"20-Broad-St,-Apt-203,-New-York,-NY-10005",36061000700,Manhattan,24.8056057117542,2.6966650945796298,10.163331761246296
"45-Wall-St,-Apt-1211,-New-York,-NY-10005",36061000700,Manhattan,23.525826946225997,4.3788802429700615,10.809160279559327
"333-E-49th-St,-Unit-3NN,-New-York,-NY-10017",36061009800,Manhattan,16.278705043512257,28.452481178756088,34.41914784542276
"888-8th-Ave,-Apt-3H,-New-York,-NY-10019",36061013100,Manhattan,13.667000896992622,28.58575481253916,32.95033423032596
"410-W-53rd-St,-Apt-605,-New-York,-NY-10019",36061013300,Manhattan,18.45709746646376,31.504082691427605,37.74043079979709
"888-Eighth-Ave,-Unit-20W,-New-York,-NY-10019",36061013100,Manhattan,13.582366669912115,28.4644034726881,32.86570000324545
"146-Sullivan-St,-Apt-6,-New-York,-NY-10012",36061004900,Manhattan,20.8510556017225,17.167722268389166,23.625861481976607
"11-39-49th-Ave,-Unit-304,-Queens,-NY-11101",36081000701,Queens,17.290849784521317,28.607516451187983,34.57418311785465
"11-39-49th-Ave,-Unit-217,-Queens,-NY-11101",36081000701,Queens,17.290849784521317,28.607516451187983,34.57418311785465
"39-04-29th-St,---C,-Queens,-NY-11101",36081003100,Queens,23.205911002633183,36.6124241276373,42.57909079430397
"11-39-49th-Ave,-Unit-1005,-Queens,-NY-11101",36081000701,Queens,17.290849784521317,28.607516451187983,34.57418311785465
"39-04-29th-St,-Ph-5A,-Queens,-NY-11101",36081003100,Queens,23.205911002633183,36.6124241276373,42.57909079430397
"11-39-49th-Ave,-Unit-509,-Queens,-NY-11101",36081000701,Queens,17.290849784521317,28.607516451187983,34.57418311785465
"111-04-76th-Dr,-Queens,-NY-11375",36081076902,Queens,34.08792113669801,49.90458780336467,57.87125447003134
"572-11th-Ave,-Apt-5N,-New-York,-NY-10036",36061012901,Manhattan,23.56190167912359,33.79117205280315,39.9218674462601
"206-Grafton-St,-Apt-1,-Brooklyn,-NY-11212",36047089400,Brooklyn,55.36946973593614,33.686136402602806,24.652803069269478
"460-Second-Ave,-Unit-3A,-New-York,-NY-10016",36061006600,Manhattan,27.026953316216144,26.625313795906877,33.09198046257354
"460-Second-Ave,-Unit-5B,-New-York,-NY-10016",36061006600,Manhattan,27.026953316216144,26.625313795906877,33.09198046257354
"248-E-36th-St,-Unit-10K,-New-York,-NY-10016",36061005900,Manhattan,19.792417870444748,17.95171637792339,24.07575120377808
"39-04-29th-St,-Unit-3D,-Queens,-NY-11101",36081003100,Queens,23.205911002633183,36.6124241276373,42.57909079430397
"50-11-Queens-Blvd,-Ph-809,-Queens,-NY-11377",36081025302,Queens,28.17827844753309,39.49494511419975,45.46161178086642
"39-04-29th-St,---B,-Queens,-NY-11101",36081003100,Queens,23.205911002633183,36.6124241276373,42.57909079430397
"39-04-29th-St,-Unit-4A,-Queens,-NY-11101",36081003100,Queens,23.205911002633183,36.6124241276373,42.57909079430397
"39-04-29th-St,-Unit-4F,-Queens,-NY-11101",36081003100,Queens,23.205911002633183,36.6124241276373,42.57909079430397
"50-11-Queens-Blvd,-Unit-508,-Queens,-NY-11377",36081025302,Queens,28.17827844753309,39.49494511419975,45.46161178086642
"720-Elton-St,-Unit-1,-Brooklyn,-NY-11208",36047112000,Brooklyn,62.90156717083544,41.57817834348409,32.54484501015076
"720-Elton-St,-Unit-1A,-Brooklyn,-NY-11208",36047112000,Brooklyn,62.90156717083544,41.57817834348409,32.54484501015076
"720-Elton-St,-Unit-2,-Brooklyn,-NY-11208",36047112000,Brooklyn,62.90156717083544,41.57817834348409,32.54484501015076
"555-W-38th-St,-Apt-3506,-New-York,-NY-10018",36061011700,Manhattan,16.664567916009386,30.48123458267605,32.94790124934272
"412-E-55th-St,-Unit-9LL,-New-York,-NY-10022",36061010601,Manhattan,17.891160755988857,31.707827422655523,37.67449408932219
"405-E-56th-St,-Unit-8KK,-New-York,-NY-10022",36061010601,Manhattan,18.368582297064865,32.18524896373153,38.1519156303982
"95-Christopher-St,-Unit-7JJ,-New-York,-NY-10014",36061007300,Manhattan,17.432819779938402,17.74948644660507,22.716153113271734
"84-William-St,-Apt-1508,-New-York,-NY-10038",36061001502,Manhattan,23.48341712467918,6.480326226490639,12.052942782441578
"84-William-St,-Apt-408,-New-York,-NY-10038",36061001502,Manhattan,23.48341712467918,6.480326226490639,12.052942782441578
"237-E-34th-St,-Apt-1092,-New-York,-NY-10016",36061007800,Manhattan,20.187498929094957,26.771648019129024,33.23831468579569
"69-E-125th-St,-Apt-8F,-New-York,-NY-10035",36061019800,Manhattan,33.32794781293737,36.14461447960403,42.1112811462707
"39-04-29th-St,-Unit-3F,-Queens,-NY-11101",36081003100,Queens,23.205911002633183,36.6124241276373,42.57909079430397
"561-W-143rd-St,-Apt-43A,-New-York,-NY-10031",36061022900,Manhattan,31.74711821404175,45.06378488070842,49.03045154737508
"572-Eleventh-Ave,-Unit-3J,-New-York,-NY-10036",36061012901,Manhattan,23.239245958736472,33.603641500165104,39.52257929206981
"240-Elizabeth-St,-Unit-2B,-New-York,-NY-10012",36061004300,Manhattan,18.834832140216506,17.69981864875853,22.053498192479445
"242-Mulberry-St,-Apt-19,-New-York,-NY-10012",36061004300,Manhattan,18.438004464964163,15.546556364106369,21.013223030773037
"275-Fort-Washington-Ave,-Apt-2E,-New-York,-NY-10032",36061025500,Manhattan,36.10737091278271,47.924037579449376,53.89070424611604
"852-Prospect-Pl,-Apt-3F,-Brooklyn,-NY-11216",36047031701,Brooklyn,48.78254188167824,32.59920854834491,25.82198174223009
"262-Central-Park-W,-Unit-1M,-New-York,-NY-10024",36061017300,Manhattan,18.525268450354663,34.84193511702133,37.808601783688
"234-E-33rd-St,-Apt-4C,-New-York,-NY-10016",36061007002,Manhattan,21.73583846701176,25.892321829357115,32.358988496023784
"210-E-47th-St,-Apt-7D,-New-York,-NY-10017",36061009000,Manhattan,16.191111244888013,24.68734688134017,31.15401354800684
"40-Park-Ave,-Unit-2,-New-York,-NY-10016",36061008200,Manhattan,12.976229506391489,23.84569846147171,30.31236512813837
"139-W-72nd-St,-Apt-5FW,-New-York,-NY-10023",36061015700,Manhattan,17.0603293863112,29.376996052977866,31.34366271964453
"101-Macombs-Pl,-Apt-4D,-New-York,-NY-10039",36061023600,Manhattan,36.87580567825475,49.05921750945149,54.07167619449013
"160-Waverly-Pl,-Apt-18,-New-York,-NY-10014",36061007100,Manhattan,13.68623561780712,16.502902284473787,22.24900784416722
"225-Howard-Ave,-Apt-1B,-Brooklyn,-NY-11233",36047037900,Brooklyn,49.276200647478085,33.85186615935729,24.81853282602396
"618-Eastern-Pkwy,-Apt-2F,-Brooklyn,-NY-11225",36047031900,Brooklyn,44.57427898877498,27.808414405962253,20.27508107262892
"1103-Carroll-St,-Apt-2A,-Brooklyn,-NY-11225",36047032100,Brooklyn,45.60577577463668,26.422442441303357,18.889109107970015
"232-Elizabeth-St,-Apt-1E,-New-York,-NY-10012",36061004300,Manhattan,19.198941596541008,17.30966618291255,21.98284684083749
"39-04-29th-St,-Unit-3A,-Queens,-NY-11101",36081003100,Queens,23.205911002633183,36.6124241276373,42.57909079430397
"39-04-29th-St,-Unit-3C,-Queens,-NY-11101",36081003100,Queens,23.205911002633183,36.6124241276373,42.57909079430397
"39-04-29th-St,-Unit-4E,-Queens,-NY-11101",36081003100,Queens,23.205911002633183,36.6124241276373,42.57909079430397
"21-W-121st-St,-Apt-3,-New-York,-NY-10027",36061020000,Manhattan,31.077633970426184,42.39430063709285,44.36096730375952
"776-Avenue,-of-the-Americas-Apt-7F,-New-York,-NY-10001",36061005800,Manhattan,12.520546156525006,23.439236382016837,28.80387948985834
"55-W-25th-St,-Apt-5D,-New-York,-NY-10010",36061005800,Manhattan,10.914959285551818,24.47457290667677,27.19829261888515
"309-E-8th-St,-Apt-D2,-New-York,-NY-10009",36061002602,Manhattan,28.71908397003465,28.03575063670132,30.950256207424797
"50-11-Queens-Blvd,-Unit-205,-Queens,-NY-11377",36081025302,Queens,28.17827844753309,39.49494511419975,45.46161178086642
"50-11-Queens-Blvd,-Unit-602,-Queens,-NY-11377",36081025302,Queens,28.17827844753309,39.49494511419975,45.46161178086642
"50-11-Queens-Blvd,-Unit-803,-Queens,-NY-11377",36081025302,Queens,28.17827844753309,39.49494511419975,45.46161178086642
"365-Bridge-St,-Apt-2H,-Brooklyn,-NY-11201",36047001502,Brooklyn,30.962601068795568,16.371727237332504,7.8383939039991715
"30-46-30th-St,-Unit-3A,-Queens,-NY-11102",36081007300,Queens,31.111516040706697,40.92818270737336,46.89484937404003
"232-E-84th-St,-Unit-2,-New-York,-NY-10028",36061013800,Manhattan,20.2107805784754,32.37483434876236,38.34150101542903
"242-E-49th-St,-Unit-2,-New-York,-NY-10017",36061009000,Manhattan,15.240116271815577,26.003776300843807,31.970442967510472
"314-E-106th-St,-Apt-26,-New-York,-NY-10029",36061017000,Manhattan,31.66366859092961,39.83817626635555,45.80484293302222
"120-E-4th-St,-Apt-4C,-New-York,-NY-10003",36061003800,Manhattan,24.375131023854944,23.69179769052161,21.15846435718828
"256-Winthrop-St,-Apt-3A,-Brooklyn,-NY-11225",36047080200,Brooklyn,47.97173971479348,28.788406381460156,21.255073048126818
"11-39-49th-Ave,-Unit-909,-Queens,-NY-11101",36081000701,Queens,17.290849784521317,28.607516451187983,34.57418311785465
"11-39-49th-Ave,-Unit-215,-Queens,-NY-11101",36081000701,Queens,17.290849784521317,28.607516451187983,34.57418311785465
"11-39-49th-Ave,-Unit-511,-Queens,-NY-11101",36081000701,Queens,17.290849784521317,28.607516451187983,34.57418311785465
"11-39-49th-Ave,-Unit-418,-Queens,-NY-11101",36081000701,Queens,17.41536535427277,28.732032020939435,34.698698687606104
"111-Bank-Ny-St,-Unit-3K,-New-York,-NY-10014",36061007900,Manhattan,22.382194073132847,23.47253807340146,28.439204740068128
"25-88-41st-St,-Unit-202,-Queens,-NY-11103",36081014300,Queens,40.58718478405053,50.40385145071719,56.37051811738386
"25-88-41st-St,-Unit-201,-Queens,-NY-11103",36081014300,Queens,40.58718478405053,50.40385145071719,56.37051811738386
"25-88-41st-St,-Unit-301,-Queens,-NY-11103",36081014300,Queens,40.58718478405053,50.40385145071719,56.37051811738386
"200-W-67th-St,-Unit-6AA,-New-York,-NY-10023",36061015501,Manhattan,17.590296035505034,33.3232666928052,35.28993335947186
"44-Wilson-Ave,-Unit-2F,-Brooklyn,-NY-11237",36047042500,Brooklyn,36.948967491964346,36.26563415863101,41.73230082529768
"8-Liberty-Pl,-Unit-15A,-New-York,-NY-10005",36061001502,Manhattan,24.250082281367835,5.333215283469628,11.854258641064831
"14-Maiden-Ln,-Unit-21A,-New-York,-NY-10038",36061001502,Manhattan,24.30009848723624,5.222896564802399,11.689563231469066
"180-Water-St,-Apt-906,-New-York,-NY-10038",36061001502,Manhattan,25.225014267685133,9.710272333327474,14.32581569510904
"250-W-93rd-St,-Unit-12CC,-New-York,-NY-10025",36061017900,Manhattan,21.36946281249696,32.686129479163625,34.65279614583029
"154-E-37th-St,-Apt-1,-New-York,-NY-10016",36061008000,Manhattan,15.787573120318283,23.98262684509092,30.44929351175758
"235-W-48th-St,-Unit-19BB,-New-York,-NY-10036",36061012500,Manhattan,12.542094504230477,28.11438978636896,31.825427837563804
"158-E-84th-St,-Unit-1,-New-York,-NY-10028",36061014000,Manhattan,22.058437294220468,30.12588629076378,36.09255295743045
"91-E-4th-St,-Apt-3,-New-York,-NY-10003",36061003800,Manhattan,23.87304928331051,22.46660060565132,21.83515292102537
"245-E-58th-St,-Apt-10D,-New-York,-NY-10022",36061010803,Manhattan,16.75422598543126,26.58444518708945,33.05111185375612
"320-W-58th-St,-Unit-9P,-New-York,-NY-10019",36061006300,Manhattan,15.153297877709631,17.9699645443763,24.436631211042968
"201-E-86th-St,-Apt-21C,-New-York,-NY-10028",36061014602,Manhattan,20.149860111115785,29.541027778801677,35.50769444546834
"320-W-58th-St,-Unit-8C,-New-York,-NY-10019",36061006300,Manhattan,14.056985805865349,16.873652472532015,23.340319139198684
"4-Jane-St,-Unit-1,-New-York,-NY-10014",36061007700,Manhattan,15.451751420967586,19.76841808763425,22.23508475430092
"11-E-67th-St,-Unit-1,-New-York,-NY-10065",36061012200,Manhattan,21.52892870830988,30.096692465353424,36.06335913202009
"1080-Amsterdam-Ave,-Unit-1506,-New-York,-NY-10025",36061019900,Manhattan,28.46740409364013,41.7840707603068,44.750737426973465
"35-64-85th-St,-Unit-4A,-Queens,-NY-11372",36081028100,Queens,28.30734341017007,45.62401007683673,53.5906767435034
"333-E-49th-St,-Unit-10BB,-New-York,-NY-10017",36061009800,Manhattan,16.278705043512257,28.452481178756088,34.41914784542276
"136-18-Maple-Ave,-Unit-5G,-Queens,-NY-11355",36081085300,Queens,42.940944923344574,59.75761159001125,63.72427825667791
"400-E-58th-St,-Unit-14,-New-York,-NY-10022",36061010601,Manhattan,19.0223491472318,31.274246830021927,37.74091349668859
"35-64-85th-St,---A,-Queens,-NY-11372",36081028100,Queens,28.30734341017007,45.62401007683673,53.5906767435034
"70-Pine-St,-Unit-18,-New-York,-NY-10005",36061000700,Manhattan,23.93656966254132,6.752347618770792,11.21990299587465
"13828-Queens-Blvd,-Apt-7G,-Queens,-NY-11435",36081021400,Queens,36.4833674084608,52.30003407512746,60.26670074179413
"1925-22nd-Rd,---A,-Queens,-NY-11105",36081010100,Queens,43.82491067324499,53.64157733991166,59.608244006578325
"70-Pine-St,-Unit-17,-New-York,-NY-10005",36061000700,Manhattan,23.93656966254132,6.752347618770792,11.21990299587465
"13828-Queens-Blvd,-Apt-6C,-Queens,-NY-11435",36081021400,Queens,36.4833674084608,52.30003407512746,60.26670074179413
"1925-22nd-Rd,---B,-Queens,-NY-11105",36081010100,Queens,43.82491067324499,53.64157733991166,59.608244006578325
"200-W-67th-St,-Unit-36CC,-New-York,-NY-10023",36061015501,Manhattan,17.590296035505034,33.3232666928052,35.28993335947186
"132-18-Maple-Ave,-Unit-6G,-Queens,-NY-11355",36081084901,Queens,45.44187120299769,62.25853786966435,66.22520453633102
"35-64-85th-St,-Unit-4B,-Queens,-NY-11372",36081028100,Queens,28.30734341017007,45.62401007683673,53.5906767435034
"70-Pine-St,-Unit-20,-New-York,-NY-10005",36061000700,Manhattan,23.93656966254132,6.752347618770792,11.21990299587465
"136-18-Maple-Ave,-Unit-5F,-Queens,-NY-11355",36081085300,Queens,42.940944923344574,59.75761159001125,63.72427825667791
"35-64-85th-St,---B,-Queens,-NY-11372",36081028100,Queens,28.30734341017007,45.62401007683673,53.5906767435034
"97-5th-Ave,-Unit-2P,-New-York,-NY-10003",36061005200,Manhattan,15.466430509333296,18.115587136631188,24.582253803297856
"248-Adelphi-St,-Apt-1,-Brooklyn,-NY-11205",36047018300,Brooklyn,39.6878599141213,24.194453054896197,16.66111972156286
"323-W-96th-St,-Apt-1011,-New-York,-NY-10025",36061018300,Manhattan,22.93705858632892,34.25372525299558,36.22039191966225
"111-Jane-St,-Apt-4,-New-York,-NY-10014",36061007900,Manhattan,24.222255458853176,27.038922125519843,31.346626000557432
"8-Spruce-St,-Unit-27AA,-New-York,-NY-10038",36061001501,Manhattan,23.43669215563043,8.695204112863317,13.72002548896376
"200-E-71st-St,-Unit-4BB,-New-York,-NY-10021",36061012602,Manhattan,18.5162551627353,27.76633892206275,33.73300558872942
"681-1st-Ave,-Unit-14A,-New-York,-NY-10016",36061005600,Manhattan,14.79769030621318,18.888552150747014,25.35521881741368
"409-E-56th-St,-Unit-9D,-New-York,-NY-10022",36061008300,Manhattan,18.90075764823661,20.50910430368484,27.96742431490328
"409-E-56th-St,-Unit-4G,-New-York,-NY-10022",36061003800,Manhattan,21.54791632408964,20.022584612480134,22.67082309404889
"238-E-14th-St,-Apt-1B,-New-York,-NY-10003",36061004002,Manhattan,18.298806414039127,17.615473080705794,23.082139747372462
"2222-Jackson-Ave,-Unit-814,-Queens,-NY-11101",36081001901,Queens,17.34415509639606,32.15110772629913,37.26839527724064
"400-E-71st-St,-Unit-8PP,-New-York,-NY-10021",36061012400,Manhattan,19.847891385526964,34.53577227128056,40.502438937947225
"165-E-35th-St,-Unit-11GG,-New-York,-NY-10016",36061008000,Manhattan,17.828671061809573,24.777572842406688,31.244239509073356
"350-E-13th-St,-Apt-4,-New-York,-NY-10003",36061004001,Manhattan,21.385468783230703,20.702135449897373,26.16880211656404
"317-E-111th-St,-Apt-6C,-New-York,-NY-10029",36061018000,Manhattan,35.171925981226835,40.9885926478935,46.955259314560166
"555-10th-Ave,-Unit-14EE,-New-York,-NY-10018",36061011700,Manhattan,19.512212512616323,30.19348702509868,36.86221251261632
"432-E-88th-St,-Apt-404,-New-York,-NY-10128",36061014402,Manhattan,23.08134678955095,37.89801345621762,44.58148084694952
"555-10th-Ave,-Unit-14BB,-New-York,-NY-10018",36061011700,Manhattan,19.512212512616323,30.19348702509868,36.86221251261632
"103-Lexington-Ave,-Apt-2D,-New-York,-NY-10016",36061006800,Manhattan,20.7004832481587,20.017149914825367,26.483816581492032
"35-64-85th-St,-Unit-3J,-Queens,-NY-11372",36081028100,Queens,28.30734341017007,45.62401007683673,53.5906767435034
"35-64-85th-St,-Queens,-NY-11372",36081028100,Queens,28.30734341017007,45.62401007683673,53.5906767435034
"2211-Third-Ave,-Unit-9D,-New-York,-NY-10035",36061019400,Manhattan,35.12920372585516,38.250841633958366,44.21750830062504
"2211-Third-Ave,-Unit-9C,-New-York,-NY-10035",36061019400,Manhattan,35.12920372585516,38.250841633958366,44.21750830062504
"2211-Third-Ave,-Unit-5A,-New-York,-NY-10035",36061019400,Manhattan,35.134677348923525,38.24891632547512,44.21558299214179
"120-E-4th-St,-Apt-2D,-New-York,-NY-10003",36061003800,Manhattan,24.58142507696183,23.89809174362849,21.364758410295163
"35-64-85th-St,-Unit-3D,-Queens,-NY-11372",36081028100,Queens,28.30734341017007,45.62401007683673,53.5906767435034
"50-11-Queens-Blvd,-Unit-807,-Queens,-NY-11377",36081025302,Queens,28.17827844753309,39.49494511419975,45.46161178086642
"35-64-85th-St,-Unit-2A,-Queens,-NY-11372",36081028100,Queens,28.30734341017007,45.62401007683673,53.5906767435034
"35-64-85th-St,-Unit-3F,-Queens,-NY-11372",36081028100,Queens,28.30734341017007,45.62401007683673,53.5906767435034
"35-64-85th-St,-Unit-3C,-Queens,-NY-11372",36081028100,Queens,28.30734341017007,45.62401007683673,53.5906767435034
"35-64-85th-St,-Unit-3G,-Queens,-NY-11372",36081028100,Queens,28.30734341017007,45.62401007683673,53.5906767435034
"35-64-85th-St,-Unit-2G,-Queens,-NY-11372",36081028100,Queens,28.30734341017007,45.62401007683673,53.5906767435034
"1028-Greene-Ave,-Brooklyn,-NY-11221",36047038700,Brooklyn,40.29740026588561,32.02485816021176,39.58073359921894
"45-30-Pearson-St,-Unit-18D,-Queens,-NY-11101",36081001901,Queens,17.498838466848884,31.5721130175238,36.25779478302821
"1925-22nd-Rd,-Unit-Phaa,-Queens,-NY-11105",36081010100,Queens,43.82491067324499,53.64157733991166,59.608244006578325
"30-63-31st-St,-Unit-503,-Queens,-NY-11102",36081006300,Queens,31.53384247716461,41.35050914383128,47.31717581049794
"30-46-30th-St,-Unit-3B,-Queens,-NY-11102",36081007300,Queens,31.111516040706697,40.92818270737336,46.89484937404003
"222-E-39th-St,-Unit-6AA,-New-York,-NY-10016",36061007800,Manhattan,15.076841823422887,23.84783697704916,30.31450364371583
"84-William-St,-Apt-1104,-New-York,-NY-10038",36061001502,Manhattan,23.48341712467918,6.480326226490639,12.052942782441578
"137-E-38th-St,-Unit-8EE,-New-York,-NY-10016",36061008000,Manhattan,13.94391586877094,22.20074401476125,28.66741068142792
"20-5th-Ave,-Unit-9CC,-New-York,-NY-10011",36061006300,Manhattan,17.19890361726174,20.015570283928408,26.482236950595077
"157-E-57th-St,-Unit-3AA,-New-York,-NY-10022",36061011203,Manhattan,15.254026448396193,24.27060661402007,30.737273280686736
"219-E-69th-St,-Unit-6KK,-New-York,-NY-10021",36061012602,Manhattan,18.865789575818248,28.302942036849288,34.26960870351596
"11-39-49th-Ave,-Unit-104,-Queens,-NY-11101",36081000701,Queens,17.41536535427277,28.732032020939435,34.698698687606104
"1626-Third-Ave,-Unit-3B,-New-York,-NY-10128",36061015801,Manhattan,25.27290527926459,34.41384147441932,40.38050814108599
"220-E-63rd-St,-Unit-6FF,-New-York,-NY-10065",36061011000,Manhattan,16.851674344160074,26.72690364037409,33.19357030704076
"248-W-64th-St,-Apt-4F,-New-York,-NY-10023",36061015101,Manhattan,20.39801579432318,36.71468246098984,39.34560935959286
"419-W-129th-St,-Apt-20,-New-York,-NY-10027",36061021303,Manhattan,25.323793873277022,39.14046053994369,45.10712720661036
"1523-York-Ave,-New-York,-NY-10028",36061013603,Manhattan,26.941208449525572,39.50308746891799,45.46975413558466
"388-Bridge-St,-Apt-35G,-Brooklyn,-NY-11201",36047001100,Brooklyn,30.446096012686137,15.46635608880667,6.936858088649084
"147-W-79th-St,-Unit-9AA,-New-York,-NY-10024",36061016500,Manhattan,20.28958021122912,33.606246877895785,36.57291354456245
"166-2nd-Ave,-Unit-14QQ,-New-York,-NY-10003",36061004001,Manhattan,22.76960586898141,21.724032289982127,27.552939202314747
"243-E-2nd-St,-Apt-2B,-New-York,-NY-10009",36061002202,Manhattan,26.612836744070272,22.929503410736935,24.901301289117374
"888-8th-Ave,-Unit-800,-New-York,-NY-10019",36061013100,Manhattan,13.457404635554404,28.30874838129586,32.740737968887736
"20-5th-Ave,-Unit-8CC,-New-York,-NY-10011",36061006300,Manhattan,17.19890361726174,20.015570283928408,26.482236950595077
"54-W-74th-St,-Apt-405,-New-York,-NY-10023",36061015700,Manhattan,20.31160615225241,32.66860931886746,34.63527598553413
"20-Jerome-St,-Brooklyn,-NY-11207",36047117201,Brooklyn,48.32556330457466,43.65975677661199,38.10889663790799
"325-E-78th-St,-Apt-3A,-New-York,-NY-10075",36061013400,Manhattan,23.600204723689505,34.01280250802952,39.97946917469618
"358-E-51st-St,-Apt-2B,-New-York,-NY-10022",36061009800,Manhattan,16.314732721926987,29.591506206813552,35.55817287348022
"4730-Center-Blvd,-Queens,-NY-11109",36081000102,Queens,21.87941234013274,33.19607900679941,39.16274567346607
"155-E-52nd-St,-Apt-9L,-New-York,-NY-10022",36061010000,Manhattan,11.333242166933513,22.398280025367647,28.36494669203432
"2-26-50th-Ave---D,-Queens,-NY-11101",36081000101,Queens,19.569357008260475,30.88602367492714,36.85269034159381
"550-W-54th-St,-Unit-567,-New-York,-NY-10019",36061013501,Manhattan,25.09188299130691,37.93821257621979,44.38518200043138
"123-Washington-St,-Apt-40D,-New-York,-NY-10006",36061001300,Manhattan,25.43910297919124,4.610722559991842,12.077389226658507
"550-W-54th-St,-Apt-27N,-New-York,-NY-10019",36061013501,Manhattan,24.126476860182027,37.26006335411828,43.64106617412765
"91-E-4th-St,-Unit-7,-New-York,-NY-10003",36061003800,Manhattan,23.87612983585729,22.467688997936538,21.854450496180046
"400-E-71st-St,-Apt-8C,-New-York,-NY-10021",36061012400,Manhattan,19.29393596282131,34.11060262948798,40.15795516873781
"20-Beekman-Pl,-Unit-7FG,-New-York,-NY-10022",36061008603,Manhattan,18.584532130326146,31.780691021642788,37.74735768830945
"181-Front-St,-Apt-5C,-Brooklyn,-NY-11201",36047002100,Brooklyn,28.15130783797057,19.65748956996477,13.434641171303904
"417-42nd-St,-Unit-G,-Brooklyn,-NY-11232",36047008200,Brooklyn,43.86732858986797,32.18399525653464,24.6506619232013
"414-E-85th-St,-Apt-1D,-New-York,-NY-10028",36061014401,Manhattan,22.15973271833396,36.97639938500063,43.76059437847307
"360-Furman-St,-Apt-1110,-Brooklyn,-NY-11201",36047000700,Brooklyn,37.51332711000927,21.829993776675938,14.62144123334502
"24-15-Queens-Plz-N,-Unit-10CA,-Queens,-NY-11101",36081003301,Queens,20.119942764022472,31.43660943068914,37.40327609735581
"67-Wall-St,-Unit-1803,-New-York,-NY-10005",36061000700,Manhattan,24.56449989288105,6.668301354360692,11.847833226214386
"200-Water-St,-Apt-1918,-New-York,-NY-10038",36061001502,Manhattan,25.145141170523075,11.10417980141938,15.42847450385641
"510-E-82nd-St,-Apt-B,-New-York,-NY-10028",36061013602,Manhattan,27.18468570022295,41.51743737391145,47.48410404057812
"222-Pacific-St,-Apt-2A,-Brooklyn,-NY-11201",36047004300,Brooklyn,35.867670324829,16.220645623288334,7.687312289955001
"1752-First-Ave,-Unit-3B,-New-York,-NY-10128",36061015401,Manhattan,24.124701670044374,38.23867561360244,44.2053422802691
"20-5th-Ave,-Apt-13C,-New-York,-NY-10011",36061006300,Manhattan,17.143490218853593,19.96015688552026,26.426823552186928
"96-5th-Ave,-Unit-7NN,-New-York,-NY-10011",36061005400,Manhattan,14.172669055705416,17.755078939204672,24.221745605871337
"420-E-54th-St,-Apt-1808,-New-York,-NY-10022",36061008603,Manhattan,17.896079142400033,31.7127458090667,37.679412475733365
"1750-First-Ave,-Unit-2,-New-York,-NY-10128",36061015200,Manhattan,24.274155525071173,38.46912588909364,44.4357925557603
"414-E-85th-St,-Apt-2D,-New-York,-NY-10028",36061014401,Manhattan,22.23151185634652,37.04817852301319,43.79343325233021
"2146-Fifth-Ave,-Unit-2AA,-New-York,-NY-10037",36061020800,Manhattan,34.83722067838629,44.1274373751939,48.12055401171962
"905-First-Ave,-Unit-3B,-New-York,-NY-10022",36061009800,Manhattan,16.443845814830475,29.718513636080505,35.68518030274717
"28-Stephens-Ct,-Brooklyn,-NY-11226",36047051601,Brooklyn,52.43139427667053,41.58632990057502,32.189786257009494
"420-E-54th-St,-Apt-1002,-New-York,-NY-10022",36061008603,Manhattan,17.738193800414415,31.55486046708108,37.52152713374775
"75-Wall-St,-Apt-24I,-New-York,-NY-10005",36061000700,Manhattan,25.43125659306599,7.616402854855073,12.714589926399322
"424-E-9th-St,-Apt-8,-New-York,-NY-10009",36061003200,Manhattan,25.359783067330284,24.67644973399695,27.93531136442949
"334-W-46th-St,-Apt-3F,-New-York,-NY-10036",36061012101,Manhattan,14.016191056158856,25.922044136442015,32.3803249948053
"321-W-16th-St,-Apt-3W,-New-York,-NY-10011",36061008300,Manhattan,18.09233235728019,17.908999023946855,25.37566569061352
"543-E-5th-St,-Apt-1,-New-York,-NY-10009",36061003200,Manhattan,30.006207252486607,26.322873919153277,27.05282019600724
"221-Mott-St,-Apt-11,-New-York,-NY-10012",36061004300,Manhattan,19.44030968985536,15.5564070741579,21.023073740824564
"20-Park-Ave,-Unit-003G,-New-York,-NY-10016",36061008200,Manhattan,13.552708535345388,22.56338483617405,29.030051502840717
"410-E-13th-St,-Apt-1D,-New-York,-NY-10009",36061003400,Manhattan,20.340222855833307,19.656889522499974,25.12355618916664
"8-Spruce-St,-Unit-70TT,-New-York,-NY-10038",36061001501,Manhattan,23.43669215563043,8.695204112863317,13.72002548896376
"405-E-56th-St,-Unit-6AA,-New-York,-NY-10022",36061010601,Manhattan,18.368582297064865,32.18524896373153,38.1519156303982
"120-E-4th-St,-Apt-3E,-New-York,-NY-10003",36061003800,Manhattan,24.58142507696183,23.89809174362849,21.364758410295163
"400-E-71st-St,-Unit-12DD,-New-York,-NY-10021",36061012400,Manhattan,19.847891385526964,34.53577227128056,40.502438937947225
"220-E-63rd-St,-Unit-10DD,-New-York,-NY-10065",36061011000,Manhattan,16.851674344160074,26.72690364037409,33.19357030704076
"157-E-57th-St,-Unit-3GG,-New-York,-NY-10022",36061011203,Manhattan,15.254026448396193,24.27060661402007,30.737273280686736
"8-Spruce-St,-Unit-45BB,-New-York,-NY-10038",36061001501,Manhattan,23.43669215563043,8.695204112863317,13.72002548896376
"30-14-31st-Ave,-Unit-1,-Queens,-NY-11106",36081006100,Queens,31.949342576562785,41.76600924322945,47.73267590989612
"20-5th-Ave,-Unit-3BB,-New-York,-NY-10011",36061006300,Manhattan,17.19890361726174,20.015570283928408,26.482236950595077
"123-Ave-S,-Unit-2F,-Brooklyn,-NY-11223",36047040800,Brooklyn,64.23365428297762,45.550320949644295,38.01698761631096
"642-Tenth-Ave,-Unit-3S,-New-York,-NY-10036",36061012102,Manhattan,19.767153297832326,30.30715351349328,37.50417203917474
"63-Pitt-St,-Apt-4B,-New-York,-NY-10002",36061001200,Manhattan,23.7123891192448,20.029055785911467,22.496042836429275
"39-04-29th-St,-Unit-Commercialback,-Queens,-NY-11101",36081003100,Queens,23.205911002633183,36.6124241276373,42.57909079430397
"3904-29th-St,-Fl-2,-Queens,-NY-11101",36081003100,Queens,23.205911002633183,36.6124241276373,42.57909079430397
"39-04-29th-Retail-Storefront-Storefront-St,-Unit-Retail,-Queens,-NY-11101",36081003100,Queens,23.205911002633183,36.6124241276373,42.57909079430397
"135-W-122nd-St,-Unit-1A,-New-York,-NY-10027",36061022200,Manhattan,29.806588743926227,41.68159911137941,43.64826577804608
"210-Lafayette-St,-Apt-4A,-New-York,-NY-10012",36061004500,Manhattan,20.861932744244022,14.942782309280169,20.409448975946837
"4109-Broadway,-Unit-Store,-Queens,-NY-11103",36081015500,Queens,28.486421435050406,38.80308810171707,46.26975476838374
"534-E-14th-St,-Apt-6,-New-York,-NY-10009",36061003400,Manhattan,23.060877547674945,22.37754421434161,27.84421088100828
"200-E-71st-St,-Unit-4GG,-New-York,-NY-10021",36061012602,Manhattan,18.5162551627353,27.76633892206275,33.73300558872942
"636-Saint-Marks-Ave,-Apt-3,-Brooklyn,-NY-11216",36047031701,Brooklyn,47.041454448032674,29.7536534779076,22.220320144574263
"106-E-81st-St,-Unit-6CC,-New-York,-NY-10028",36061014000,Manhattan,25.25396179986728,31.070628466533943,37.03729513320061
"333-E-49th-St,-Unit-8SS,-New-York,-NY-10017",36061009800,Manhattan,16.278705043512257,28.452481178756088,34.41914784542276
"100-Maiden-Ln,-Apt-1007,-New-York,-NY-10038",36061000700,Manhattan,24.696654604438542,7.422094208659433,11.979987937771876
"220-E-63rd-St,-Unit-7V,-New-York,-NY-10065",36061011000,Manhattan,16.851674344160074,26.72690364037409,33.19357030704076
"235-W-48th-St,-Apt-25P,-New-York,-NY-10036",36061012500,Manhattan,12.5378826951576,28.2680005112378,31.82121602849093
"47-33-5th-St,-Unit-3D,-Queens,-NY-11101",36081000701,Queens,19.456389492485425,30.77305615915209,36.73972282581875
"23-E-109th-St,-New-York,-NY-10029",36061017401,Manhattan,31.111836691222116,39.01743719939505,44.39517002455545
"888-8th-Ave,-Unit-6DD,-New-York,-NY-10019",36061013100,Manhattan,13.457404635554404,28.30874838129586,32.740737968887736
"534-E-14th-St,-Apt-15,-New-York,-NY-10009",36061003400,Manhattan,23.040465637607507,22.35713230427417,27.82379897094084
"888-8th-Ave,-Apt-4J,-New-York,-NY-10019",36061013100,Manhattan,13.199063208058131,28.18903891606239,32.482396541391466
"147-W-79th-St,-Unit-15CED,-New-York,-NY-10024",36061016500,Manhattan,20.28958021122912,33.606246877895785,36.57291354456245
"333-E-49th-St,-Apt-8N,-New-York,-NY-10017",36061009800,Manhattan,16.374991218428352,28.492232212161618,34.458898878828286
"1224-Decatur-St,-Apt-2,-Brooklyn,-NY-11207",36047041100,Brooklyn,41.6858563172227,41.00252298388936,33.96918965055604
"133-Conselyea-St,-Apt-3F,-Brooklyn,-NY-11211",36047049700,Brooklyn,27.21201217271648,26.528678839383147,31.995345506049816
"561-4th-Ave,-Apt-3F,-Brooklyn,-NY-11215",36047014102,Brooklyn,41.849676635289306,28.66634330195598,16.13300996862265
"12-Greene-St,-New-York,-NY-10013",36061004700,Manhattan,22.670021100046267,13.78002484396209,19.24669151062876
"950-Nostrand-Ave,-Unit-2R,-Brooklyn,-NY-11225",36047032100,Brooklyn,46.49977347406082,27.316440140727483,19.78310680739415
"1623-3rd-Ave,-Apt-28C,-New-York,-NY-10128",36061015403,Manhattan,24.557115828295,34.89676060105392,40.86342726772059
"72-Willoughby-St,-Apt-4H,-Brooklyn,-NY-11201",36047001100,Brooklyn,29.870123533115443,15.22829271118031,6.6949593778469785
"635-4th-Ave,-Unit-401,-Brooklyn,-NY-11232",36047014300,Brooklyn,43.74558119147795,30.56224785814462,18.028914524811285
"25-E-19th-St,-Apt-5E,-Brooklyn,-NY-11226",36047051002,Brooklyn,39.84311879390796,31.159785460574632,19.626452127241297
"2108-Regent-Pl,-Unit-2N,-Brooklyn,-NY-11226",36047051001,Brooklyn,46.84625368908158,38.16292035574825,26.629587022414917
"2117-W-11th-St,-Unit-2ND,-Brooklyn,-NY-11223",36047040200,Brooklyn,63.29733848887586,47.477250012858185,39.94391667952485
"635-4th-Ave,-Unit-1103,-Brooklyn,-NY-11232",36047014300,Brooklyn,43.74558119147795,30.56224785814462,18.028914524811285
"755-Rogers-Ave,-Apt-2,-Brooklyn,-NY-11226",36047082000,Brooklyn,49.05405431018641,34.114278973212706,26.58094563987937
"24-16-Queens-Plz-S,-Unit-16C,-Queens,-NY-11101",36081001903,Queens,20.15439848127988,31.471065147946547,37.437731814613215
"410-Eastern-Pkwy,-Unit-49,-Brooklyn,-NY-11225",36047032300,Brooklyn,42.895716179576446,23.712382846243116,16.17904951290978
"20-Ave-A,-Apt-2I,-New-York,-NY-10009",36061003002,Manhattan,25.733411091075144,22.05007775774181,22.75286356407668
"1522-Bergen-St,---3,-Brooklyn,-NY-11213",36047030900,Brooklyn,48.37630566594536,32.19297233261203,26.286248800115565
"56-Spring-St,-Apt-2,-New-York,-NY-10012",36061004100,Manhattan,19.850587372056182,13.968762036071876,19.435428702738545
"410-Eastern-Pkwy,-Apt-4H,-Brooklyn,-NY-11225",36047032300,Brooklyn,42.895716179576446,23.712382846243116,16.17904951290978
"885-Main-St,-Unit-507,-New-York,-NY-10044",36061023802,Manhattan,34.12072911526708,48.93739578193375,55.90406244860041
"95-Wall-St,-Apt-1113,-New-York,-NY-10005",36061000700,Manhattan,26.350961028534176,8.611006947621263,13.63429436186751
"350-Greene-Ave,-Apt-5,-Brooklyn,-NY-11216",36047023300,Brooklyn,39.09386147866535,29.39946012527798,23.366126791944644
"555-Ocean-Ave,-Apt-5N,-Brooklyn,-NY-11226",36047051002,Brooklyn,41.238347722073925,32.555014388740595,21.02168105540726
"31-Brooklyn-Ave,-Apt-1D,-Brooklyn,-NY-11216",36047027100,Brooklyn,46.35782237152249,30.174489038189154,21.851433739536
"235-W-63rd-St,-Apt-3E,-New-York,-NY-10023",36061015101,Manhattan,20.064392141927957,36.38105880859462,39.347725475261285
"736-Riverside-Dr,-Apt-1DD,-New-York,-NY-10031",36061023700,Manhattan,36.48619041406466,49.80285708073132,53.76952374739799
"409-Eastern-Pkwy,-Apt-602,-Brooklyn,-NY-11216",36047021900,Brooklyn,42.22888655015959,23.045553216826253,15.51221988349292
"2108-Regent-Pl,-Unit-1E,-Brooklyn,-NY-11226",36047051001,Brooklyn,46.84625368908158,38.16292035574825,26.629587022414917
"95-E-7th-St,-Apt-13,-New-York,-NY-10009",36061003200,Manhattan,27.32808247829486,25.65825374416433,25.72900061306256
"104-18-Northern-Blvd,-Queens,-NY-11368",36081037900,Queens,41.2482317972609,58.56489846392756,64.57073440133361
"70-Pine-St,-Apt-3905,-New-York,-NY-10005",36061000700,Manhattan,23.952909718628707,6.769576385295375,11.236243051962042
"34-N-7th-St,-Apt-2O,-Brooklyn,-NY-11249",36047055500,Brooklyn,31.09589410329709,30.41256076996376,35.87922743663043
"180-Bainbridge-St,-Apt-211,-Brooklyn,-NY-11233",36047029700,Brooklyn,43.22402635992769,27.04069302659435,22.50735969326102
"180-Bainbridge-St,-Apt-305,-Brooklyn,-NY-11233",36047029700,Brooklyn,43.22402635992769,27.04069302659435,22.50735969326102
"20-Ave-A,-New-York,-NY-10009",36061003002,Manhattan,25.733411091075144,22.05007775774181,22.75286356407668
"83-E-7th-St,-Apt-5A,-New-York,-NY-10003",36061003800,Manhattan,26.93818422914261,24.194685594543788,25.63748709971617
"100-John-St,-Apt-3202,-New-York,-NY-10038",36061001502,Manhattan,23.19083854138773,8.397032364575521,13.474171874721064
"49-E-7th-St,-Apt-1,-New-York,-NY-10003",36061003800,Manhattan,24.8354197894163,22.10853656811043,25.59874249443965
"100-John-St,-Apt-1815,-New-York,-NY-10038",36061001502,Manhattan,23.10038172340984,8.449477526891815,13.383715056743174
"90-Washington-St,-Apt-10B,-New-York,-NY-10006",36061001300,Manhattan,24.223098733257363,4.958923192190531,12.425589858857196
"240-E-82nd-St,-Apt-20G,-New-York,-NY-10028",36061013800,Manhattan,22.465081622862087,34.38240963935292,40.34907630601959
"100-John-St,-Apt-1711,-New-York,-NY-10038",36061001502,Manhattan,23.19083854138773,8.397032364575521,13.474171874721064
"100-John-St,-Apt-2203,-New-York,-NY-10038",36061001502,Manhattan,23.10038172340984,8.449477526891815,13.383715056743174
"156-Eighth-Ave,-Unit-4,-New-York,-NY-10011",36061008100,Manhattan,16.539323957455355,18.695023312867523,26.161689979534188
"100-John-St,-Apt-2311,-New-York,-NY-10038",36061001502,Manhattan,23.07965514937488,8.511096531223957,13.362988482708213
"690-Greenwich-St,-Unit-E4,-New-York,-NY-10014",36061007500,Manhattan,21.273099016475957,21.719110607943204,26.68577727460987
"10-W-65th-St,-Apt-4M,-New-York,-NY-10023",36061014900,Manhattan,16.30269870368742,32.51970419351431,35.58603203702076
"100-John-St,-Apt-1910,-New-York,-NY-10038",36061001502,Manhattan,23.10258245730949,8.452030798356336,13.385915790642828
"100-John-St,-Apt-2709,-New-York,-NY-10038",36061001502,Manhattan,23.10038172340984,8.449477526891815,13.383715056743174
"100-John-St,-Apt-1417,-New-York,-NY-10038",36061001502,Manhattan,23.10038172340984,8.449477526891815,13.383715056743174
"184-Lexington-Ave,-Apt-8D,-New-York,-NY-10016",36061007200,Manhattan,18.07241477089802,21.270015795579443,27.736682462246108
"85-South-St,-Unit-27,-New-York,-NY-10038",36061001502,Manhattan,27.507314329958557,11.381705158034682,15.84837182470135
"21-W-86th-St,-Apt-14D,-New-York,-NY-10024",36061017300,Manhattan,19.832879845254357,36.14954651192102,39.116213178587685
"225-E-82nd-St,-Apt-7B,-New-York,-NY-10028",36061013800,Manhattan,22.35733226489517,33.508696067092245,39.47536273375892
"147-W-111th-St,-Apt-1,-New-York,-NY-10026",36061021600,Manhattan,26.961757025318168,38.278423691984834,40.2450903586515
"336-W-46th-St,-Apt-4F,-New-York,-NY-10036",36061012101,Manhattan,14.104423341199311,25.96291641614565,32.452435753534324
"66-10-Thornton-Pl,-Unit-4C,-Queens,-NY-11374",36081071100,Queens,41.47878282443681,55.79544949110348,60.762116157770144
"10-22-47th-Rd,-Unit-1G,-Queens,-NY-11101",36081000702,Queens,19.23985437826396,30.556521044930623,36.523187711597295
"1120-St-Johns-Pl,-Unit-403,-Brooklyn,-NY-11213",36047033900,Brooklyn,46.35421653962526,33.17088320629194,21.637549872958605
"826-9th-Ave,-Apt-2FN,-New-York,-NY-10019",36061013900,Manhattan,17.28194053013851,31.929436218482955,37.60482281977898
"715-E-5th-St,-Apt-1B,-New-York,-NY-10009",36061002601,Manhattan,31.50488599333256,27.821552659999224,29.78963769908231
"826-9th-Ave,-Apt-3RN,-New-York,-NY-10019",36061013900,Manhattan,17.074571448422066,31.79095256255966,37.42329750353112
"485-14th-St,-Unit-1,-Brooklyn,-NY-11215",36047016700,Brooklyn,43.56223438439091,32.87890105105758,23.845567717724247
"932-Columbus-Ave,-Apt-4S,-New-York,-NY-10025",36061018900,Manhattan,27.389560376439825,41.883233872554506,44.84990053922117
"29-16-Newtown-Ave,-Unit-2F,-Queens,-NY-11102",36081007100,Queens,32.10912793949659,41.92579460616325,47.89246127282992
"175-Utica-Ave,-Unit-1,-Brooklyn,-NY-11213",36047034700,Brooklyn,49.79840366636251,30.615070333029173,23.08173699969584
"392-E-4th-St,-Apt-3A,-Brooklyn,-NY-11218",36047048800,Brooklyn,50.24508565329491,39.56175231996157,30.52841898662824
"409-Eastern-Pkwy,-Apt-802,-Brooklyn,-NY-11216",36047021900,Brooklyn,42.22888655015959,23.045553216826253,15.51221988349292
"720-Degraw-St,-Apt-4D,-Brooklyn,-NY-11217",36047013100,Brooklyn,38.34636585546967,25.19879239927705,15.654000995258231
"885-9th-Ave,-Apt-5G,-New-York,-NY-10019",36061013900,Manhattan,16.55284956441484,30.63251610577309,35.83618289774817
"244-W-64th-St,-Apt-4H,-New-York,-NY-10023",36061015101,Manhattan,20.270881201952708,36.587547868619374,39.31216236993098
"715-E-5th-St,-Apt-3A,-New-York,-NY-10009",36061002601,Manhattan,31.50488599333256,27.821552659999224,29.78963769908231
"715-E-5th-St,-Apt-3C,-New-York,-NY-10009",36061002601,Manhattan,31.50488599333256,27.821552659999224,29.78963769908231
"126-Lexington-Ave,-Apt-5F,-New-York,-NY-10016",36061007200,Manhattan,19.77093620557629,19.811039657039046,26.277706323705715
"336-W-46th-St,-Apt-3R,-New-York,-NY-10036",36061012101,Manhattan,14.102887477741518,25.961115000901987,32.45070574817137
"824-9th-Ave,-Unit-6RN,-New-York,-NY-10019",36061013900,Manhattan,17.10584456404282,31.68363685880582,37.347555873919255
"20-Ave-A,-Apt-4F,-New-York,-NY-10009",36061003002,Manhattan,25.733411091075144,22.05007775774181,22.75286356407668
"715-E-5th-St,-Apt-1C,-New-York,-NY-10009",36061002601,Manhattan,31.697922916658868,28.01458958332553,29.976226329526
"826-9th-Ave,-Apt-3RS,-New-York,-NY-10019",36061013900,Manhattan,17.074571448422066,31.79095256255966,37.42329750353112
"826-9th-Ave,-Apt-2RS,-New-York,-NY-10019",36061013900,Manhattan,17.28194053013851,31.929436218482955,37.60482281977898
"826-9th-Ave,-Apt-4RS,-New-York,-NY-10019",36061013900,Manhattan,17.074571448422066,31.79095256255966,37.42329750353112
"534-E-14th-St,-Apt-11,-New-York,-NY-10009",36061003400,Manhattan,23.060877547674945,22.37754421434161,27.84421088100828
"235-W-63rd-St,-Apt-1C,-New-York,-NY-10023",36061015101,Manhattan,20.08263649592865,36.39930316259532,39.36596982926199
"439-W-48th-St,-Apt-1FW,-New-York,-NY-10036",36061012700,Manhattan,20.2801573984528,31.683438072471496,38.558762362116255
"826-9th-Ave,-Apt-4FN,-New-York,-NY-10019",36061013900,Manhattan,17.074571448422066,31.79095256255966,37.42329750353112
"235-W-18th-St,-Unit-1WR,-New-York,-NY-10011",36061008700,Manhattan,15.014463550434046,19.956572167745957,25.29779688376738
"1626-Second-Ave,-Unit-1S,-New-York,-NY-10028",36061014601,Manhattan,19.368903644697955,33.63853509877333,39.60520176544
"402-Ocean-Pkwy,-Apt-301,-Brooklyn,-NY-11218",36047048800,Brooklyn,53.46800950751433,44.208748135371856,36.39206776322842
"20-Ave-A,-Apt-2E,-New-York,-NY-10009",36061003002,Manhattan,25.733411091075144,22.05007775774181,22.75286356407668
"715-E-5th-St,-Apt-3B,-New-York,-NY-10009",36061002601,Manhattan,31.697922916658868,28.01458958332553,29.976226329526
"72-Willoughby-St,-Apt-4G,-Brooklyn,-NY-11201",36047001100,Brooklyn,29.683905683951323,15.212607482249505,6.679274148916169
"885-9th-Ave,-Apt-4F,-New-York,-NY-10019",36061013900,Manhattan,16.55284956441484,30.63251610577309,35.83618289774817
"609-W-151st-St,-Apt-22,-New-York,-NY-10031",36061023700,Manhattan,36.27515418387114,49.59182085053781,54.14582436690516
"826-9th-Ave,-Apt-5RN,-New-York,-NY-10019",36061013900,Manhattan,17.074571448422066,31.79095256255966,37.42329750353112
"824-9th-Ave,-Unit-5RS,-New-York,-NY-10019",36061013900,Manhattan,17.303633316216438,31.8108091447857,37.51681308420766
"1120-St-Johns-Pl,-Unit-608,-Brooklyn,-NY-11213",36047033900,Brooklyn,46.35421653962526,33.17088320629194,21.637549872958605
"1120-St-Johns-Pl,-Unit-607,-Brooklyn,-NY-11213",36047033900,Brooklyn,46.35421653962526,33.17088320629194,21.637549872958605
"2539-Hubbard-St,-Unit-1,-Brooklyn,-NY-11235",36047037000,Brooklyn,62.1974793604076,54.01414602707427,40.48081269374094
"28-18-Steinway-St,-Unit-203,-Queens,-NY-11103",36081006502,Queens,38.63001947535156,48.44668614201823,54.41335280868489
"63-52-Woodhaven-Blvd,-Unit-2F,-Queens,-NY-11374",36081067900,Queens,45.86753534769253,60.1842020143592,67.65086868102587
"10-17-Jackson-Ave,-Unit-2C,-Queens,-NY-11101",36081000701,Queens,15.33447731532539,26.651143981992057,32.617810648658725
"30-46-30th-St,-Unit-1C,-Queens,-NY-11102",36081007300,Queens,31.111516040706697,40.92818270737336,46.89484937404003
"30-46-30th-St,-Unit-1B,-Queens,-NY-11102",36081007300,Queens,31.111516040706697,40.92818270737336,46.89484937404003
"11-39-49th-Ave,-Unit-510,-Queens,-NY-11101",36081000701,Queens,17.290849784521317,28.607516451187983,34.57418311785465
"11-39-49th-Ave,-Unit-1101,-Queens,-NY-11101",36081000701,Queens,17.41536535427277,28.732032020939435,34.698698687606104
"11-39-49th-Ave,-Unit-1105,-Queens,-NY-11101",36081000701,Queens,17.290849784521317,28.607516451187983,34.57418311785465
"11-39-49th-Ave,-Unit-1104,-Queens,-NY-11101",36081000701,Queens,17.41536535427277,28.732032020939435,34.698698687606104
"11-39-49th-Ave,-Unit-1003,-Queens,-NY-11101",36081000701,Queens,17.290849784521317,28.607516451187983,34.57418311785465
"11-39-49th-Ave,-Unit-1107,-Queens,-NY-11101",36081000701,Queens,17.290849784521317,28.607516451187983,34.57418311785465
"11-39-49th-Ave,-Unit-317,-Queens,-NY-11101",36081000701,Queens,17.290849784521317,28.607516451187983,34.57418311785465
"123-Linden-Blvd,-Unit-Y15,-Brooklyn,-NY-11226",36047082200,Brooklyn,46.76426755631756,36.16921173360251,28.635878400269178
"123-Linden-Blvd,-Apt-14S,-Brooklyn,-NY-11226",36047082200,Brooklyn,46.76426755631756,36.16921173360251,28.635878400269178
"1030-Carroll-St,-Apt-6C,-Brooklyn,-NY-11225",36047032500,Brooklyn,44.1349951127016,24.95166177936826,17.418328446034927
"158-E-100th-St,-Apt-2R,-New-York,-NY-10029",36061016600,Manhattan,25.85394747678712,35.151725227541576,41.11839189420824
"409-Eastern-Pkwy,-Apt-328,-Brooklyn,-NY-11216",36047021900,Brooklyn,42.22888655015959,23.045553216826253,15.51221988349292
"1030-Carroll-St,-Apt-1H,-Brooklyn,-NY-11225",36047032500,Brooklyn,44.1349951127016,24.95166177936826,17.418328446034927
"10-17-Jackson-Ave,-Unit-4D,-Queens,-NY-11101",36081000701,Queens,15.33447731532539,26.651143981992057,32.617810648658725
"10-22-47th-Rd,-Unit-2G,-Queens,-NY-11101",36081000702,Queens,19.23985437826396,30.556521044930623,36.523187711597295
"10-17-Jackson-Ave,-Unit-5E,-Queens,-NY-11101",36081000701,Queens,15.33447731532539,26.651143981992057,32.617810648658725
"3-Court-Sq,-Apt-911,-Queens,-NY-11101",36081001903,Queens,14.574129248738991,30.293565895822866,36.26023256248953
"11-39-49th-Ave,-Unit-970,-Queens,-NY-11101",36081000701,Queens,17.290849784521317,28.607516451187983,34.57418311785465
"11-39-49th-Ave,-Unit-980,-Queens,-NY-11101",36081000701,Queens,17.290849784521317,28.607516451187983,34.57418311785465
"4705-Center-Blvd,-Apt-1808,-Queens,-NY-11109",36081000102,Queens,21.084989616272512,32.40165628293918,38.36832294960585
"11-39-49th-Ave,-Unit-1204,-Queens,-NY-11101",36081000701,Queens,17.41536535427277,28.732032020939435,34.698698687606104
"11-39-49th-Ave,-Unit-1110,-Queens,-NY-11101",36081000701,Queens,17.41536535427277,28.732032020939435,34.698698687606104
"1712-President-St,-Unit-2,-Brooklyn,-NY-11213",36047034902,Brooklyn,47.28115091719906,28.09781758386573,20.5644842505324
"397-Clermont-Ave,-Brooklyn,-NY-11238",36047019900,Brooklyn,39.416015974896304,24.79934930822964,17.009080348085835
"101-Wyckoff-Ave-Ph-E,-Brooklyn,-NY-11237",36047044500,Brooklyn,34.81051099128635,34.12717765795301,38.09384432461968
"11-39-49th-Ave,-Queens,-NY-11101",36081000701,Queens,17.290849784521317,28.607516451187983,34.57418311785465
"11-39-49th-Ave,-Unit-713,-Queens,-NY-11101",36081000701,Queens,17.41536535427277,28.732032020939435,34.698698687606104
"50-West-St,-Apt-52D,-New-York,-NY-10006",36061001300,Manhattan,24.16830672745413,5.071566897867217,12.207934593984753
"428-W-46th-St,-Unit-3,-New-York,-NY-10036",36061012102,Manhattan,18.33990889376743,29.135698331775167,36.24684832637019
"36-W-126th-St,-Apt-1,-New-York,-NY-10027",36061020000,Manhattan,29.02159973064756,40.33826639731422,42.30493306398089
"400-E-66th-St,-New-York,-NY-10065",36061011600,Manhattan,23.37403322386683,33.74940239308594,40.216069059752606
"475-E-8th-St,-Apt-7B,-Brooklyn,-NY-11218",36047049200,Brooklyn,49.53281805791557,40.84948472458223,31.660135500405985
"1635-Lexington-Ave,-Apt-6D,-New-York,-NY-10029",36061016600,Manhattan,26.36456657934268,32.18123324600935,38.14789991267602
"333-W-19th-St,-Apt-1E,-New-York,-NY-10011",36061008900,Manhattan,18.93179707344832,21.11151202984929,28.578178696515963
"58-W-129th-St,-Unit-A2,-New-York,-NY-10027",36061020800,Manhattan,30.95683508786273,42.2735017545294,44.24016842119606
"2810-Jackson-Ave,-Apt-27N,-Queens,-NY-11101",36081001902,Queens,16.84095303486993,31.6576197015366,38.12428636820327
"44-41-Purves-St,-Unit-1402,-Queens,-NY-11101",36081001902,Queens,19.90313774907691,34.79068515808526,38.18647108241024
"42-20-27th-St,-Unit-818,-Queens,-NY-11101",36081001902,Queens,18.929977600339225,31.63783512790561,37.60450179457228
"42-20-27th-St,-Unit-813,-Queens,-NY-11101",36081001902,Queens,18.929977600339225,31.63783512790561,37.60450179457228
"42-20-27th-St,-Unit-1602,-Queens,-NY-11101",36081001902,Queens,18.929977600339225,31.63783512790561,37.60450179457228
"42-20-27th-St,-Unit-810,-Queens,-NY-11101",36081001902,Queens,18.929977600339225,31.63783512790561,37.60450179457228
"42-20-27th-St,-Unit-1304,-Queens,-NY-11101",36081001902,Queens,18.929977600339225,31.63783512790561,37.60450179457228
"10-Montieth-St,-Apt-441,-Brooklyn,-NY-11206",36047039100,Brooklyn,36.61788630837648,32.60649669534466,37.57316336201133
"130-E-63rd-St,-Apt-10F,-New-York,-NY-10065",36061011402,Manhattan,13.838239004934334,24.900753353434396,31.36742002010106
"10-Montieth-St,-Apt-510,-Brooklyn,-NY-11206",36047039100,Brooklyn,36.61788630837648,32.60649669534466,37.57316336201133
"10-Montieth-St,-Apt-262,-Brooklyn,-NY-11206",36047039100,Brooklyn,36.61788630837648,32.60649669534466,37.57316336201133
"10-Montieth-St,-Apt-255,-Brooklyn,-NY-11206",36047039100,Brooklyn,36.61788630837648,32.60649669534466,37.57316336201133
"10-Montieth-St,-Apt-145,-Brooklyn,-NY-11206",36047039100,Brooklyn,36.61788630837648,32.60649669534466,37.57316336201133
"10-Montieth-St,-Apt-144,-Brooklyn,-NY-11206",36047039100,Brooklyn,36.61788630837648,32.60649669534466,37.57316336201133
"10-Montieth-St,-Apt-182,-Brooklyn,-NY-11206",36047039100,Brooklyn,36.61788630837648,32.60649669534466,37.57316336201133
"10-Montieth-St,-Apt-347,-Brooklyn,-NY-11206",36047039100,Brooklyn,36.61788630837648,32.60649669534466,37.57316336201133
"10-Montieth-St,-Unit-M381,-Brooklyn,-NY-11206",36047039100,Brooklyn,36.61788630837648,32.60649669534466,37.57316336201133
"10-Montieth-St,-Apt-326,-Brooklyn,-NY-11206",36047039100,Brooklyn,36.61788630837648,32.60649669534466,37.57316336201133
"10-Montieth-St,-Apt-360,-Brooklyn,-NY-11206",36047039100,Brooklyn,36.61788630837648,32.60649669534466,37.57316336201133
"10-Montieth-St,-Unit-M310,-Brooklyn,-NY-11206",36047039100,Brooklyn,36.61788630837648,32.60649669534466,37.57316336201133
"10-Montieth-St,-Apt-344,-Brooklyn,-NY-11206",36047039100,Brooklyn,36.61788630837648,32.60649669534466,37.57316336201133
"10-Montieth-St,-Unit-MC310,-Brooklyn,-NY-11206",36047039100,Brooklyn,36.61788630837648,32.60649669534466,37.57316336201133
"10-Montieth-St,-Unit-C310,-Brooklyn,-NY-11206",36047039100,Brooklyn,36.61788630837648,32.60649669534466,37.57316336201133
"10-Montieth-St,-Apt-343,-Brooklyn,-NY-11206",36047039100,Brooklyn,36.61788630837648,32.60649669534466,37.57316336201133
"10-Montieth-St,-Apt-241,-Brooklyn,-NY-11206",36047039100,Brooklyn,36.61788630837648,32.60649669534466,37.57316336201133
"10-Montieth-St,-Unit-M371,-Brooklyn,-NY-11206",36047039100,Brooklyn,36.61788630837648,32.60649669534466,37.57316336201133
"10-Montieth-St,-Apt-371,-Brooklyn,-NY-11206",36047039100,Brooklyn,36.61788630837648,32.60649669534466,37.57316336201133
"10-Montieth-St,-Apt-310,-Brooklyn,-NY-11206",36047039100,Brooklyn,36.61788630837648,32.60649669534466,37.57316336201133
"10-Montieth-St,-Apt-381,-Brooklyn,-NY-11206",36047039100,Brooklyn,36.61788630837648,32.60649669534466,37.57316336201133
"23-15-30th-Ave,-Unit-A08,-Queens,-NY-11102",36081007100,Queens,35.749397598230715,45.56606426489738,51.532730931564046
"158-E-100th-St,-Apt-3RR,-New-York,-NY-10029",36061016600,Manhattan,25.85394747678712,35.151725227541576,41.11839189420824
